AAA,AAC,AAG,AAT,ACA,ACC,ACG,ACT,AGA,AGC,AGG,AGT,ATA,ATC,ATG,ATT,CAA,CAC,CAG,CAT,CCA,CCC,CCG,CCT,CGA,CGC,CGG,CGT,CTA,CTC,CTG,CTT,GAA,GAC,GAG,GAT,GCA,GCC,GCG,GCT,GGA,GGC,GGG,GGT,GTA,GTC,GTG,GTT,TAA,TAC,TAG,TAT,TCA,TCC,TCG,TCT,TGA,TGC,TGG,TGT,TTA,TTC,TTG,TTT,ID
0.0,0.0,0.0,0.0006049606775559589,0.0,0.0,0.0,0.0,0.00030248033877797946,0.0,0.0006049606775559589,0.00030248033877797946,0.00030248033877797946,0.0,0.0,0.0,0.00030248033877797946,0.0,0.0,0.0,0.00030248033877797946,0.0,0.0006049606775559589,0.0,0.0,0.00030248033877797946,0.0,0.00030248033877797946,0.0,0.0,0.0,0.00030248033877797946,0.00030248033877797946,0.0,0.00030248033877797946,0.00030248033877797946,0.0,0.0,0.0,0.0,0.0,0.00030248033877797946,0.0,0.0,0.00030248033877797946,0.0,0.0,0.0006049606775559589,0.43768905021173626,0.00030248033877797946,0.3599516031457955,0.00030248033877797946,0.00030248033877797946,0.0,0.0,0.0,0.19479733817301875,0.0,0.0,0.0,0.0,0.00030248033877797946,0.0,0.0,NC_000911.1
0.00018867924528301886,0.00018867924528301886,0.00018867924528301886,0.0,0.0,0.0,0.0,0.0003773584905660377,0.00018867924528301886,0.0,0.0,0.00018867924528301886,0.00018867924528301886,0.0,0.00018867924528301886,0.0,0.00018867924528301886,0.0,0.0013207547169811322,0.00018867924528301886,0.0,0.00018867924528301886,0.00018867924528301886,0.00018867924528301886,0.00018867924528301886,0.0,0.0,0.0,0.00018867924528301886,0.00018867924528301886,0.0013207547169811322,0.0003773584905660377,0.0,0.0,0.0003773584905660377,0.0,0.0,0.00018867924528301886,0.0,0.00018867924528301886,0.0,0.00018867924528301886,0.0,0.00018867924528301886,0.0,0.00018867924528301886,0.0,0.0003773584905660377,0.5045283018867924,0.0,0.2828301886792453,0.0,0.0003773584905660377,0.0,0.00018867924528301886,0.0,0.2030188679245283,0.0,0.00018867924528301886,0.0,0.0007547169811320754,0.0,0.0,0.00018867924528301886,NC_003272.1
0.0,0.0,0.0004012841091492777,0.0,0.0,0.0,0.0,0.0,0.0,0.0,0.0,0.0,0.0,0.0,0.0,0.0004012841091492777,0.0,0.0,0.0016051364365971107,0.0,0.0,0.0,0.0,0.0,0.0,0.0,0.0,0.0,0.0004012841091492777,0.0,0.0,0.0004012841091492777,0.0004012841091492777,0.001203852327447833,0.0,0.0004012841091492777,0.0,0.0,0.0004012841091492777,0.0028089887640449437,0.0,0.0,0.0,0.0,0.0,0.0,0.0,0.0,0.32865168539325845,0.0,0.44301765650080255,0.0,0.0,0.0,0.0,0.0,0.21869983948635635,0.0004012841091492777,0.0004012841091492777,0.0,0.0004012841091492777,0.0,0.0,0.0,NC_004113.1
0.0,0.0,0.0,0.0,0.0,0.0,0.0,0.0,0.0,0.0,0.0,0.0,0.0005370569280343716,0.0,0.0,0.0,0.0005370569280343716,0.0,0.0,0.0,0.0,0.0,0.0,0.0,0.0005370569280343716,0.0,0.0,0.0,0.0,0.0,0.0,0.0010741138560687433,0.0,0.0005370569280343716,0.0,0.0,0.0,0.0,0.0,0.0,0.0,0.0,0.0,0.0,0.0,0.0,0.0,0.0005370569280343716,0.5778732545649838,0.0,0.18152524167561762,0.0,0.0,0.0,0.0,0.0,0.23684210526315788,0.0,0.0,0.0,0.0,0.0,0.0,0.0,NC_005042.1
0.0,0.0,0.0,0.0,0.0,0.0,0.0,0.0,0.0,0.0,0.0,0.0003762227238525207,0.0,0.0,0.0,0.0,0.0,0.0,0.0003762227238525207,0.0,0.0,0.0,0.0,0.0,0.0,0.0,0.0,0.0,0.0,0.0,0.0,0.0003762227238525207,0.0,0.0,0.0007524454477050414,0.0,0.0,0.0,0.0,0.0,0.0,0.0003762227238525207,0.0,0.0,0.0,0.0003762227238525207,0.0,0.0,0.127163280662152,0.0,0.0797592174567344,0.0,0.0,0.0,0.0,0.0,0.790443942814146,0.0,0.0,0.0,0.0,0.0,0.0,0.0,NC_005070.1
0.0,0.0008281573498964803,0.0008281573498964803,0.0,0.0,0.0,0.0,0.00041407867494824016,0.0,0.0008281573498964803,0.0,0.0,0.0,0.0,0.00041407867494824016,0.0,0.0,0.0,0.0008281573498964803,0.00041407867494824016,0.00041407867494824016,0.0,0.0,0.0,0.0,0.0,0.00041407867494824016,0.0,0.0,0.0,0.0008281573498964803,0.0008281573498964803,0.0,0.0,0.0,0.0008281573498964803,0.00041407867494824016,0.0008281573498964803,0.0,0.00041407867494824016,0.0,0.00041407867494824016,0.0,0.0,0.0,0.0,0.0,0.00041407867494824016,0.3031055900621118,0.0,0.12836438923395446,0.00041407867494824016,0.0,0.00041407867494824016,0.0,0.00041407867494824016,0.556935817805383,0.0,0.0,0.0,0.0,0.0,0.0,0.0,NC_005071.1
0.0,0.0,0.0,0.0,0.0,0.0,0.0,0.0,0.0,0.0,0.0,0.0,0.0,0.0,0.0,0.0,0.0,0.0,0.0,0.0,0.0,0.0,0.0,0.0,0.0,0.0,0.0,0.0,0.0,0.0,0.0,0.0005313496280552603,0.0,0.0,0.0,0.0,0.0,0.0,0.0,0.0,0.0,0.0,0.0,0.0,0.0,0.0,0.0,0.0,0.7114771519659936,0.0,0.14399574920297556,0.0,0.0,0.0,0.0,0.0,0.14399574920297556,0.0,0.0,0.0,0.0,0.0,0.0,0.0,NC_005072.1
0.0,0.0,0.0,0.0,0.0,0.0,0.0,0.00022109219544550078,0.0,0.0,0.0,0.0,0.0,0.00022109219544550078,0.0,0.0,0.0,0.0,0.0,0.0,0.0,0.00022109219544550078,0.0,0.0,0.0006632765863365023,0.00022109219544550078,0.0,0.0,0.00022109219544550078,0.0,0.00022109219544550078,0.0,0.0,0.0,0.0,0.0,0.0,0.00022109219544550078,0.0,0.0,0.0,0.00022109219544550078,0.0,0.0,0.0,0.00022109219544550078,0.00022109219544550078,0.0,0.2518240106124254,0.0,0.3022330311739996,0.0,0.0,0.0,0.0,0.0,0.44262657528189253,0.00022109219544550078,0.0,0.0,0.0,0.00022109219544550078,0.0,0.0,NC_005125.1
0.0,0.0,0.0,0.0,0.0,0.0,0.0,0.0,0.0,0.0,0.0,0.0,0.0,0.0,0.0,0.0,0.0,0.0,0.0,0.0,0.0,0.0003763643206624012,0.0,0.0,0.0,0.0,0.0,0.0003763643206624012,0.0,0.0,0.0003763643206624012,0.0003763643206624012,0.0,0.0,0.0,0.0,0.0,0.0,0.0,0.0003763643206624012,0.0,0.0,0.0,0.0,0.0003763643206624012,0.0,0.0,0.0,0.32781332329695145,0.0,0.39104252916823484,0.0,0.0,0.0,0.0,0.0,0.2788859616108393,0.0,0.0,0.0,0.0,0.0,0.0,0.0,NC_006576.1
0.0,0.0,0.0,0.0,0.0,0.0,0.0,0.0,0.0,0.0,0.0,0.0,0.0,0.0,0.0,0.0,0.0,0.0,0.0,0.0,0.0,0.0,0.0,0.0,0.0,0.0,0.0,0.0,0.0,0.0,0.0,0.00048590864917395527,0.0,0.0,0.0,0.0,0.0,0.0,0.0,0.0,0.0,0.0,0.0,0.0,0.0,0.0,0.0,0.0,0.6054421768707483,0.0,0.1793002915451895,0.0,0.0,0.0,0.0,0.0,0.21477162293488825,0.0,0.0,0.0,0.0,0.0,0.0,0.0,NC_007335.2
0.0,0.0,0.0,0.0001918281220026856,0.0,0.0011509687320161136,0.0,0.0001918281220026856,0.0001918281220026856,0.0001918281220026856,0.0001918281220026856,0.0001918281220026856,0.0001918281220026856,0.0001918281220026856,0.0,0.0003836562440053712,0.0,0.0,0.0,0.0,0.0,0.0,0.0,0.0,0.0001918281220026856,0.0,0.0,0.0,0.0001918281220026856,0.0,0.0001918281220026856,0.0007673124880107424,0.0003836562440053712,0.0003836562440053712,0.0003836562440053712,0.0,0.0,0.0,0.0,0.0,0.0,0.0,0.0,0.0,0.0003836562440053712,0.0001918281220026856,0.0,0.0,0.5098791482831383,0.0001918281220026856,0.29119508920007675,0.0,0.0,0.0,0.0,0.0001918281220026856,0.19221177824669097,0.0,0.0,0.0,0.0,0.0001918281220026856,0.0,0.0,NC_007413.1
0.0,0.0,0.0,0.0,0.0,0.0,0.0,0.0,0.0,0.0004182350480970305,0.0,0.0,0.0,0.0,0.0,0.0,0.0004182350480970305,0.0,0.0,0.0,0.0,0.0,0.0,0.0,0.0,0.0,0.0,0.0,0.0,0.0,0.0,0.0004182350480970305,0.0,0.0,0.0,0.0,0.0,0.0004182350480970305,0.0,0.0,0.0,0.0,0.0,0.0,0.0,0.0,0.0,0.0,0.2969468841488917,0.0,0.12296110414052698,0.0,0.0,0.0,0.0,0.0,0.5784190715181933,0.0,0.0,0.0,0.0,0.0,0.0,0.0,NC_007513.1
0.0,0.0,0.0,0.0,0.0,0.0,0.0,0.0,0.0,0.0003590664272890485,0.0,0.0,0.0,0.0,0.0,0.0,0.0003590664272890485,0.0,0.0,0.0,0.0,0.0,0.0,0.0,0.0,0.0,0.0,0.0,0.0,0.0,0.0003590664272890485,0.000718132854578097,0.0,0.0,0.0,0.0,0.0,0.0003590664272890485,0.0,0.0,0.0,0.0,0.0,0.0,0.0,0.0003590664272890485,0.0,0.0,0.15296229802513464,0.0,0.09192100538599642,0.0,0.0,0.0,0.0,0.0,0.7522441651705566,0.0,0.0,0.0,0.0,0.0003590664272890485,0.0,0.0,NC_007516.1
0.0,0.0,0.0,0.0,0.0,0.0,0.0,0.0,0.0,0.0,0.0,0.0005319148936170213,0.0,0.0,0.0,0.0,0.0,0.0,0.0,0.0,0.0,0.0,0.0,0.0,0.0,0.0,0.0,0.0,0.0,0.0,0.0,0.0005319148936170213,0.0,0.0,0.0,0.0,0.0,0.0,0.0,0.0,0.0005319148936170213,0.0,0.0,0.0,0.0,0.0,0.0,0.0,0.6925531914893617,0.0,0.15585106382978722,0.0,0.0,0.0,0.0,0.0,0.15,0.0,0.0,0.0,0.0,0.0,0.0,0.0,NC_007577.1
0.0,0.0,0.0,0.0,0.0,0.0,0.0,0.0,0.0,0.0,0.0,0.0,0.0,0.0,0.0,0.0,0.0,0.0,0.0,0.0,0.0,0.0003762227238525207,0.0,0.0,0.0,0.0,0.0,0.0003762227238525207,0.0,0.0,0.0,0.0003762227238525207,0.0,0.0,0.0,0.0,0.0,0.0,0.0,0.0,0.0,0.0,0.0,0.0,0.0,0.0,0.0,0.0,0.3295711060948081,0.0,0.3939051918735892,0.0,0.0,0.0,0.0,0.0,0.27539503386004516,0.0,0.0,0.0,0.0,0.0,0.0,0.0,NC_007604.1
0.0007222824124232575,0.0,0.0007222824124232575,0.0,0.00036114120621162876,0.0,0.0,0.0,0.0,0.0,0.0,0.00036114120621162876,0.0007222824124232575,0.00036114120621162876,0.0,0.0,0.0,0.0,0.0007222824124232575,0.00036114120621162876,0.0,0.0007222824124232575,0.0,0.0,0.0,0.0,0.0,0.0,0.005055976886962802,0.00288912964969303,0.00036114120621162876,0.0010834236186348862,0.0,0.0,0.0,0.0,0.0,0.0007222824124232575,0.00036114120621162876,0.00036114120621162876,0.0,0.00036114120621162876,0.0,0.0,0.00036114120621162876,0.0,0.0007222824124232575,0.0,0.20946189960274467,0.0,0.4261466233297219,0.0,0.0,0.0,0.00036114120621162876,0.0,0.3452509931383171,0.0,0.00036114120621162876,0.00036114120621162876,0.0,0.00036114120621162876,0.0,0.00036114120621162876,NC_007775.1
0.0,0.0,0.0,0.0,0.0,0.00036231884057971015,0.0,0.0,0.0,0.0,0.0,0.0,0.0,0.0,0.00036231884057971015,0.0,0.0,0.0,0.0,0.0,0.0,0.0,0.0,0.0,0.0,0.0,0.0,0.00036231884057971015,0.0,0.00036231884057971015,0.0,0.0007246376811594203,0.006521739130434782,0.00036231884057971015,0.0,0.0007246376811594203,0.00036231884057971015,0.0,0.0,0.0,0.0007246376811594203,0.0,0.0,0.0,0.0,0.0,0.00036231884057971015,0.0,0.2,0.0,0.4115942028985507,0.00036231884057971015,0.0,0.0,0.0,0.0,0.3760869565217391,0.0,0.0,0.0,0.0,0.00036231884057971015,0.00036231884057971015,0.0,NC_007776.1
0.0007342143906020558,0.0,0.0003671071953010279,0.0,0.0,0.0,0.0,0.0,0.0,0.0,0.0,0.0007342143906020558,0.0,0.0003671071953010279,0.0,0.0,0.0,0.0,0.0,0.0,0.0,0.0,0.0,0.0,0.0003671071953010279,0.0,0.0,0.0,0.0,0.0003671071953010279,0.0,0.0003671071953010279,0.0003671071953010279,0.0,0.0,0.0003671071953010279,0.0,0.0003671071953010279,0.0003671071953010279,0.0003671071953010279,0.0,0.0003671071953010279,0.0,0.0003671071953010279,0.0,0.0,0.0,0.0,0.3002936857562408,0.0,0.11086637298091043,0.0,0.0,0.0,0.0,0.0003671071953010279,0.5818649045521292,0.0003671071953010279,0.0,0.0,0.0003671071953010279,0.0,0.0,0.0,NC_008319.1
0.0,0.0,0.0,0.0,0.0,0.0,0.0,0.0,0.0,0.0,0.0,0.0,0.0,0.0,0.0,0.0,0.0,0.0,0.0,0.0,0.0,0.0,0.0,0.0,0.0,0.0,0.0,0.0,0.0,0.0,0.0,0.0005393743257820927,0.0,0.0,0.0,0.0,0.0,0.0,0.0,0.0,0.0,0.0,0.0,0.0,0.0,0.0,0.0,0.0,0.6909385113268608,0.0,0.14670981661272922,0.0,0.0,0.0,0.0,0.0,0.16181229773462782,0.0,0.0,0.0,0.0,0.0,0.0,0.0,NC_008816.1
0.0,0.0,0.0,0.0,0.0,0.0,0.0,0.0,0.0,0.0,0.0,0.0,0.0,0.0,0.0,0.0,0.0,0.0,0.0,0.0,0.0,0.0,0.0,0.0,0.0,0.0,0.0,0.0,0.0,0.0,0.0,0.0005313496280552603,0.0,0.0,0.0,0.0,0.0,0.0,0.0,0.0,0.0,0.0,0.0,0.0,0.0,0.0,0.0,0.0,0.691817215727949,0.0,0.14718384697130713,0.0,0.0,0.0,0.0,0.0,0.16046758767268862,0.0,0.0,0.0,0.0,0.0,0.0,0.0,NC_008817.1
0.0,0.0,0.0,0.0,0.0,0.0,0.0,0.0,0.0,0.0,0.0,0.0,0.0,0.0,0.0,0.0,0.0,0.0,0.0,0.0,0.0,0.0,0.0,0.0,0.0,0.0,0.0,0.0,0.0,0.0,0.0,0.0004786979415988511,0.0,0.0,0.0,0.0,0.0,0.0,0.0,0.0,0.0,0.0,0.0,0.0,0.0,0.0,0.0,0.0,0.6084250837721398,0.0,0.18046912398276688,0.0,0.0,0.0,0.0,0.0,0.2106270943034945,0.0,0.0,0.0,0.0,0.0,0.0,0.0,NC_008819.1
0.0,0.00038066235249333843,0.0,0.0,0.0,0.00038066235249333843,0.0,0.00038066235249333843,0.0,0.0007613247049866769,0.0,0.0,0.00038066235249333843,0.0,0.0,0.0,0.00038066235249333843,0.0,0.0,0.0,0.0,0.0,0.0,0.0,0.0,0.0011419870574800152,0.0,0.0,0.0,0.0,0.00038066235249333843,0.00038066235249333843,0.00038066235249333843,0.0,0.0,0.00038066235249333843,0.0,0.0,0.0,0.00038066235249333843,0.0,0.0,0.00038066235249333843,0.0,0.00038066235249333843,0.0,0.00038066235249333843,0.0,0.30567186905215077,0.0,0.13818043395508184,0.0,0.0,0.00038066235249333843,0.0,0.00038066235249333843,0.547773125237914,0.0,0.00038066235249333843,0.0,0.0,0.0,0.0,0.00038066235249333843,NC_008820.1
0.0,0.0,0.0,0.0,0.0,0.0,0.0,0.0,0.0,0.0,0.0,0.0,0.0,0.0,0.0,0.0,0.0,0.0,0.0,0.0,0.0,0.0,0.0,0.0,0.0,0.0,0.0,0.0,0.0,0.0,0.0,0.0005390835579514825,0.0,0.0,0.0,0.0005390835579514825,0.0,0.0,0.0,0.0,0.0,0.0,0.0,0.0,0.0,0.0,0.0,0.0,0.6867924528301886,0.0,0.15309973045822103,0.0,0.0,0.0,0.0,0.0,0.15902964959568733,0.0,0.0,0.0,0.0,0.0,0.0,0.0,NC_009091.1
0.0,0.0,0.0,0.0,0.0,0.0,0.0,0.0,0.0,0.0,0.0,0.0,0.0,0.0,0.0,0.0,0.0,0.0,0.0,0.0,0.0,0.0,0.0,0.0,0.0,0.0,0.0,0.0,0.0,0.0,0.0,0.0010314595152140279,0.0,0.0,0.0,0.0,0.0,0.0,0.0,0.0,0.0,0.0,0.0,0.0,0.0,0.0,0.0,0.0,0.6854048478597216,0.0,0.15626611655492523,0.0,0.0,0.0,0.0,0.0,0.15729757607013925,0.0,0.0,0.0,0.0,0.0,0.0,0.0,NC_009840.1
0.0010335917312661498,0.0,0.0005167958656330749,0.0,0.0001722652885443583,0.0,0.0,0.0005167958656330749,0.0001722652885443583,0.0001722652885443583,0.0,0.0,0.0,0.0001722652885443583,0.0,0.0001722652885443583,0.0013781223083548665,0.0001722652885443583,0.0,0.0001722652885443583,0.0,0.0,0.0,0.0,0.0036175710594315244,0.0,0.0,0.0,0.0,0.0010335917312661498,0.0,0.0006890611541774332,0.0003445305770887166,0.0,0.0001722652885443583,0.0003445305770887166,0.0001722652885443583,0.0,0.0,0.0003445305770887166,0.0,0.0001722652885443583,0.0,0.0001722652885443583,0.0001722652885443583,0.0017226528854435831,0.0003445305770887166,0.0008613264427217916,0.47217915590008613,0.0,0.3085271317829457,0.0013781223083548665,0.0,0.0001722652885443583,0.0020671834625322996,0.0,0.19896640826873385,0.0,0.0003445305770887166,0.0001722652885443583,0.0005167958656330749,0.0001722652885443583,0.0003445305770887166,0.0003445305770887166,NC_009925.1
0.000554016620498615,0.0,0.0,0.0,0.0,0.0,0.0,0.0,0.0,0.0,0.0,0.0,0.000554016620498615,0.0,0.000554016620498615,0.0,0.000554016620498615,0.0,0.0,0.0,0.0,0.0,0.0,0.0,0.0,0.0,0.0,0.0,0.0,0.0,0.0,0.000554016620498615,0.000554016620498615,0.0,0.0,0.0,0.0,0.0,0.0,0.0,0.0,0.0,0.0,0.0,0.0,0.0,0.0,0.0,0.5662049861495845,0.0,0.20221606648199447,0.0,0.0,0.0,0.0,0.0,0.22770083102493074,0.0,0.0,0.0,0.0,0.0,0.0,0.000554016620498615,NC_009976.1
0.00157013258897418,0.00052337752965806,0.0008722958827634334,0.0019190509420795533,0.00052337752965806,0.0006978367062107466,0.0003489183531053733,0.0,0.00017445917655268666,0.0003489183531053733,0.0003489183531053733,0.0013956734124214933,0.00052337752965806,0.00017445917655268666,0.0003489183531053733,0.0006978367062107466,0.0003489183531053733,0.00017445917655268666,0.0,0.00052337752965806,0.00017445917655268666,0.0,0.0,0.0003489183531053733,0.0003489183531053733,0.0,0.00017445917655268666,0.00052337752965806,0.0006978367062107466,0.00157013258897418,0.0003489183531053733,0.0003489183531053733,0.0008722958827634334,0.0,0.0006978367062107466,0.0006978367062107466,0.0013956734124214933,0.0006978367062107466,0.0,0.0008722958827634334,0.0006978367062107466,0.00017445917655268666,0.0006978367062107466,0.0003489183531053733,0.00157013258897418,0.0003489183531053733,0.00017445917655268666,0.00104675505931612,0.5068039078855547,0.0003489183531053733,0.2447662247034194,0.00157013258897418,0.0017445917655268667,0.00017445917655268666,0.0,0.0006978367062107466,0.21266573621772505,0.00017445917655268666,0.0008722958827634334,0.00017445917655268666,0.0019190509420795533,0.00017445917655268666,0.00052337752965806,0.00104675505931612,NC_010296.1
0.0,0.0003526093088857546,0.0,0.0,0.0,0.0,0.0,0.0,0.0,0.0,0.0,0.0,0.0,0.0,0.0,0.0,0.0,0.0,0.0003526093088857546,0.0,0.0,0.0,0.0,0.0,0.0003526093088857546,0.0003526093088857546,0.0,0.0003526093088857546,0.0,0.0003526093088857546,0.0,0.0003526093088857546,0.0003526093088857546,0.0003526093088857546,0.0,0.0003526093088857546,0.0003526093088857546,0.0,0.0,0.0,0.0,0.0003526093088857546,0.0,0.0,0.0,0.0,0.0,0.0,0.5486600846262342,0.0,0.3244005641748942,0.0003526093088857546,0.0,0.0,0.0,0.0,0.12200282087447109,0.0,0.0,0.0,0.0,0.0,0.0,0.0003526093088857546,NC_010475.1
0.00022217285047767163,0.0,0.0,0.00022217285047767163,0.00022217285047767163,0.0,0.0,0.00022217285047767163,0.0,0.0,0.0,0.0,0.00044434570095534326,0.00022217285047767163,0.0,0.00022217285047767163,0.00022217285047767163,0.0,0.00044434570095534326,0.00022217285047767163,0.0,0.0,0.0,0.0,0.00022217285047767163,0.0,0.00022217285047767163,0.00044434570095534326,0.0,0.0,0.0,0.00022217285047767163,0.00022217285047767163,0.0,0.00044434570095534326,0.0,0.0,0.0,0.0,0.0,0.0,0.0,0.0,0.0,0.0,0.0,0.0,0.0,0.6934014663408131,0.00022217285047767163,0.17507220617640523,0.0,0.0006665185514330149,0.0,0.0,0.0,0.12552766051988448,0.0,0.00022217285047767163,0.0,0.00044434570095534326,0.0,0.0,0.0,NC_010546.1
0.0,0.0,0.0,0.0,0.0,0.0,0.0,0.0,0.0,0.0,0.0,0.0,0.0,0.0,0.0,0.0,0.0,0.0,0.0,0.0,0.0,0.0,0.0,0.0,0.0,0.0,0.0,0.0,0.0,0.0,0.0,0.0,0.0,0.0,0.0,0.0,0.0,0.0,0.0,0.0,0.0,0.0,0.0,0.0,0.0,0.0,0.00234192037470726,0.0,0.5386416861826698,0.0,0.2529274004683841,0.0,0.00234192037470726,0.0,0.0,0.0,0.1990632318501171,0.0,0.0,0.0,0.0,0.00234192037470726,0.0,0.00234192037470726,NC_010547.1
0.0007312079555425563,0.00014624159110851126,0.0004387247733255338,0.0004387247733255338,0.00014624159110851126,0.0002924831822170225,0.00014624159110851126,0.0002924831822170225,0.0002924831822170225,0.0,0.00014624159110851126,0.0004387247733255338,0.0013161743199766012,0.0002924831822170225,0.0002924831822170225,0.0004387247733255338,0.0008774495466510676,0.0004387247733255338,0.0004387247733255338,0.0,0.0002924831822170225,0.000584966364434045,0.0,0.0004387247733255338,0.00014624159110851126,0.0004387247733255338,0.00014624159110851126,0.0002924831822170225,0.0004387247733255338,0.00014624159110851126,0.00014624159110851126,0.00014624159110851126,0.000584966364434045,0.0002924831822170225,0.0004387247733255338,0.00116993272886809,0.0,0.0002924831822170225,0.0002924831822170225,0.00014624159110851126,0.0002924831822170225,0.00014624159110851126,0.0,0.000584966364434045,0.0010236911377595789,0.0,0.0,0.0008774495466510676,0.5171102661596958,0.0002924831822170225,0.25504533489324366,0.0007312079555425563,0.0004387247733255338,0.00014624159110851126,0.00014624159110851126,0.0002924831822170225,0.20620064346300088,0.0,0.00014624159110851126,0.0,0.000584966364434045,0.0004387247733255338,0.0007312079555425563,0.0007312079555425563,NC_010628.1
0.0004579803068468056,0.0,0.0,0.0002289901534234028,0.0002289901534234028,0.0,0.0,0.0002289901534234028,0.0002289901534234028,0.0,0.0,0.0,0.0,0.0002289901534234028,0.0,0.0,0.0,0.0,0.0,0.0,0.0,0.0,0.0,0.0,0.0,0.0,0.0,0.0002289901534234028,0.0,0.0,0.0,0.0006869704602702084,0.0,0.0002289901534234028,0.0,0.0,0.0004579803068468056,0.0,0.0,0.0,0.0,0.0,0.0,0.0,0.0,0.0,0.0,0.0,0.6116326997939089,0.0,0.22921914357682618,0.0004579803068468056,0.0002289901534234028,0.0,0.0,0.0004579803068468056,0.15411037325395008,0.0,0.0,0.0,0.0002289901534234028,0.0,0.0002289901534234028,0.0002289901534234028,NC_011726.1
0.00018885741265344664,0.0,0.0,0.00037771482530689327,0.0,0.00018885741265344664,0.0,0.00018885741265344664,0.00018885741265344664,0.00018885741265344664,0.0,0.0,0.00018885741265344664,0.00018885741265344664,0.0,0.00037771482530689327,0.00037771482530689327,0.0,0.0,0.0,0.0,0.00018885741265344664,0.0,0.00037771482530689327,0.0,0.00018885741265344664,0.0,0.0,0.0,0.00018885741265344664,0.0,0.00018885741265344664,0.0,0.0,0.00037771482530689327,0.00037771482530689327,0.0,0.0,0.0,0.0005665722379603399,0.00018885741265344664,0.0,0.0,0.00018885741265344664,0.00037771482530689327,0.00018885741265344664,0.0,0.0,0.6983947119924457,0.0,0.1603399433427762,0.0,0.0,0.00018885741265344664,0.0,0.0,0.13427762039660057,0.0,0.0,0.0,0.0007554296506137865,0.00018885741265344664,0.0,0.0,NC_011729.1
0.0,0.0,0.0,0.0,0.0,0.0,0.0,0.0,0.0,0.0,0.0,0.0,0.0,0.0,0.0,0.0,0.0,0.0,0.0,0.0,0.0,0.0,0.0,0.0,0.0,0.0,0.0,0.0,0.0,0.0,0.0,0.0008488964346349745,0.0,0.0,0.0,0.0,0.0,0.0,0.0,0.0,0.0,0.0,0.0,0.0,0.0,0.0,0.0,0.0,0.698641765704584,0.0,0.19864176570458403,0.0,0.0,0.0,0.0,0.0,0.10186757215619695,0.0,0.0,0.0,0.0,0.0,0.0,0.0,NC_013771.1
0.0,0.0,0.0,0.0,0.0,0.0,0.0,0.0,0.0,0.0,0.0,0.0,0.0,0.0,0.0,0.0,0.0,0.0,0.0,0.0,0.0,0.0,0.0,0.0,0.0,0.0,0.0,0.0,0.0,0.0,0.0,0.0,0.0,0.0,0.0,0.0,0.0,0.0,0.0,0.0,0.0,0.0,0.0,0.0,0.0,0.0,0.0,0.0,0.42105263157894735,0.0,0.2631578947368421,0.0,0.0,0.0,0.0,0.0,0.3157894736842105,0.0,0.0,0.0,0.0,0.0,0.0,0.0,NC_014000.1
0.001075268817204301,0.001075268817204301,0.00017921146953405018,0.001971326164874552,0.00035842293906810036,0.0,0.00017921146953405018,0.00017921146953405018,0.0007168458781362007,0.0005376344086021505,0.0008960573476702509,0.0007168458781362007,0.0007168458781362007,0.0007168458781362007,0.00017921146953405018,0.001075268817204301,0.0014336917562724014,0.00035842293906810036,0.0005376344086021505,0.00035842293906810036,0.00017921146953405018,0.0005376344086021505,0.00035842293906810036,0.0016129032258064516,0.00035842293906810036,0.00035842293906810036,0.00035842293906810036,0.00035842293906810036,0.0012544802867383513,0.0007168458781362007,0.0017921146953405018,0.00035842293906810036,0.0025089605734767025,0.0008960573476702509,0.0005376344086021505,0.0012544802867383513,0.0007168458781362007,0.00017921146953405018,0.00017921146953405018,0.0005376344086021505,0.001075268817204301,0.0005376344086021505,0.00017921146953405018,0.0014336917562724014,0.0008960573476702509,0.00035842293906810036,0.00035842293906810036,0.001075268817204301,0.49193548387096775,0.0007168458781362007,0.2413978494623656,0.002688172043010753,0.0005376344086021505,0.0,0.00017921146953405018,0.00035842293906810036,0.22311827956989247,0.0,0.0005376344086021505,0.0,0.0030465949820788533,0.00017921146953405018,0.0005376344086021505,0.0005376344086021505,NC_014248.1
0.00036199095022624434,0.0,0.0,0.0,0.0,0.0,0.0,0.00018099547511312217,0.0,0.0,0.0,0.0,0.0,0.00036199095022624434,0.0,0.00036199095022624434,0.0,0.0,0.0,0.0,0.0,0.0,0.0007239819004524887,0.0,0.0,0.0,0.00018099547511312217,0.00018099547511312217,0.00018099547511312217,0.00018099547511312217,0.0,0.00036199095022624434,0.0007239819004524887,0.0,0.0,0.0005429864253393666,0.00018099547511312217,0.0,0.0,0.00018099547511312217,0.00018099547511312217,0.0,0.0,0.00036199095022624434,0.00018099547511312217,0.0,0.0,0.0,0.6546606334841629,0.00018099547511312217,0.1951131221719457,0.0,0.0,0.0,0.0,0.00036199095022624434,0.14316742081447964,0.0,0.00018099547511312217,0.0,0.0005429864253393666,0.00018099547511312217,0.0,0.00018099547511312217,NC_014501.1
0.0,0.0,0.0,0.0006086427267194157,0.0,0.0,0.0,0.0,0.00030432136335970786,0.0,0.0006086427267194157,0.00030432136335970786,0.00030432136335970786,0.0,0.0,0.0,0.00030432136335970786,0.0,0.0,0.0,0.00030432136335970786,0.0,0.0006086427267194157,0.0,0.0,0.00030432136335970786,0.0,0.00030432136335970786,0.0,0.0,0.0,0.00030432136335970786,0.0006086427267194157,0.0,0.00030432136335970786,0.00030432136335970786,0.0,0.0,0.0,0.0,0.0,0.00030432136335970786,0.0,0.0,0.00030432136335970786,0.0,0.0,0.0009129640900791236,0.43913572732805845,0.00030432136335970786,0.3606208155812538,0.00030432136335970786,0.00030432136335970786,0.0,0.0,0.0,0.19202678027997566,0.0,0.0,0.0,0.0,0.00030432136335970786,0.0,0.0,NC_017038.1
0.0,0.0,0.0,0.0006090133982947625,0.0,0.0,0.0,0.0,0.0003045066991473812,0.0,0.0006090133982947625,0.0003045066991473812,0.0003045066991473812,0.0,0.0,0.0,0.0003045066991473812,0.0,0.0,0.0,0.0003045066991473812,0.0,0.0006090133982947625,0.0,0.0,0.0003045066991473812,0.0,0.0003045066991473812,0.0,0.0,0.0,0.0003045066991473812,0.0006090133982947625,0.0,0.0003045066991473812,0.0003045066991473812,0.0,0.0,0.0,0.0,0.0,0.0003045066991473812,0.0,0.0,0.0003045066991473812,0.0,0.0,0.0009135200974421437,0.4394031668696711,0.0003045066991473812,0.36023142509135203,0.0003045066991473812,0.0003045066991473812,0.0,0.0,0.0,0.19214372716199757,0.0,0.0,0.0,0.0,0.0003045066991473812,0.0,0.0,NC_017039.1
0.0,0.0,0.0,0.000608457560085184,0.0,0.0,0.0,0.0,0.000304228780042592,0.0,0.000608457560085184,0.000304228780042592,0.000304228780042592,0.0,0.0,0.0,0.000304228780042592,0.0,0.0,0.0,0.000304228780042592,0.0,0.000608457560085184,0.0,0.0,0.000304228780042592,0.0,0.000304228780042592,0.0,0.0,0.0,0.000304228780042592,0.000608457560085184,0.0,0.000304228780042592,0.000304228780042592,0.0,0.0,0.0,0.0,0.0,0.000304228780042592,0.0,0.0,0.000304228780042592,0.0,0.0,0.0009126863401277761,0.4393063583815029,0.000304228780042592,0.36020687557042896,0.000304228780042592,0.000304228780042592,0.0,0.0,0.0,0.19227258898691815,0.0,0.0,0.0,0.0,0.000304228780042592,0.0,0.0,NC_017052.1
0.0,0.0,0.0,0.0006090133982947625,0.0,0.0,0.0,0.0,0.0003045066991473812,0.0,0.0006090133982947625,0.0003045066991473812,0.0003045066991473812,0.0,0.0,0.0,0.0003045066991473812,0.0,0.0,0.0,0.0003045066991473812,0.0,0.0006090133982947625,0.0,0.0,0.0003045066991473812,0.0,0.0003045066991473812,0.0,0.0,0.0,0.0003045066991473812,0.0006090133982947625,0.0,0.0003045066991473812,0.0003045066991473812,0.0,0.0,0.0,0.0,0.0,0.0003045066991473812,0.0,0.0,0.0003045066991473812,0.0,0.0,0.0009135200974421437,0.43879415347137635,0.0003045066991473812,0.36053593179049936,0.0003045066991473812,0.0003045066991473812,0.0,0.0,0.0,0.19244823386114496,0.0,0.0,0.0,0.0,0.0003045066991473812,0.0,0.0,NC_017277.1
0.0005006257822277847,0.0005006257822277847,0.000750938673341677,0.000750938673341677,0.0,0.0,0.0,0.0,0.00025031289111389235,0.0,0.0,0.0,0.000750938673341677,0.00025031289111389235,0.000750938673341677,0.0022528160200250315,0.0005006257822277847,0.0,0.00025031289111389235,0.00025031289111389235,0.0,0.0,0.0,0.0,0.0,0.0,0.0,0.00025031289111389235,0.0,0.0,0.00025031289111389235,0.00025031289111389235,0.0010012515644555694,0.0005006257822277847,0.00025031289111389235,0.0005006257822277847,0.0005006257822277847,0.0,0.0,0.0005006257822277847,0.00025031289111389235,0.0,0.0,0.0,0.0005006257822277847,0.0,0.0,0.0,0.5657071339173968,0.00025031289111389235,0.24630788485607008,0.0,0.0,0.00025031289111389235,0.0,0.00025031289111389235,0.17421777221526907,0.0,0.0,0.00025031289111389235,0.0,0.0,0.0,0.00025031289111389235,NC_019427.1
0.0012610340479192938,0.0,0.0012610340479192938,0.0,0.0,0.0,0.0,0.0,0.0,0.0,0.0,0.0,0.0012610340479192938,0.0,0.0,0.0,0.0025220680958385876,0.0,0.0,0.0,0.0,0.0,0.0,0.0012610340479192938,0.0,0.0,0.0,0.0,0.0,0.0,0.0,0.0,0.0,0.0,0.0,0.0012610340479192938,0.0,0.0,0.0012610340479192938,0.0,0.0,0.0,0.0,0.0,0.0,0.0,0.0,0.0,0.5460277427490542,0.0,0.2610340479192938,0.0,0.0,0.0,0.0,0.0,0.1828499369482976,0.0,0.0,0.0,0.0,0.0,0.0,0.0,NC_019439.1
0.0,0.0005941770647653001,0.00029708853238265005,0.0,0.0,0.0,0.0,0.0,0.00029708853238265005,0.0,0.0,0.0,0.0,0.0,0.00029708853238265005,0.0,0.0,0.0005941770647653001,0.0,0.0,0.00029708853238265005,0.0011883541295306002,0.0,0.00029708853238265005,0.0,0.0005941770647653001,0.00029708853238265005,0.0,0.0,0.0005941770647653001,0.0011883541295306002,0.00029708853238265005,0.0,0.00029708853238265005,0.00029708853238265005,0.0005941770647653001,0.00029708853238265005,0.0014854426619132501,0.0005941770647653001,0.0005941770647653001,0.00029708853238265005,0.0,0.0,0.00089126559714795,0.0,0.00029708853238265005,0.0,0.0,0.04367201426024955,0.0,0.1021984551396316,0.0,0.0,0.0005941770647653001,0.00029708853238265005,0.0,0.8404634581105169,0.0,0.00029708853238265005,0.0,0.0,0.0,0.0,0.0,NC_019675.1
0.0005542213190467394,0.0,0.00018474043968224645,0.0,0.00018474043968224645,0.0025863661555514503,0.0,0.00018474043968224645,0.0,0.0,0.00018474043968224645,0.0,0.00018474043968224645,0.00018474043968224645,0.0,0.0003694808793644929,0.00018474043968224645,0.0,0.0,0.00018474043968224645,0.0,0.00018474043968224645,0.0,0.00018474043968224645,0.0,0.0,0.00018474043968224645,0.0014779235174579716,0.00018474043968224645,0.0,0.0003694808793644929,0.00018474043968224645,0.0009237021984112322,0.0,0.0,0.0005542213190467394,0.0,0.0,0.0,0.0,0.0,0.0,0.00018474043968224645,0.00018474043968224645,0.0003694808793644929,0.0,0.0,0.0,0.5699242564197303,0.0,0.23203399224090154,0.0005542213190467394,0.00018474043968224645,0.0,0.0,0.0,0.18621836319970442,0.00018474043968224645,0.0,0.0,0.0003694808793644929,0.0,0.00018474043968224645,0.0003694808793644929,NC_019676.1
0.00044829647340107593,0.0,0.00044829647340107593,0.00029886431560071725,0.0,0.0,0.00014943215780035862,0.00029886431560071725,0.00044829647340107593,0.0,0.0,0.0,0.00029886431560071725,0.0,0.00014943215780035862,0.00029886431560071725,0.0,0.00029886431560071725,0.0,0.0,0.00044829647340107593,0.0,0.00014943215780035862,0.00014943215780035862,0.0,0.0,0.0,0.0,0.0,0.0,0.00014943215780035862,0.00044829647340107593,0.0005977286312014345,0.00029886431560071725,0.00044829647340107593,0.00014943215780035862,0.00044829647340107593,0.0,0.0,0.00014943215780035862,0.00029886431560071725,0.00029886431560071725,0.0,0.00029886431560071725,0.0,0.0,0.00014943215780035862,0.00029886431560071725,0.5599222952779438,0.0,0.23475791990436343,0.0,0.00014943215780035862,0.0,0.0,0.0,0.19635385534967126,0.0,0.00014943215780035862,0.0,0.00029886431560071725,0.0,0.0,0.00044829647340107593,NC_019678.1
0.0008289582757667864,0.0,0.00027631942525559546,0.0005526388505111909,0.00027631942525559546,0.0,0.0,0.0,0.0,0.0,0.0,0.00027631942525559546,0.0,0.0,0.00027631942525559546,0.00027631942525559546,0.0,0.0,0.0,0.0,0.0,0.00027631942525559546,0.0,0.00027631942525559546,0.0,0.00027631942525559546,0.0,0.0,0.0,0.0,0.0,0.00027631942525559546,0.0,0.0,0.00027631942525559546,0.0,0.0,0.0,0.0005526388505111909,0.0,0.0,0.0005526388505111909,0.0,0.00027631942525559546,0.00027631942525559546,0.0,0.00027631942525559546,0.0,0.49765128488532745,0.00027631942525559546,0.30146449295385463,0.0,0.0,0.0,0.0,0.0,0.1942525559546836,0.0,0.0,0.0,0.0,0.00027631942525559546,0.0,0.0,NC_019680.1
0.0,0.00016553550736633007,0.00016553550736633007,0.00033107101473266014,0.00016553550736633007,0.0,0.0,0.00016553550736633007,0.0,0.0,0.0,0.0004966065220989903,0.00016553550736633007,0.00016553550736633007,0.0,0.0004966065220989903,0.00033107101473266014,0.00016553550736633007,0.0,0.00033107101473266014,0.0,0.0,0.0,0.00016553550736633007,0.00016553550736633007,0.0,0.00016553550736633007,0.0,0.00016553550736633007,0.00033107101473266014,0.00033107101473266014,0.0004966065220989903,0.00016553550736633007,0.00033107101473266014,0.0,0.00033107101473266014,0.00016553550736633007,0.0,0.00016553550736633007,0.00016553550736633007,0.0,0.0,0.00016553550736633007,0.00033107101473266014,0.00016553550736633007,0.0,0.0,0.00016553550736633007,0.49561330905479223,0.0,0.2579043204767423,0.0,0.0,0.00016553550736633007,0.0,0.0,0.23853666611488164,0.0,0.0,0.0,0.0,0.00016553550736633007,0.00016553550736633007,0.00033107101473266014,NC_019682.1
0.00021285653469561516,0.0008514261387824606,0.0006385696040868455,0.0004257130693912303,0.0,0.0,0.0,0.00021285653469561516,0.004682843763303533,0.00021285653469561516,0.0004257130693912303,0.0006385696040868455,0.0004257130693912303,0.00021285653469561516,0.00021285653469561516,0.00021285653469561516,0.0004257130693912303,0.00021285653469561516,0.00021285653469561516,0.00021285653469561516,0.00021285653469561516,0.0,0.0,0.0,0.0004257130693912303,0.0006385696040868455,0.0,0.00021285653469561516,0.004895700297999148,0.002979991485738612,0.0004257130693912303,0.00021285653469561516,0.0010642826734780758,0.00021285653469561516,0.0004257130693912303,0.0008514261387824606,0.00021285653469561516,0.00021285653469561516,0.0,0.0008514261387824606,0.0,0.0004257130693912303,0.00021285653469561516,0.0,0.00021285653469561516,0.0,0.00021285653469561516,0.0,0.5519369944657301,0.00021285653469561516,0.29203916560238397,0.0010642826734780758,0.0006385696040868455,0.0,0.0,0.0,0.12601106853980418,0.0,0.0,0.00021285653469561516,0.0006385696040868455,0.00021285653469561516,0.0004257130693912303,0.001277139208173691,NC_019683.1
0.0003641660597232338,0.0001820830298616169,0.0,0.0001820830298616169,0.0,0.0003641660597232338,0.0,0.0,0.0001820830298616169,0.0,0.0,0.0005462490895848507,0.0,0.0001820830298616169,0.0001820830298616169,0.0001820830298616169,0.0001820830298616169,0.0,0.0001820830298616169,0.0001820830298616169,0.0005462490895848507,0.0001820830298616169,0.0,0.0,0.0001820830298616169,0.0,0.0,0.0,0.0,0.0,0.0,0.0001820830298616169,0.0003641660597232338,0.0,0.0001820830298616169,0.0009104151493080845,0.0,0.0,0.0,0.0005462490895848507,0.0001820830298616169,0.0,0.0,0.0001820830298616169,0.0005462490895848507,0.0,0.0,0.0001820830298616169,0.497632920611799,0.0,0.2964311726147123,0.0007283321194464676,0.0001820830298616169,0.0,0.0,0.0,0.19756008739985434,0.0,0.0,0.0,0.0001820830298616169,0.0,0.0001820830298616169,0.0,NC_019684.1
0.002410694718387026,0.0,0.00021915406530791147,0.0,0.0,0.0,0.00021915406530791147,0.0,0.0,0.0,0.00021915406530791147,0.0,0.0,0.00043830813061582295,0.00021915406530791147,0.0006574621959237344,0.00021915406530791147,0.00021915406530791147,0.0006574621959237344,0.00021915406530791147,0.0,0.0006574621959237344,0.0,0.0006574621959237344,0.0,0.0,0.0,0.0,0.00043830813061582295,0.00021915406530791147,0.0,0.00021915406530791147,0.00021915406530791147,0.0,0.00021915406530791147,0.00043830813061582295,0.00021915406530791147,0.0,0.0,0.00043830813061582295,0.00043830813061582295,0.0,0.0,0.00043830813061582295,0.0,0.0,0.0,0.0,0.502520271751041,0.0,0.2715318869165023,0.0,0.00021915406530791147,0.0,0.0,0.0,0.2145518299364453,0.00021915406530791147,0.0,0.0,0.00021915406530791147,0.00021915406530791147,0.0,0.00021915406530791147,NC_019689.1
0.00016957775139901646,0.0,0.0,0.00016957775139901646,0.0,0.0,0.0,0.0,0.0,0.00016957775139901646,0.0,0.0,0.00016957775139901646,0.0003391555027980329,0.00016957775139901646,0.00016957775139901646,0.00016957775139901646,0.0,0.0,0.00016957775139901646,0.00016957775139901646,0.0003391555027980329,0.00016957775139901646,0.0,0.00016957775139901646,0.0003391555027980329,0.0,0.0,0.0003391555027980329,0.0003391555027980329,0.0003391555027980329,0.0003391555027980329,0.0003391555027980329,0.0,0.0003391555027980329,0.0,0.00016957775139901646,0.0,0.00016957775139901646,0.0003391555027980329,0.0,0.0005087332541970493,0.0,0.0,0.0,0.0003391555027980329,0.0,0.0006783110055960658,0.5655418009157198,0.00016957775139901646,0.22587756486348992,0.0003391555027980329,0.0,0.0,0.0,0.00016957775139901646,0.1989147023910463,0.0,0.0,0.0,0.0005087332541970493,0.0,0.0003391555027980329,0.0010174665083940986,NC_019693.1
0.00017464198393293747,0.00034928396786587494,0.0,0.00017464198393293747,0.00017464198393293747,0.0,0.0,0.0,0.0,0.00017464198393293747,0.0,0.0,0.0,0.0005239259517988125,0.00017464198393293747,0.00034928396786587494,0.00017464198393293747,0.00017464198393293747,0.00017464198393293747,0.0,0.00017464198393293747,0.0,0.0,0.00034928396786587494,0.0,0.0,0.00017464198393293747,0.0,0.0,0.0015717778553964374,0.00017464198393293747,0.00017464198393293747,0.0,0.00017464198393293747,0.0,0.00034928396786587494,0.0,0.0005239259517988125,0.00034928396786587494,0.00017464198393293747,0.0,0.0,0.0,0.0006985679357317499,0.0,0.00017464198393293747,0.00017464198393293747,0.0,0.435731749912679,0.0,0.30736989172196993,0.00017464198393293747,0.0,0.0,0.0,0.00017464198393293747,0.24799161718477122,0.0,0.0,0.0,0.0,0.0,0.00034928396786587494,0.00034928396786587494,NC_019695.1
0.000505050505050505,0.0,0.0,0.0,0.0,0.00016835016835016836,0.0,0.00016835016835016836,0.0,0.0,0.00016835016835016836,0.00016835016835016836,0.00016835016835016836,0.0,0.00016835016835016836,0.0003367003367003367,0.00016835016835016836,0.0,0.00016835016835016836,0.00016835016835016836,0.0,0.00016835016835016836,0.0,0.0,0.000505050505050505,0.0,0.0,0.0,0.00016835016835016836,0.00016835016835016836,0.0003367003367003367,0.0003367003367003367,0.0,0.00016835016835016836,0.00016835016835016836,0.000505050505050505,0.00016835016835016836,0.0,0.0,0.00101010101010101,0.0,0.0,0.0,0.0,0.000505050505050505,0.0,0.0003367003367003367,0.0,0.4771043771043771,0.0,0.3373737373737374,0.00016835016835016836,0.0,0.0,0.0,0.0,0.1765993265993266,0.0,0.00016835016835016836,0.0,0.00016835016835016836,0.0,0.00016835016835016836,0.0013468013468013469,NC_019697.1
0.0,0.0,0.0005524861878453039,0.0,0.0,0.0,0.0,0.0,0.0,0.0,0.0,0.0,0.0,0.0,0.0008287292817679558,0.0005524861878453039,0.0,0.0,0.0,0.00027624309392265195,0.0,0.00027624309392265195,0.0,0.0,0.0,0.00027624309392265195,0.00027624309392265195,0.0,0.0,0.0,0.00027624309392265195,0.00027624309392265195,0.00027624309392265195,0.00027624309392265195,0.0,0.00027624309392265195,0.0033149171270718232,0.00027624309392265195,0.0,0.00027624309392265195,0.0,0.0,0.0,0.0,0.0,0.0,0.0005524861878453039,0.0,0.4353591160220994,0.0,0.41104972375690607,0.0,0.0,0.0,0.0,0.0,0.1441988950276243,0.0,0.0,0.0,0.0,0.0,0.00027624309392265195,0.00027624309392265195,NC_019701.1
0.00027901785714285713,0.00027901785714285713,0.0,0.00027901785714285713,0.0,0.0005580357142857143,0.00027901785714285713,0.0,0.0,0.0008370535714285714,0.00027901785714285713,0.0,0.0,0.0,0.0,0.0,0.00027901785714285713,0.0,0.00027901785714285713,0.0,0.00027901785714285713,0.0,0.0,0.0,0.00027901785714285713,0.0,0.0,0.0,0.00027901785714285713,0.0,0.0,0.0011160714285714285,0.0005580357142857143,0.0,0.00027901785714285713,0.00027901785714285713,0.0,0.0,0.0,0.00027901785714285713,0.00027901785714285713,0.0,0.0,0.0,0.0,0.0,0.0,0.00027901785714285713,0.5290178571428571,0.0,0.28431919642857145,0.0013950892857142857,0.0,0.0,0.0,0.00027901785714285713,0.17606026785714285,0.0,0.0,0.0,0.0,0.00027901785714285713,0.0008370535714285714,0.0005580357142857143,NC_019702.1
0.00031756113051762465,0.00015878056525881233,0.0006351222610352493,0.0,0.0,0.000476341695776437,0.00015878056525881233,0.0,0.0,0.000476341695776437,0.00015878056525881233,0.0,0.0,0.0,0.00031756113051762465,0.00031756113051762465,0.00031756113051762465,0.0,0.00031756113051762465,0.00015878056525881233,0.0,0.0,0.0,0.0,0.00015878056525881233,0.0,0.0006351222610352493,0.0,0.0,0.00015878056525881233,0.00031756113051762465,0.00015878056525881233,0.000952683391552874,0.0,0.00015878056525881233,0.00015878056525881233,0.000476341695776437,0.0,0.0,0.000476341695776437,0.00031756113051762465,0.00015878056525881233,0.00031756113051762465,0.00031756113051762465,0.0,0.00015878056525881233,0.0,0.00015878056525881233,0.46983169260082563,0.00031756113051762465,0.2675452524610988,0.0006351222610352493,0.00031756113051762465,0.0,0.0,0.0,0.24960304858685298,0.0,0.0,0.0,0.000476341695776437,0.0017465862178469354,0.0,0.0006351222610352493,NC_019729.1
0.0022275258552108194,0.0,0.00031821797931583137,0.00047732696897374703,0.0,0.0011137629276054097,0.0,0.0,0.0,0.0,0.0,0.0,0.0,0.00015910898965791568,0.00031821797931583137,0.0006364359586316627,0.00047732696897374703,0.0,0.00015910898965791568,0.0,0.00015910898965791568,0.0,0.00015910898965791568,0.00015910898965791568,0.0,0.00015910898965791568,0.0,0.0,0.0006364359586316627,0.0,0.0,0.00031821797931583137,0.0,0.00015910898965791568,0.00031821797931583137,0.0,0.00047732696897374703,0.00015910898965791568,0.00015910898965791568,0.00015910898965791568,0.0,0.0,0.0,0.0,0.0,0.0,0.0,0.00015910898965791568,0.4712808273667462,0.0,0.26459824980111374,0.00015910898965791568,0.0,0.0,0.00031821797931583137,0.00015910898965791568,0.2537788385043755,0.00015910898965791568,0.00015910898965791568,0.0,0.00015910898965791568,0.0,0.0,0.00015910898965791568,NC_019738.1
0.0,0.0002055076037813399,0.0,0.0002055076037813399,0.0,0.0,0.0002055076037813399,0.0,0.0,0.0,0.0002055076037813399,0.0,0.0,0.0004110152075626798,0.0,0.0002055076037813399,0.0006165228113440197,0.0,0.0002055076037813399,0.0002055076037813399,0.0,0.0,0.0,0.0,0.0,0.0002055076037813399,0.0002055076037813399,0.0002055076037813399,0.0,0.0,0.0,0.0004110152075626798,0.0,0.0002055076037813399,0.0,0.0004110152075626798,0.0002055076037813399,0.0002055076037813399,0.0,0.0,0.0,0.0,0.0,0.0002055076037813399,0.0,0.0004110152075626798,0.0002055076037813399,0.0004110152075626798,0.5131524866420057,0.0004110152075626798,0.28709412248253185,0.0002055076037813399,0.0002055076037813399,0.0,0.0,0.0,0.19132757912042744,0.0002055076037813399,0.0002055076037813399,0.0,0.0008220304151253596,0.0004110152075626798,0.0002055076037813399,0.0,NC_019745.1
0.000224517287831163,0.000224517287831163,0.0,0.0,0.000224517287831163,0.0,0.0,0.0,0.000224517287831163,0.0,0.0,0.0,0.000224517287831163,0.0,0.0,0.000224517287831163,0.0,0.0,0.000224517287831163,0.0,0.0,0.0,0.0,0.0,0.0,0.0,0.0,0.000449034575662326,0.0,0.0,0.0,0.0,0.000224517287831163,0.0,0.0,0.000224517287831163,0.0,0.0,0.0,0.000224517287831163,0.0,0.0,0.0,0.0,0.000224517287831163,0.0,0.0,0.0,0.6719802424786708,0.0,0.18971710821733273,0.000224517287831163,0.0,0.0,0.0,0.0,0.1347103726986978,0.0,0.0,0.0,0.0,0.0,0.0,0.000449034575662326,NC_019748.1
0.0003590664272890485,0.0003590664272890485,0.0,0.0008976660682226212,0.0,0.00017953321364452425,0.00017953321364452425,0.0,0.0,0.00017953321364452425,0.00017953321364452425,0.0,0.00017953321364452425,0.00017953321364452425,0.0,0.000718132854578097,0.000718132854578097,0.0,0.00017953321364452425,0.0003590664272890485,0.0,0.0,0.0,0.0,0.0,0.0,0.0,0.0,0.00017953321364452425,0.0005385996409335727,0.00017953321364452425,0.00017953321364452425,0.00017953321364452425,0.0,0.0,0.0,0.00017953321364452425,0.0,0.0,0.0,0.00017953321364452425,0.0,0.0,0.0,0.00017953321364452425,0.0,0.00017953321364452425,0.0,0.5163375224416517,0.0,0.28779174147217235,0.00017953321364452425,0.0,0.0,0.0,0.0,0.18779174147217234,0.0,0.00017953321364452425,0.0,0.0003590664272890485,0.0003590664272890485,0.00017953321364452425,0.00017953321364452425,NC_019751.1
0.00021150592216582064,0.0,0.00021150592216582064,0.0006345177664974619,0.0,0.0,0.0,0.0,0.0,0.0,0.0,0.00021150592216582064,0.00021150592216582064,0.00021150592216582064,0.0,0.00021150592216582064,0.0,0.0,0.0,0.0,0.0,0.0,0.00021150592216582064,0.0,0.0,0.00042301184433164127,0.0,0.00021150592216582064,0.00021150592216582064,0.00021150592216582064,0.0,0.00042301184433164127,0.00021150592216582064,0.0,0.0006345177664974619,0.00021150592216582064,0.00021150592216582064,0.0,0.0,0.00021150592216582064,0.00021150592216582064,0.00021150592216582064,0.00021150592216582064,0.0,0.0006345177664974619,0.0,0.0,0.00021150592216582064,0.5793147208121827,0.0,0.23519458544839256,0.00021150592216582064,0.00021150592216582064,0.0,0.00021150592216582064,0.00021150592216582064,0.17660744500846023,0.0,0.00021150592216582064,0.0,0.0006345177664974619,0.00021150592216582064,0.0,0.00042301184433164127,NC_019753.1
0.0008369601606963508,0.00016739203213927018,0.00016739203213927018,0.00016739203213927018,0.00016739203213927018,0.0,0.0,0.00033478406427854036,0.00033478406427854036,0.00016739203213927018,0.00016739203213927018,0.0,0.00033478406427854036,0.00016739203213927018,0.0005021760964178105,0.0,0.00016739203213927018,0.0,0.00016739203213927018,0.0,0.0,0.00033478406427854036,0.0,0.0,0.0,0.00016739203213927018,0.00016739203213927018,0.0,0.0,0.00016739203213927018,0.0,0.00033478406427854036,0.00016739203213927018,0.0,0.0,0.0005021760964178105,0.00016739203213927018,0.00033478406427854036,0.00033478406427854036,0.00016739203213927018,0.00016739203213927018,0.00016739203213927018,0.0,0.0,0.00016739203213927018,0.0,0.00016739203213927018,0.00016739203213927018,0.5179109474389019,0.0,0.25744894543019753,0.00033478406427854036,0.0,0.0,0.0,0.00016739203213927018,0.21509876129896216,0.0,0.00016739203213927018,0.0,0.0006695681285570807,0.00016739203213927018,0.00016739203213927018,0.00033478406427854036,NC_019757.1
0.001267886252490491,0.0,0.0003622532149972831,0.0007245064299945662,0.0,0.0,0.0,0.0,0.00018112660749864155,0.0,0.0,0.0,0.0005433798224959246,0.00018112660749864155,0.0005433798224959246,0.00018112660749864155,0.0,0.0,0.0,0.0,0.0003622532149972831,0.0,0.00018112660749864155,0.0003622532149972831,0.0,0.0,0.0,0.0,0.00018112660749864155,0.0,0.0,0.0003622532149972831,0.0005433798224959246,0.00018112660749864155,0.00018112660749864155,0.0009056330374932077,0.0,0.0,0.0,0.00018112660749864155,0.0,0.0,0.00018112660749864155,0.0005433798224959246,0.00018112660749864155,0.0,0.0,0.0,0.5460967216084043,0.0,0.23818148886071364,0.0003622532149972831,0.0,0.0,0.0,0.0,0.20521644629596086,0.00018112660749864155,0.0,0.0,0.0,0.0,0.0010867596449918493,0.0005433798224959246,NC_019771.1
0.0,0.0,0.0002900232018561485,0.0002900232018561485,0.0002900232018561485,0.0,0.0,0.0,0.0002900232018561485,0.0,0.0002900232018561485,0.0,0.0,0.0,0.0,0.0,0.0002900232018561485,0.0,0.0002900232018561485,0.0,0.0,0.0,0.0002900232018561485,0.0,0.0,0.0002900232018561485,0.0,0.0,0.0,0.0,0.0,0.0002900232018561485,0.001160092807424594,0.0002900232018561485,0.0,0.0002900232018561485,0.0,0.0,0.0,0.0,0.0,0.0,0.0,0.0002900232018561485,0.0,0.0002900232018561485,0.0,0.0,0.652262180974478,0.0002900232018561485,0.2212877030162413,0.0,0.0,0.0,0.0,0.0002900232018561485,0.12064965197215777,0.0,0.0,0.0,0.0,0.0,0.0,0.0,NC_019776.1
0.0,0.0,0.0,0.0,0.0,0.0,0.0,0.0002577319587628866,0.0,0.0,0.0,0.0002577319587628866,0.0,0.0002577319587628866,0.0,0.0,0.0,0.0,0.0,0.0002577319587628866,0.0,0.0005154639175257732,0.0,0.0,0.0,0.0,0.0002577319587628866,0.0,0.0,0.0,0.0,0.0002577319587628866,0.0002577319587628866,0.0002577319587628866,0.0,0.0002577319587628866,0.0005154639175257732,0.0002577319587628866,0.0,0.0,0.0,0.0,0.0,0.0002577319587628866,0.0,0.0,0.0002577319587628866,0.0,0.5670103092783505,0.0,0.2193298969072165,0.0002577319587628866,0.0,0.0,0.0002577319587628866,0.0,0.2079896907216495,0.0,0.0,0.0002577319587628866,0.0007731958762886598,0.0,0.0,0.0,NC_019779.1
0.0,0.0,0.0005333333333333334,0.0,0.0,0.0,0.0,0.0,0.0,0.0,0.0002666666666666667,0.0008,0.0,0.0,0.0,0.0,0.0,0.0,0.0,0.0,0.0,0.0,0.0,0.0002666666666666667,0.0002666666666666667,0.0,0.0,0.0,0.0002666666666666667,0.0,0.0,0.0005333333333333334,0.0002666666666666667,0.0,0.0002666666666666667,0.0008,0.0,0.0002666666666666667,0.0005333333333333334,0.0002666666666666667,0.0,0.0002666666666666667,0.0,0.0002666666666666667,0.0,0.0,0.0,0.0,0.5677333333333333,0.0,0.21653333333333333,0.0,0.0,0.0,0.0,0.0,0.20826666666666666,0.0,0.0,0.0005333333333333334,0.0005333333333333334,0.0002666666666666667,0.0,0.0002666666666666667,NC_019780.1
0.0,0.0,0.0,0.0006073489219556636,0.0,0.0,0.0,0.0,0.0003036744609778318,0.0,0.0006073489219556636,0.0003036744609778318,0.0003036744609778318,0.0,0.0,0.0,0.0003036744609778318,0.0,0.0,0.0,0.0003036744609778318,0.0,0.0006073489219556636,0.0,0.0,0.0003036744609778318,0.0,0.0003036744609778318,0.0,0.0,0.0,0.0003036744609778318,0.0006073489219556636,0.0,0.0003036744609778318,0.0003036744609778318,0.0,0.0,0.0,0.0,0.0,0.0003036744609778318,0.0,0.0,0.0003036744609778318,0.0,0.0,0.0009110233829334953,0.43820224719101125,0.0003036744609778318,0.3607652596416641,0.0003036744609778318,0.0003036744609778318,0.0,0.0,0.0,0.19283328272092318,0.0,0.0,0.0,0.0,0.0003036744609778318,0.0,0.0,NC_020286.1
0.0,0.0,0.0,0.0,0.0,0.0,0.00022386389075442132,0.0,0.00044772778150884264,0.00022386389075442132,0.00022386389075442132,0.0,0.0,0.0,0.0,0.0,0.0,0.0,0.0,0.0,0.0,0.0,0.0,0.0,0.0,0.00044772778150884264,0.0,0.0,0.0,0.00022386389075442132,0.00022386389075442132,0.0,0.0,0.00022386389075442132,0.00022386389075442132,0.0,0.0,0.00022386389075442132,0.0,0.0,0.0,0.0,0.0,0.00022386389075442132,0.0,0.0,0.0,0.0,0.25386165211551376,0.00022386389075442132,0.3118423998209089,0.0,0.0,0.0,0.0,0.00022386389075442132,0.42914707857622564,0.0,0.00044772778150884264,0.0011193194537721066,0.0,0.00022386389075442132,0.0,0.0,NC_022600.1
0.0,0.0,0.0,0.0,0.0,0.00041118421052631577,0.0,0.0,0.0,0.0,0.0,0.0,0.0,0.0,0.0,0.0008223684210526315,0.0,0.00041118421052631577,0.0,0.00041118421052631577,0.0,0.0,0.0,0.00041118421052631577,0.0,0.0,0.0,0.0,0.0,0.0,0.0,0.00041118421052631577,0.00041118421052631577,0.0,0.0,0.0,0.0012335526315789473,0.00041118421052631577,0.0,0.0,0.0,0.00041118421052631577,0.0,0.0,0.0,0.00041118421052631577,0.00041118421052631577,0.0,0.3314144736842105,0.0,0.44243421052631576,0.0,0.0,0.0,0.0,0.0,0.21916118421052633,0.0,0.0,0.0,0.0,0.0,0.00041118421052631577,0.00041118421052631577,NC_023033.1
0.0,0.0005792064871126556,0.0,0.0005792064871126556,0.0,0.0008688097306689834,0.0,0.0,0.0,0.0,0.0,0.0002896032435563278,0.0,0.0,0.0,0.0002896032435563278,0.0008688097306689834,0.0,0.0,0.0,0.0,0.0,0.0,0.0,0.0,0.0,0.0002896032435563278,0.0,0.0,0.0,0.0,0.0002896032435563278,0.0002896032435563278,0.0002896032435563278,0.0,0.0002896032435563278,0.0,0.0002896032435563278,0.0,0.0,0.0,0.0,0.0002896032435563278,0.0002896032435563278,0.0,0.0,0.0,0.0,0.7208224732117,0.0,0.15841297422531134,0.0002896032435563278,0.0,0.0,0.0,0.0002896032435563278,0.11323486823052419,0.0,0.0002896032435563278,0.0,0.0002896032435563278,0.0,0.0002896032435563278,0.0002896032435563278,NZ_AP014815.1
0.00028153153153153153,0.0,0.0,0.0011261261261261261,0.0,0.0,0.0,0.0,0.0,0.00028153153153153153,0.00028153153153153153,0.0,0.0,0.0011261261261261261,0.0,0.0,0.0,0.0,0.0,0.00028153153153153153,0.0,0.0,0.0,0.0,0.0,0.0,0.0,0.0,0.0,0.0,0.0014076576576576576,0.0005630630630630631,0.0,0.00028153153153153153,0.00028153153153153153,0.0014076576576576576,0.0,0.00028153153153153153,0.0,0.0005630630630630631,0.0014076576576576576,0.0,0.0,0.00028153153153153153,0.0,0.0,0.0,0.0,0.6863738738738738,0.0,0.1973536036036036,0.0008445945945945946,0.0,0.0,0.0,0.0,0.10332207207207207,0.00028153153153153153,0.0,0.0005630630630630631,0.0005630630630630631,0.0005630630630630631,0.0,0.00028153153153153153,NZ_AP014821.1
0.0007274049827241316,0.0001818512456810329,0.0,0.0,0.0,0.0,0.0,0.0,0.0003637024913620658,0.0,0.0,0.0,0.0003637024913620658,0.0001818512456810329,0.0,0.0001818512456810329,0.0003637024913620658,0.0,0.0,0.0001818512456810329,0.0,0.0001818512456810329,0.0,0.0,0.0,0.0,0.0,0.0003637024913620658,0.0003637024913620658,0.0,0.0,0.0003637024913620658,0.0003637024913620658,0.0,0.0003637024913620658,0.0,0.0,0.0001818512456810329,0.0001818512456810329,0.0001818512456810329,0.0,0.0,0.0,0.0001818512456810329,0.0003637024913620658,0.0003637024913620658,0.0001818512456810329,0.0,0.5379159847244953,0.0,0.2924168030551009,0.0,0.0,0.0,0.0,0.0,0.1618476086561193,0.0,0.0,0.0,0.0007274049827241316,0.0001818512456810329,0.0,0.0007274049827241316,NZ_AP017295.1
0.000609508329947176,0.0,0.0002031694433157253,0.0018285249898415277,0.0002031694433157253,0.0,0.0002031694433157253,0.0004063388866314506,0.0,0.0,0.0,0.0004063388866314506,0.0004063388866314506,0.0004063388866314506,0.0004063388866314506,0.0002031694433157253,0.0008126777732629012,0.0002031694433157253,0.0,0.0,0.0,0.0,0.0,0.0,0.0,0.0,0.0,0.0002031694433157253,0.0002031694433157253,0.0002031694433157253,0.0002031694433157253,0.0002031694433157253,0.0002031694433157253,0.0008126777732629012,0.0,0.0008126777732629012,0.000609508329947176,0.0002031694433157253,0.0,0.000609508329947176,0.0,0.0,0.0,0.0,0.0,0.0,0.0,0.0002031694433157253,0.49309223892726534,0.0002031694433157253,0.28382771231206827,0.0002031694433157253,0.0,0.0,0.0002031694433157253,0.0004063388866314506,0.20967086550182853,0.0,0.0002031694433157253,0.0002031694433157253,0.0,0.0,0.001219016659894352,0.0,NZ_AP017305.1
0.00016498927569707968,0.00016498927569707968,0.0,0.00032997855139415937,0.0,0.00016498927569707968,0.0,0.00016498927569707968,0.0,0.0,0.0,0.0,0.00032997855139415937,0.00032997855139415937,0.00032997855139415937,0.00032997855139415937,0.0,0.0,0.00032997855139415937,0.0,0.0,0.00016498927569707968,0.0,0.0,0.00016498927569707968,0.00016498927569707968,0.0,0.0,0.0,0.0,0.00016498927569707968,0.00032997855139415937,0.00032997855139415937,0.0,0.0,0.0,0.000494967827091239,0.00016498927569707968,0.00016498927569707968,0.00016498927569707968,0.0,0.00016498927569707968,0.0,0.0,0.0,0.00032997855139415937,0.00016498927569707968,0.0,0.4416762910410823,0.0,0.2928559643623164,0.0,0.00016498927569707968,0.00016498927569707968,0.0,0.0,0.25804322719023265,0.00016498927569707968,0.0006599571027883187,0.0,0.00016498927569707968,0.00016498927569707968,0.00032997855139415937,0.0,NZ_AP017308.1
