AAA,AAC,AAG,AAT,ACA,ACC,ACG,ACT,AGA,AGC,AGG,AGT,ATA,ATC,ATG,ATT,CAA,CAC,CAG,CAT,CCA,CCC,CCG,CCT,CGA,CGC,CGG,CGT,CTA,CTC,CTG,CTT,GAA,GAC,GAG,GAT,GCA,GCC,GCG,GCT,GGA,GGC,GGG,GGT,GTA,GTC,GTG,GTT,TAC,TAT,TCA,TCC,TCG,TCT,TGC,TGG,TGT,TTA,TTC,TTG,TTT,ID
0.0,0.0,0.0,0.0,0.0,0.0,0.0,0.0,0.0,0.0,0.0,0.0,0.0,0.0002358490566037736,0.7742924528301887,0.0021226415094339622,0.0002358490566037736,0.0,0.0,0.0,0.0,0.0,0.0,0.0,0.0,0.0,0.0,0.0,0.0,0.0,0.0011792452830188679,0.0,0.0,0.0002358490566037736,0.0,0.0,0.0,0.0,0.0,0.0,0.0,0.0,0.0,0.0,0.0,0.0,0.09127358490566037,0.0,0.0,0.0,0.0,0.0,0.0,0.0,0.0,0.0,0.0,0.0,0.0,0.1304245283018868,0.0,NC_000964.3
0.0004929751047572097,0.0,0.0,0.0007394626571358146,0.0,0.0,0.0,0.00024648755237860487,0.00024648755237860487,0.0,0.0004929751047572097,0.0,0.0014789253142716292,0.0034508257333004683,0.788513680059157,0.0032043381809218636,0.00024648755237860487,0.00024648755237860487,0.0,0.0,0.0,0.0,0.0,0.00024648755237860487,0.00024648755237860487,0.0,0.0,0.0,0.0,0.00024648755237860487,0.0017254128666502342,0.0004929751047572097,0.00024648755237860487,0.00024648755237860487,0.00024648755237860487,0.0,0.00024648755237860487,0.0,0.0,0.0,0.0,0.0,0.0,0.0,0.00024648755237860487,0.0,0.10697559773231452,0.00024648755237860487,0.0,0.0004929751047572097,0.0,0.0,0.0,0.0,0.00024648755237860487,0.0,0.0,0.0,0.00024648755237860487,0.08824254375154054,0.0,NC_002570.2
0.0,0.0,0.0,0.0,0.000429553264604811,0.0,0.0,0.0,0.0,0.0,0.0,0.0,0.003436426116838488,0.0,0.8921821305841925,0.005584192439862543,0.0,0.0,0.0,0.0,0.0,0.0,0.0,0.0,0.0,0.0,0.0,0.0,0.0,0.0,0.000859106529209622,0.0,0.0,0.0,0.000429553264604811,0.0,0.0,0.0,0.0,0.0,0.0,0.0,0.000429553264604811,0.0,0.0,0.0,0.03865979381443299,0.000429553264604811,0.0,0.0,0.0,0.0,0.0,0.0,0.0,0.0,0.0,0.0,0.0,0.05756013745704467,0.0,NC_002662.1
0.001697792869269949,0.0,0.0,0.0005659309564233164,0.0011318619128466328,0.0,0.0,0.0,0.0,0.0,0.0,0.0,0.0022637238256932655,0.0,0.8975664968873798,0.0022637238256932655,0.0005659309564233164,0.0,0.0,0.0,0.0,0.0,0.0,0.0,0.0,0.0,0.0,0.0,0.0,0.0,0.001697792869269949,0.0,0.0,0.0005659309564233164,0.0,0.0,0.0,0.0005659309564233164,0.0,0.0,0.0005659309564233164,0.0,0.0,0.0005659309564233164,0.0,0.0,0.04753820033955857,0.0,0.0,0.0,0.0005659309564233164,0.0,0.0,0.0,0.0,0.0,0.0,0.0,0.0,0.041312959818902095,0.0005659309564233164,NC_002737.2
0.0003696857670979667,0.0,0.0,0.0007393715341959334,0.0,0.0,0.0003696857670979667,0.0,0.0,0.0,0.0,0.0003696857670979667,0.008133086876155268,0.0011090573012939,0.833271719038817,0.0036968576709796672,0.0003696857670979667,0.0,0.0,0.0,0.0,0.0,0.0,0.0,0.0,0.0,0.0,0.0,0.0,0.0,0.0,0.0,0.0003696857670979667,0.0003696857670979667,0.0003696857670979667,0.0,0.0,0.0,0.0,0.0003696857670979667,0.0,0.0,0.0,0.0003696857670979667,0.0003696857670979667,0.0,0.07134935304990758,0.0007393715341959334,0.0,0.0,0.0003696857670979667,0.0,0.0,0.0,0.0,0.0,0.0,0.0011090573012939,0.0,0.07578558225508318,0.0,NC_002745.2
0.0003562522265764161,0.0003562522265764161,0.0,0.0,0.0,0.0,0.0,0.0,0.0,0.0,0.0,0.0003562522265764161,0.0007125044531528322,0.0010687566797292483,0.8029925187032418,0.003562522265764161,0.0,0.0,0.0,0.0,0.0,0.0,0.0,0.0,0.0,0.0,0.0,0.0,0.0,0.0,0.0010687566797292483,0.0,0.0003562522265764161,0.0003562522265764161,0.0,0.0,0.0,0.0,0.0,0.0,0.0,0.0,0.0,0.0,0.0,0.0,0.08550053437833986,0.0,0.0,0.0,0.0,0.0003562522265764161,0.0,0.0,0.0,0.0,0.0,0.0,0.0,0.10295689348058425,0.0,NC_002973.6
0.005215742057847321,0.0,0.0,0.001896633475580844,0.0,0.0,0.0,0.000474158368895211,0.000948316737790422,0.0,0.0,0.000474158368895211,0.005215742057847321,0.003319108582266477,0.883357041251778,0.00474158368895211,0.000474158368895211,0.0,0.0,0.0,0.0,0.0,0.0,0.0,0.0,0.0,0.0,0.0,0.0,0.0,0.000948316737790422,0.0,0.000948316737790422,0.000474158368895211,0.001896633475580844,0.000474158368895211,0.0,0.0,0.0,0.000474158368895211,0.000948316737790422,0.0,0.0,0.0,0.001422475106685633,0.0,0.0431484115694642,0.000948316737790422,0.0,0.000474158368895211,0.0,0.0,0.0,0.000474158368895211,0.0,0.0,0.000474158368895211,0.000948316737790422,0.001422475106685633,0.03793266951161688,0.000474158368895211,NC_003028.3
0.0,0.0,0.0,0.0,0.00027114967462039046,0.0,0.0,0.0,0.0,0.0,0.0,0.00027114967462039046,0.003796095444685466,0.0,0.8088394793926247,0.0027114967462039045,0.0,0.0,0.0,0.0,0.0,0.0,0.0,0.0,0.0,0.0,0.0,0.0,0.0005422993492407809,0.0,0.00027114967462039046,0.0,0.0005422993492407809,0.00027114967462039046,0.0,0.0,0.00027114967462039046,0.0,0.0,0.0,0.0,0.0,0.0,0.0,0.0,0.0,0.07836225596529284,0.0005422993492407809,0.0,0.0005422993492407809,0.0,0.0,0.0,0.0,0.0,0.0,0.0,0.00027114967462039046,0.0,0.1022234273318872,0.00027114967462039046,NC_003030.1
0.00032927230819888045,0.0,0.00032927230819888045,0.0,0.0,0.00032927230819888045,0.0,0.0,0.0,0.0,0.0,0.0,0.0016463615409944023,0.0006585446163977609,0.8162660520250247,0.0032927230819888046,0.00032927230819888045,0.0,0.0,0.0,0.0,0.0,0.0,0.0,0.0,0.0,0.0,0.0,0.0,0.0,0.0013170892327955218,0.0,0.0,0.00032927230819888045,0.0,0.0,0.0,0.0,0.0,0.0,0.0,0.0,0.0,0.0,0.0,0.0,0.07672044781033915,0.0,0.0,0.0,0.0,0.0,0.0,0.0,0.0,0.0,0.0,0.0,0.0,0.09845242015146526,0.0,NC_003212.1
0.0,0.0,0.0,0.000757002271006813,0.0,0.0,0.0,0.0,0.0,0.0,0.0,0.0,0.002271006813020439,0.0,0.8569265707797123,0.0018925056775170325,0.0,0.0,0.0,0.0,0.0,0.0,0.0,0.0,0.0,0.0,0.0,0.0,0.0,0.0,0.0,0.0,0.0003785011355034065,0.0003785011355034065,0.0,0.0,0.0,0.0,0.0,0.0,0.0,0.0,0.0,0.0,0.0,0.0,0.0632096896290689,0.0,0.0,0.0,0.0,0.0,0.0,0.0,0.0,0.0,0.0,0.0,0.0,0.07418622255866768,0.0,NC_003366.1
0.0010712372790573112,0.0,0.0,0.0005356186395286556,0.0005356186395286556,0.0,0.0,0.0,0.0005356186395286556,0.0,0.0,0.0,0.002678093197643278,0.0010712372790573112,0.8982324584895555,0.0016068559185859668,0.0005356186395286556,0.0,0.0005356186395286556,0.0,0.0,0.0,0.0,0.0,0.0,0.0,0.0,0.0,0.0,0.0,0.0005356186395286556,0.0,0.0,0.0005356186395286556,0.0,0.0,0.0,0.0,0.0,0.0,0.0005356186395286556,0.0,0.0,0.0005356186395286556,0.0,0.0,0.04713444027852169,0.0,0.0,0.0005356186395286556,0.0,0.0,0.0,0.0,0.0,0.0,0.0,0.0,0.0,0.04231387252276379,0.0005356186395286556,NC_003485.1
0.0011312217194570137,0.0,0.0007541478129713424,0.0007541478129713424,0.0,0.0,0.0,0.0,0.0,0.0,0.0007541478129713424,0.0,0.005279034690799397,0.0007541478129713424,0.754524886877828,0.00641025641025641,0.0,0.0,0.0,0.0,0.0003770739064856712,0.0,0.0,0.0003770739064856712,0.0,0.0,0.0,0.0,0.0,0.0,0.0011312217194570137,0.0,0.0011312217194570137,0.0003770739064856712,0.0003770739064856712,0.0,0.0,0.0,0.0,0.0,0.0,0.0,0.0003770739064856712,0.0007541478129713424,0.0,0.0,0.12104072398190045,0.0003770739064856712,0.0,0.0003770739064856712,0.0,0.0,0.0,0.0,0.0,0.0003770739064856712,0.0,0.0007541478129713424,0.0,0.10180995475113122,0.0,NC_003869.1
0.0005616925669350309,0.0,0.0001872308556450103,0.0001872308556450103,0.0003744617112900206,0.0003744617112900206,0.0,0.0,0.0,0.0,0.0,0.0001872308556450103,0.002995693690320165,0.0005616925669350309,0.8298071522186856,0.0033701554016101853,0.0003744617112900206,0.0,0.0,0.0,0.0003744617112900206,0.0,0.0,0.0001872308556450103,0.0001872308556450103,0.0,0.0,0.0,0.0,0.0,0.0003744617112900206,0.0,0.0,0.0001872308556450103,0.0,0.0001872308556450103,0.0,0.0,0.0,0.0,0.0001872308556450103,0.0,0.0,0.0001872308556450103,0.0,0.0,0.08050926792735442,0.0001872308556450103,0.0,0.0003744617112900206,0.0005616925669350309,0.0001872308556450103,0.0001872308556450103,0.0001872308556450103,0.0001872308556450103,0.0,0.0,0.0005616925669350309,0.0,0.07582849653622917,0.0003744617112900206,NC_003997.3
0.0002836074872376631,0.0002836074872376631,0.0,0.0,0.0,0.0002836074872376631,0.0,0.0,0.0,0.0,0.0,0.0,0.003119682359614294,0.0019852524106636414,0.809699376063528,0.004254112308564946,0.0,0.0002836074872376631,0.0,0.0,0.0,0.0,0.0,0.0,0.0,0.0,0.0,0.0,0.0,0.0,0.0,0.0,0.0002836074872376631,0.0005672149744753262,0.0,0.0,0.0,0.0,0.0,0.0,0.0,0.0002836074872376631,0.0,0.0,0.0,0.0,0.07487237663074305,0.0,0.0,0.0,0.0,0.0,0.0,0.0,0.0,0.0,0.0,0.0,0.0,0.10380034032898469,0.0,NC_004193.1
0.0,0.0003287310979618672,0.0,0.0,0.0,0.0003287310979618672,0.0,0.0,0.0,0.0,0.0,0.0,0.0006574621959237344,0.0003287310979618672,0.851413543721236,0.0019723865877712033,0.0,0.0,0.0,0.0003287310979618672,0.0,0.0,0.0,0.0,0.0,0.0,0.0,0.0,0.0,0.0,0.0009861932938856016,0.0,0.0,0.0003287310979618672,0.0,0.0,0.0,0.0,0.0,0.0,0.0,0.0,0.0,0.0003287310979618672,0.0,0.0,0.07527942143326759,0.0003287310979618672,0.0,0.0,0.0,0.0,0.0003287310979618672,0.0003287310979618672,0.0,0.0,0.0,0.0003287310979618672,0.0,0.06607495069033531,0.0003287310979618672,NC_004567.2
0.000555247084952804,0.00037016472330186933,0.00018508236165093466,0.00037016472330186933,0.00018508236165093466,0.00018508236165093466,0.0,0.0,0.0,0.00037016472330186933,0.0,0.00018508236165093466,0.0040718119563205625,0.0009254118082546734,0.8236165093466593,0.003146400148065889,0.00018508236165093466,0.00018508236165093466,0.0,0.0,0.00037016472330186933,0.00018508236165093466,0.0,0.0,0.0,0.0,0.0,0.0,0.0,0.0,0.000555247084952804,0.00018508236165093466,0.0007403294466037387,0.00018508236165093466,0.00018508236165093466,0.0,0.00018508236165093466,0.0,0.0,0.0,0.00037016472330186933,0.0,0.0,0.0,0.0,0.0,0.08236165093466592,0.0007403294466037387,0.0,0.000555247084952804,0.0,0.0,0.0,0.00018508236165093466,0.0,0.0,0.0,0.000555247084952804,0.0,0.07717934480843976,0.0009254118082546734,NC_004722.1
0.0,0.0,0.0,0.0005467468562055768,0.0,0.0,0.0,0.0,0.0,0.0,0.0,0.0,0.002733734281027884,0.0,0.865500273373428,0.0016402405686167304,0.0,0.0,0.0,0.0010934937124111536,0.0,0.0,0.0,0.0,0.0,0.0,0.0,0.0,0.0,0.0,0.0005467468562055768,0.0,0.0005467468562055768,0.0010934937124111536,0.0,0.0,0.0,0.0,0.0,0.0,0.0,0.0,0.0,0.0,0.0,0.0,0.06232914160743576,0.0,0.0,0.0,0.0,0.0,0.0,0.0,0.0,0.0,0.0,0.0010934937124111536,0.0,0.06287588846364134,0.0,NC_005362.1
0.0,0.0,0.0,0.0,0.0,0.0,0.0003057169061449098,0.0,0.0,0.0,0.0,0.0,0.0,0.003362885967594008,0.5937022317334149,0.0006114338122898196,0.0,0.0,0.0,0.0,0.0006114338122898196,0.0003057169061449098,0.0003057169061449098,0.0006114338122898196,0.0,0.0,0.0006114338122898196,0.0,0.0,0.0003057169061449098,0.004891470498318557,0.0,0.0,0.0003057169061449098,0.0009171507184347294,0.0,0.0003057169061449098,0.0003057169061449098,0.0003057169061449098,0.0003057169061449098,0.0003057169061449098,0.0,0.0003057169061449098,0.0,0.0,0.0003057169061449098,0.3078569244879242,0.0,0.0,0.0,0.0,0.0,0.0,0.0,0.0,0.0,0.0,0.0003057169061449098,0.0,0.08284928156527056,0.0,NC_006177.1
0.00023452157598499062,0.0,0.0,0.00023452157598499062,0.0,0.0,0.00023452157598499062,0.0,0.0,0.0,0.0,0.0,0.003517823639774859,0.00398686679174484,0.7720450281425891,0.003517823639774859,0.0,0.00023452157598499062,0.0,0.00046904315196998124,0.0,0.0,0.0,0.00023452157598499062,0.0,0.0,0.0,0.0,0.0,0.0,0.0028142589118198874,0.00023452157598499062,0.00023452157598499062,0.00023452157598499062,0.0,0.0,0.0,0.0,0.00023452157598499062,0.0,0.00023452157598499062,0.00046904315196998124,0.00023452157598499062,0.0,0.0,0.0,0.09849906191369606,0.0,0.00023452157598499062,0.0,0.0,0.0,0.0,0.0,0.0,0.0,0.0,0.00023452157598499062,0.0,0.11163227016885553,0.0,NC_006270.3
0.0,0.00028661507595299513,0.00028661507595299513,0.0,0.00028661507595299513,0.0,0.0005732301519059903,0.0,0.0008598452278589854,0.00028661507595299513,0.0,0.00028661507595299513,0.002292920607623961,0.0005732301519059903,0.7962166809974205,0.0008598452278589854,0.0005732301519059903,0.0,0.00028661507595299513,0.00028661507595299513,0.0,0.00028661507595299513,0.0,0.0,0.0,0.00028661507595299513,0.0005732301519059903,0.0005732301519059903,0.00028661507595299513,0.0005732301519059903,0.0017196904557179708,0.00028661507595299513,0.00028661507595299513,0.0005732301519059903,0.00028661507595299513,0.00028661507595299513,0.0,0.00028661507595299513,0.0005732301519059903,0.00028661507595299513,0.0005732301519059903,0.0,0.0,0.0,0.0,0.0005732301519059903,0.11063341931785611,0.00028661507595299513,0.0008598452278589854,0.00028661507595299513,0.0,0.0,0.00028661507595299513,0.00028661507595299513,0.0,0.00028661507595299513,0.0,0.00028661507595299513,0.0,0.07394668959587274,0.0005732301519059903,NC_006510.1
0.00023512814483893723,0.00023512814483893723,0.0,0.0,0.0,0.0,0.0,0.0,0.0,0.0,0.0,0.0,0.003997178462261932,0.0025864095932283094,0.7738067246649424,0.005407947331295556,0.0,0.0,0.00047025628967787447,0.0,0.00023512814483893723,0.0,0.00023512814483893723,0.00023512814483893723,0.0,0.0,0.0,0.0,0.00023512814483893723,0.0,0.0011756407241946861,0.0,0.0,0.0007053844345168116,0.0,0.00023512814483893723,0.00023512814483893723,0.0,0.0,0.0,0.00023512814483893723,0.00023512814483893723,0.0,0.0,0.0,0.0,0.11403715024688456,0.00047025628967787447,0.00023512814483893723,0.00047025628967787447,0.0,0.0,0.00023512814483893723,0.0,0.0,0.00047025628967787447,0.0,0.00047025628967787447,0.0,0.09311074535621915,0.0,NC_006582.1
0.0010822510822510823,0.0,0.0010822510822510823,0.0,0.0,0.0,0.0,0.0,0.0005411255411255411,0.0,0.0,0.0,0.003246753246753247,0.0021645021645021645,0.8593073593073594,0.00487012987012987,0.0,0.0,0.0,0.0,0.0,0.0,0.0,0.0,0.0,0.0,0.0,0.0,0.0,0.0,0.0,0.0,0.0,0.0005411255411255411,0.0,0.0,0.0,0.0,0.0,0.0005411255411255411,0.0,0.0,0.0,0.0,0.0005411255411255411,0.0,0.04491341991341991,0.0,0.0,0.0005411255411255411,0.0005411255411255411,0.0,0.0,0.0,0.0,0.0,0.0,0.0,0.0,0.08008658008658008,0.0,NC_006814.3
0.0,0.0,0.0004050222762251924,0.0,0.0,0.0,0.0,0.0,0.0,0.0,0.0004050222762251924,0.0,0.0016200891049007696,0.0028351559335763467,0.7330903199675982,0.006075334143377886,0.0,0.0,0.0,0.0,0.0004050222762251924,0.0,0.0,0.0,0.0,0.0,0.0,0.0004050222762251924,0.0,0.0,0.0016200891049007696,0.0,0.0,0.0004050222762251924,0.0004050222762251924,0.0,0.0,0.0,0.0,0.0004050222762251924,0.0,0.0,0.0,0.0,0.0,0.0,0.13608748481166463,0.0,0.0,0.0,0.0,0.0,0.0,0.0,0.0,0.0,0.0,0.0,0.0,0.11543134872417983,0.0004050222762251924,NC_007503.1
0.0005473453749315818,0.0,0.0,0.0,0.0,0.0,0.0,0.0,0.0,0.0,0.0,0.0,0.0021893814997263274,0.0005473453749315818,0.8401751505199782,0.0060207991242474,0.0,0.0,0.0,0.0,0.0,0.0,0.0,0.0,0.0,0.0,0.0,0.0,0.0,0.0,0.0021893814997263274,0.0,0.0,0.0005473453749315818,0.0005473453749315818,0.0,0.0005473453749315818,0.0,0.0,0.0,0.0,0.0,0.0,0.0,0.0,0.0,0.06349206349206349,0.0,0.0,0.0,0.0,0.0,0.0,0.0,0.0,0.0,0.0,0.0,0.0,0.08319649698960044,0.0,NC_007576.1
0.0003711952487008166,0.0,0.0001855976243504083,0.0,0.0,0.0,0.0,0.0,0.0001855976243504083,0.0001855976243504083,0.0,0.0,0.0009279881217520415,0.0005567928730512249,0.7848923533778768,0.0031551596139569415,0.0,0.0003711952487008166,0.0001855976243504083,0.0005567928730512249,0.0,0.0,0.0,0.0,0.0,0.0,0.0,0.0,0.0,0.0001855976243504083,0.0014847809948032665,0.0001855976243504083,0.0,0.0001855976243504083,0.0001855976243504083,0.0,0.0,0.0,0.0,0.0,0.0,0.0,0.0,0.0,0.0001855976243504083,0.0,0.1093170007423905,0.0001855976243504083,0.0,0.0001855976243504083,0.0,0.0,0.0,0.0,0.0005567928730512249,0.0,0.0,0.0001855976243504083,0.0001855976243504083,0.09521158129175947,0.0001855976243504083,NC_007907.1
0.0005704506560182544,0.0,0.0,0.0,0.0,0.0,0.0,0.0,0.0,0.0,0.0,0.0,0.0017113519680547634,0.0,0.809469480889903,0.00513405590416429,0.0005704506560182544,0.0,0.0,0.0,0.0005704506560182544,0.0,0.0,0.0,0.0,0.0,0.0,0.0,0.0,0.0,0.0005704506560182544,0.0,0.0,0.0005704506560182544,0.0,0.0,0.0,0.0,0.0,0.0,0.0,0.0,0.0,0.0005704506560182544,0.0,0.0,0.08157444381061038,0.0,0.0,0.0,0.0,0.0,0.0,0.0,0.0,0.0,0.0,0.0,0.0,0.09868796349115802,0.0,NC_007929.1
0.0,0.0,0.0,0.0,0.0,0.0,0.0,0.0,0.0,0.0,0.0,0.0,0.0018198362147406734,0.004549590536851683,0.8034576888080073,0.005004549590536852,0.0,0.0,0.0,0.0,0.0,0.0,0.0,0.0,0.0,0.0,0.0,0.0,0.0,0.0,0.0018198362147406734,0.0,0.0,0.00045495905368516835,0.0,0.0,0.00045495905368516835,0.0,0.0,0.0,0.0,0.0,0.0,0.00045495905368516835,0.0,0.0,0.10555050045495905,0.0,0.0,0.0,0.0,0.0,0.0,0.0,0.0,0.00045495905368516835,0.0,0.0,0.0,0.07597816196542312,0.0,NC_008497.1
0.0,0.0,0.0,0.0,0.0,0.0,0.0,0.0,0.0,0.0,0.0,0.0,0.002294893861158921,0.0034423407917383822,0.8651749856569134,0.002868617326448652,0.0,0.0,0.0,0.0,0.0,0.0,0.0,0.0,0.0,0.0,0.0,0.0,0.0,0.0,0.0,0.0,0.0,0.0005737234652897303,0.0,0.0,0.0,0.0,0.0,0.0,0.0,0.0,0.0,0.0,0.0,0.0,0.04073436603557085,0.0,0.0,0.0,0.0,0.0,0.0,0.0,0.0,0.0,0.0,0.0,0.0,0.08491107286288009,0.0,NC_008525.1
0.0,0.00036536353671903543,0.0,0.00036536353671903543,0.0,0.0,0.0,0.0007307270734380709,0.0,0.0,0.0,0.0,0.0007307270734380709,0.001826817683595177,0.8231640482279868,0.0025575447570332483,0.00036536353671903543,0.00036536353671903543,0.0,0.00036536353671903543,0.00036536353671903543,0.0,0.00036536353671903543,0.0,0.0,0.0,0.0,0.0,0.00036536353671903543,0.0,0.00036536353671903543,0.0007307270734380709,0.0,0.0007307270734380709,0.0,0.0,0.0,0.0,0.0,0.0,0.0,0.00036536353671903543,0.0,0.00036536353671903543,0.00036536353671903543,0.0,0.08111070515162587,0.00036536353671903543,0.0,0.0,0.00036536353671903543,0.0,0.0,0.00036536353671903543,0.0,0.0,0.0,0.0007307270734380709,0.0,0.08184143222506395,0.00036536353671903543,NC_008526.1
0.0005564830272676684,0.0005564830272676684,0.0011129660545353367,0.0005564830272676684,0.0,0.0,0.0,0.0,0.0,0.0005564830272676684,0.0,0.0,0.00333889816360601,0.0022259321090706734,0.8419588202559822,0.005008347245409015,0.0005564830272676684,0.0,0.0,0.0,0.0,0.0005564830272676684,0.0,0.0,0.0,0.0,0.0,0.0,0.0,0.0,0.0005564830272676684,0.0,0.0,0.0005564830272676684,0.0,0.0,0.0,0.0,0.0,0.0,0.0,0.0,0.0,0.0005564830272676684,0.0,0.0,0.045631608235948806,0.0,0.0,0.0,0.0,0.0005564830272676684,0.0,0.0011129660545353367,0.0,0.0,0.0,0.0,0.0,0.09404563160823595,0.0,NC_008528.1
0.0,0.0,0.0,0.0,0.0,0.0,0.0,0.0,0.0,0.0,0.0,0.0,0.0020387359836901123,0.0010193679918450561,0.9393476044852191,0.0025484199796126403,0.0,0.0,0.0,0.0,0.0,0.0,0.0,0.0,0.0,0.0,0.0,0.0,0.0005096839959225281,0.0,0.0005096839959225281,0.0,0.0,0.0,0.0,0.0,0.0,0.0,0.0,0.0,0.0005096839959225281,0.0,0.0,0.0005096839959225281,0.0,0.0,0.02599388379204893,0.0,0.0,0.0,0.0,0.0,0.0,0.0,0.0,0.0,0.0,0.0,0.0,0.02599388379204893,0.0010193679918450561,NC_008531.1
0.0003614022406938923,0.0,0.0,0.0003614022406938923,0.0,0.0,0.0,0.0,0.0,0.0,0.0,0.0,0.002529815684857246,0.0021684134441633538,0.8001445608962776,0.003614022406938923,0.0,0.0,0.0,0.0,0.0,0.0,0.0,0.0,0.0,0.0,0.0,0.0,0.0003614022406938923,0.0,0.0014456089627755693,0.0,0.0,0.0003614022406938923,0.0,0.0,0.0,0.0,0.0,0.0003614022406938923,0.0,0.0,0.0,0.0,0.0,0.0,0.08239971087820744,0.0,0.0,0.0,0.0,0.0003614022406938923,0.0,0.0,0.0,0.0,0.0,0.0,0.0,0.10516805204192266,0.0003614022406938923,NC_008555.1
0.00043010752688172043,0.0,0.0,0.00043010752688172043,0.0,0.0,0.0,0.0,0.0,0.0,0.0,0.0,0.006021505376344086,0.0008602150537634409,0.8301075268817204,0.006021505376344086,0.0,0.0,0.0,0.0,0.0,0.0,0.0,0.0,0.0,0.0,0.0,0.0,0.0,0.0,0.0,0.0,0.0,0.00043010752688172043,0.00043010752688172043,0.00043010752688172043,0.0,0.0,0.0,0.0,0.0,0.0,0.0,0.0008602150537634409,0.0,0.0,0.07526881720430108,0.0,0.0,0.0008602150537634409,0.0,0.0,0.0,0.0,0.0,0.0,0.0,0.0,0.0,0.07655913978494623,0.0012903225806451613,NC_008593.1
0.0,0.000441306266548985,0.0,0.0,0.0,0.0,0.0,0.0,0.000441306266548985,0.0,0.0,0.0,0.00088261253309797,0.00176522506619594,0.9157105030891438,0.001323918799646955,0.000441306266548985,0.0,0.0,0.0,0.0,0.0,0.0,0.000441306266548985,0.0,0.0,0.0,0.0,0.0,0.0,0.0,0.0,0.000441306266548985,0.000441306266548985,0.0,0.0,0.0,0.0,0.0,0.0,0.0,0.001323918799646955,0.0,0.000441306266548985,0.0,0.0,0.037069726390114736,0.0,0.0,0.0,0.000441306266548985,0.000441306266548985,0.0,0.0,0.0,0.0,0.0,0.0,0.0,0.03795233892321271,0.0,NC_009009.1
0.0005971931919976113,0.00029859659599880563,0.00029859659599880563,0.00029859659599880563,0.0,0.0,0.0,0.0,0.0005971931919976113,0.0,0.0,0.00029859659599880563,0.0035831591519856674,0.001492982979994028,0.7990444908928038,0.0035831591519856674,0.0,0.00029859659599880563,0.0,0.0,0.0,0.0,0.0,0.0,0.0,0.0,0.0,0.0,0.0,0.0,0.001492982979994028,0.0,0.0,0.0005971931919976113,0.00029859659599880563,0.0,0.0,0.0,0.00029859659599880563,0.0,0.0,0.0,0.0,0.00029859659599880563,0.0,0.0,0.0961481039116154,0.0,0.0,0.00029859659599880563,0.0,0.0,0.0,0.0,0.0,0.00029859659599880563,0.0,0.005374738727978501,0.00029859659599880563,0.08420424007166319,0.0,NC_009012.1
0.0002615062761506276,0.0002615062761506276,0.0002615062761506276,0.0,0.0005230125523012552,0.0,0.0,0.0005230125523012552,0.0,0.0,0.0,0.0,0.003922594142259414,0.0,0.852510460251046,0.0020920502092050207,0.0002615062761506276,0.0,0.0,0.0007845188284518828,0.0005230125523012552,0.0,0.0,0.0,0.0,0.0,0.0,0.0,0.0,0.0,0.0010460251046025104,0.0005230125523012552,0.0,0.0002615062761506276,0.0,0.0002615062761506276,0.0,0.0,0.0,0.0,0.0,0.0,0.0,0.0,0.0,0.0,0.0625,0.0,0.0002615062761506276,0.0,0.0002615062761506276,0.0,0.0,0.0,0.0,0.0,0.0,0.0,0.0,0.07269874476987448,0.0002615062761506276,NC_009089.1
0.0002843332385555871,0.0002843332385555871,0.0002843332385555871,0.0,0.0002843332385555871,0.0,0.0,0.0002843332385555871,0.0002843332385555871,0.0005686664771111743,0.0,0.0002843332385555871,0.004833665055444982,0.0008529997156667614,0.6969007676997441,0.005686664771111743,0.0,0.0,0.0002843332385555871,0.0,0.0,0.0,0.0,0.0,0.0,0.0,0.0,0.0,0.0,0.0,0.0008529997156667614,0.0,0.0002843332385555871,0.0002843332385555871,0.0,0.0005686664771111743,0.0,0.0008529997156667614,0.0,0.0,0.0002843332385555871,0.0,0.0,0.0002843332385555871,0.0008529997156667614,0.0,0.12880295706568098,0.0005686664771111743,0.0002843332385555871,0.0002843332385555871,0.0,0.0,0.0,0.0,0.0,0.0,0.0,0.0,0.0,0.15439294853568383,0.0002843332385555871,NC_009253.1
0.0005747126436781609,0.0,0.00028735632183908046,0.0,0.0,0.00028735632183908046,0.0,0.0,0.00028735632183908046,0.0,0.0,0.00028735632183908046,0.002011494252873563,0.0017241379310344827,0.7945402298850575,0.003735632183908046,0.0,0.0,0.00028735632183908046,0.0,0.0,0.0,0.00028735632183908046,0.0,0.0,0.0,0.0,0.0,0.0,0.00028735632183908046,0.0008620689655172414,0.00028735632183908046,0.00028735632183908046,0.0005747126436781609,0.00028735632183908046,0.0,0.0,0.0005747126436781609,0.0,0.0,0.00028735632183908046,0.0,0.0,0.0,0.0,0.0,0.11005747126436781,0.00028735632183908046,0.0,0.00028735632183908046,0.00028735632183908046,0.00028735632183908046,0.00028735632183908046,0.0,0.0,0.00028735632183908046,0.00028735632183908046,0.0,0.00028735632183908046,0.07959770114942528,0.00028735632183908046,NC_009328.1
0.0003489183531053733,0.0003489183531053733,0.0,0.0003489183531053733,0.0006978367062107466,0.0,0.0,0.0,0.0006978367062107466,0.0003489183531053733,0.0006978367062107466,0.0,0.0045359385903698535,0.00104675505931612,0.7466852756454989,0.005931612002791347,0.0003489183531053733,0.0,0.0006978367062107466,0.0,0.0,0.0003489183531053733,0.0,0.0003489183531053733,0.0003489183531053733,0.0,0.0003489183531053733,0.0,0.0003489183531053733,0.0006978367062107466,0.0003489183531053733,0.0003489183531053733,0.0,0.0003489183531053733,0.0006978367062107466,0.0,0.0006978367062107466,0.0,0.0,0.0,0.0003489183531053733,0.0,0.0,0.0,0.0,0.0003489183531053733,0.09106769016050244,0.0003489183531053733,0.0,0.0,0.0003489183531053733,0.0,0.0,0.0,0.0,0.0,0.0,0.0,0.0,0.13921842288904396,0.0006978367062107466,NC_009437.1
0.0005630630630630631,0.0,0.0,0.00028153153153153153,0.0,0.0,0.0,0.0,0.0,0.0,0.0,0.0,0.00365990990990991,0.0008445945945945946,0.8293918918918919,0.002533783783783784,0.00028153153153153153,0.00028153153153153153,0.0,0.0,0.0,0.0,0.0,0.00028153153153153153,0.0,0.0,0.0,0.0,0.0,0.0,0.00028153153153153153,0.0,0.00028153153153153153,0.00028153153153153153,0.0,0.00028153153153153153,0.00028153153153153153,0.0,0.0,0.0,0.00028153153153153153,0.0,0.0,0.0,0.00028153153153153153,0.0,0.06756756756756757,0.0,0.0,0.0,0.0,0.0,0.00028153153153153153,0.0,0.0,0.0,0.0,0.0005630630630630631,0.0,0.09121621621621621,0.00028153153153153153,NC_009495.1
0.0005083884087442806,0.0,0.0,0.0005083884087442806,0.0,0.0,0.0,0.0005083884087442806,0.0005083884087442806,0.0,0.0,0.0,0.0035587188612099642,0.0020335536349771225,0.8357905439755974,0.002541942043721403,0.0005083884087442806,0.0,0.0005083884087442806,0.0,0.0,0.0,0.0,0.0,0.0,0.0,0.0,0.0005083884087442806,0.0,0.0,0.0,0.0005083884087442806,0.0010167768174885613,0.0,0.0,0.0,0.0,0.0,0.0,0.0005083884087442806,0.0005083884087442806,0.0,0.0005083884087442806,0.0,0.0,0.0,0.08744280630401627,0.0005083884087442806,0.0,0.0,0.0,0.0,0.0,0.0,0.0,0.0005083884087442806,0.0,0.0,0.0,0.061006609049313675,0.0,NC_009513.1
0.00041511000415110004,0.0,0.0,0.00041511000415110004,0.0,0.0,0.0,0.00020755500207555002,0.00020755500207555002,0.00020755500207555002,0.0,0.00020755500207555002,0.0049813200498132005,0.00228310502283105,0.8019925280199253,0.006641760066417601,0.0,0.00041511000415110004,0.0,0.00041511000415110004,0.00020755500207555002,0.0,0.0,0.00020755500207555002,0.0,0.0,0.0,0.0,0.0,0.0,0.0008302200083022001,0.0,0.0,0.00020755500207555002,0.0,0.00020755500207555002,0.0,0.00041511000415110004,0.0,0.0,0.0,0.0,0.0,0.0006226650062266501,0.00020755500207555002,0.00041511000415110004,0.08302200083022,0.00041511000415110004,0.0,0.00020755500207555002,0.00020755500207555002,0.00041511000415110004,0.0,0.00041511000415110004,0.0,0.0,0.0,0.00041511000415110004,0.0,0.09298464092984642,0.00020755500207555002,NC_009633.1
0.0,0.0005333333333333334,0.0,0.0,0.0,0.0,0.0,0.0,0.0002666666666666667,0.0,0.0002666666666666667,0.0,0.0013333333333333333,0.0016,0.7736,0.0029333333333333334,0.0,0.0002666666666666667,0.0005333333333333334,0.0,0.0,0.0,0.0002666666666666667,0.0,0.0,0.0,0.0,0.0,0.0,0.0,0.0037333333333333333,0.0002666666666666667,0.0002666666666666667,0.0005333333333333334,0.0002666666666666667,0.0,0.0005333333333333334,0.0,0.0,0.0,0.0,0.0002666666666666667,0.0002666666666666667,0.0002666666666666667,0.0008,0.0002666666666666667,0.0944,0.0005333333333333334,0.0002666666666666667,0.0002666666666666667,0.0002666666666666667,0.0002666666666666667,0.0,0.0005333333333333334,0.0,0.0,0.0,0.0,0.0002666666666666667,0.11413333333333334,0.0,NC_009725.2
0.0004887585532746823,0.0,0.0,0.0,0.0,0.0,0.0,0.0,0.0,0.0,0.0,0.0,0.004887585532746823,0.0009775171065493646,0.9213098729227761,0.0019550342130987292,0.0,0.0,0.0,0.0,0.0,0.0,0.0,0.0004887585532746823,0.0,0.0,0.0,0.0004887585532746823,0.0,0.0,0.0,0.0,0.0004887585532746823,0.0004887585532746823,0.0,0.0,0.0,0.0,0.0,0.0004887585532746823,0.0,0.0,0.0,0.0,0.0,0.0,0.03763440860215054,0.0,0.0004887585532746823,0.0004887585532746823,0.0,0.0,0.0,0.0004887585532746823,0.0,0.0,0.0004887585532746823,0.0,0.0,0.028347996089931573,0.0,NC_009785.1
0.0,0.0002727024815925825,0.0,0.000545404963185165,0.0,0.0,0.0,0.0,0.0,0.0,0.0,0.0002727024815925825,0.0029997272975184073,0.004635942187073902,0.7755658576493046,0.002727024815925825,0.0,0.0,0.0,0.0002727024815925825,0.0,0.0,0.0,0.0,0.0,0.0,0.0,0.0,0.0,0.0,0.002727024815925825,0.0,0.0,0.0002727024815925825,0.0,0.0002727024815925825,0.0,0.0,0.0,0.0,0.0,0.0,0.0,0.0,0.0002727024815925825,0.0,0.0889010089991819,0.0,0.0,0.0002727024815925825,0.0,0.0,0.0,0.0002727024815925825,0.0,0.0,0.0,0.0,0.0,0.11944368693755113,0.0002727024815925825,NC_009848.4
0.0,0.0,0.0,0.0006770480704129993,0.0,0.00033852403520649965,0.0,0.0,0.0,0.0,0.0,0.0,0.006093432633716994,0.001015572105619499,0.8165199729180772,0.003046716316858497,0.0,0.00033852403520649965,0.0,0.0,0.0,0.0,0.0,0.00033852403520649965,0.0,0.0,0.0,0.0,0.0,0.0,0.00033852403520649965,0.0,0.0006770480704129993,0.00033852403520649965,0.0,0.0006770480704129993,0.0,0.0,0.0,0.0,0.0,0.0,0.0,0.0,0.0,0.0,0.07650643195666892,0.0,0.0,0.0,0.0,0.0,0.0,0.00033852403520649965,0.0,0.0,0.0,0.0,0.0,0.0927555856465809,0.0,NC_009922.1
0.0,0.0,0.0,0.00024850894632206757,0.0,0.0,0.0,0.0,0.0,0.0,0.0,0.0,0.0032306163021868788,0.0004970178926441351,0.8909045725646123,0.0034791252485089465,0.0,0.0,0.00024850894632206757,0.0,0.00024850894632206757,0.0,0.0,0.0,0.0,0.0,0.0,0.00024850894632206757,0.0,0.0,0.0009940357852882703,0.0,0.0,0.00024850894632206757,0.0,0.00024850894632206757,0.0,0.0,0.0,0.0,0.00024850894632206757,0.0,0.0,0.0,0.0,0.0,0.04622266401590457,0.0,0.00024850894632206757,0.0007455268389662028,0.0,0.0,0.0,0.0,0.0,0.0,0.0,0.0,0.0,0.05144135188866799,0.0004970178926441351,NC_010001.1
0.0004828585224529213,0.0014485755673587638,0.0,0.001931434089811685,0.0,0.0004828585224529213,0.0,0.0,0.0,0.0009657170449058426,0.0004828585224529213,0.0004828585224529213,0.008208594881699663,0.001931434089811685,0.8155480444229841,0.009657170449058426,0.0004828585224529213,0.0004828585224529213,0.0,0.0014485755673587638,0.0,0.0,0.0,0.0004828585224529213,0.0,0.0,0.0,0.0,0.0004828585224529213,0.0,0.0024142926122646064,0.0004828585224529213,0.0,0.0004828585224529213,0.0014485755673587638,0.0004828585224529213,0.0009657170449058426,0.0,0.0,0.0,0.0004828585224529213,0.0004828585224529213,0.0004828585224529213,0.0,0.0009657170449058426,0.0,0.04780299372283921,0.0009657170449058426,0.0009657170449058426,0.0004828585224529213,0.0004828585224529213,0.0,0.0,0.0,0.0,0.0,0.0004828585224529213,0.0009657170449058426,0.0009657170449058426,0.09270883631096088,0.0004828585224529213,NC_010080.1
0.0003782863627766219,0.0,0.0003782863627766219,0.0009457159069415548,0.00018914318138831096,0.0,0.00018914318138831096,0.0,0.00018914318138831096,0.00018914318138831096,0.0,0.00018914318138831096,0.0030262909022129754,0.0007565727255532438,0.8180442595044448,0.004161149990542841,0.0,0.0003782863627766219,0.0,0.0,0.0,0.0,0.0,0.0,0.0,0.0,0.0,0.0,0.0003782863627766219,0.0,0.0005674295441649329,0.0,0.0007565727255532438,0.0003782863627766219,0.0,0.0003782863627766219,0.0,0.00018914318138831096,0.00018914318138831096,0.00018914318138831096,0.00018914318138831096,0.0,0.00018914318138831096,0.0003782863627766219,0.00018914318138831096,0.0,0.08076413845280878,0.0005674295441649329,0.0,0.0003782863627766219,0.00018914318138831096,0.0,0.0,0.0,0.0,0.00018914318138831096,0.00018914318138831096,0.0009457159069415548,0.00018914318138831096,0.0828447134480802,0.0007565727255532438,NC_010184.1
0.0008609556607834697,0.0,0.00043047783039173483,0.0,0.00043047783039173483,0.0,0.0,0.0,0.0,0.0,0.0,0.0,0.0064571674558760225,0.00043047783039173483,0.7877744296168747,0.0038743004735256135,0.00043047783039173483,0.0,0.0,0.00043047783039173483,0.0,0.0,0.0,0.0,0.0,0.0,0.0,0.0,0.0,0.0,0.0008609556607834697,0.00043047783039173483,0.00043047783039173483,0.00043047783039173483,0.0,0.0008609556607834697,0.00043047783039173483,0.00043047783039173483,0.0,0.00043047783039173483,0.0,0.0,0.0,0.0,0.00043047783039173483,0.0,0.10417563495479983,0.0,0.00043047783039173483,0.00043047783039173483,0.0,0.0,0.0,0.0,0.00043047783039173483,0.0,0.0,0.0,0.0,0.08867843306069738,0.0,NC_010321.1
0.0,0.0,0.0,0.0,0.0,0.0,0.0,0.0,0.0,0.00036563071297989033,0.0,0.0,0.0021937842778793418,0.006946983546617916,0.6658135283363803,0.0018281535648994515,0.0,0.0,0.0,0.0,0.0,0.0,0.0,0.0,0.0,0.00036563071297989033,0.0,0.0,0.0,0.0,0.007312614259597806,0.0,0.0,0.0007312614259597807,0.00036563071297989033,0.0,0.0,0.0,0.0,0.0,0.0,0.0,0.0,0.0,0.0,0.0,0.1590493601462523,0.0,0.0,0.0,0.0,0.0,0.0,0.0,0.0,0.0,0.0,0.00036563071297989033,0.0,0.1546617915904936,0.0,NC_010337.2
0.0006042296072507553,0.0,0.0,0.0,0.0,0.0,0.0,0.0,0.0,0.0,0.0,0.0,0.002416918429003021,0.0006042296072507553,0.9172205438066465,0.0006042296072507553,0.0,0.0,0.0,0.0,0.0,0.0,0.0,0.0,0.0,0.0,0.0,0.0,0.0,0.0,0.0,0.0,0.0,0.0006042296072507553,0.0,0.0,0.0,0.0,0.0,0.0,0.0006042296072507553,0.0,0.0,0.0006042296072507553,0.0,0.0006042296072507553,0.025981873111782478,0.0006042296072507553,0.0,0.0006042296072507553,0.0,0.0,0.0,0.0,0.0,0.0,0.0,0.0,0.0,0.04894259818731118,0.0,NC_010376.1
0.0006677053193857111,0.0,0.00022256843979523704,0.00022256843979523704,0.00022256843979523704,0.0,0.0,0.00022256843979523704,0.00022256843979523704,0.0006677053193857111,0.0,0.0,0.0031159581571333183,0.0020031159581571333,0.8005786779434676,0.005786779434676163,0.00022256843979523704,0.0,0.00022256843979523704,0.00022256843979523704,0.00022256843979523704,0.0,0.0,0.00022256843979523704,0.0,0.0,0.0,0.0,0.0,0.00022256843979523704,0.0008902737591809482,0.0004451368795904741,0.0008902737591809482,0.00022256843979523704,0.0004451368795904741,0.00022256843979523704,0.0,0.00022256843979523704,0.0,0.0,0.0,0.0004451368795904741,0.0,0.0008902737591809482,0.00022256843979523704,0.0,0.07789895392833296,0.00022256843979523704,0.0,0.0004451368795904741,0.0,0.00022256843979523704,0.0004451368795904741,0.0,0.0,0.0,0.0,0.0006677053193857111,0.0,0.09993322946806144,0.0,NC_010382.1
0.0,0.0,0.0004385964912280702,0.0,0.0,0.0,0.0,0.0,0.0,0.0004385964912280702,0.0,0.0,0.0017543859649122807,0.0035087719298245615,0.5276315789473685,0.002631578947368421,0.0,0.0,0.0,0.0,0.0,0.0004385964912280702,0.0,0.0,0.0,0.0013157894736842105,0.0017543859649122807,0.0,0.0004385964912280702,0.0,0.0043859649122807015,0.0004385964912280702,0.0,0.0004385964912280702,0.0008771929824561404,0.0,0.0,0.0004385964912280702,0.0004385964912280702,0.0,0.0,0.0,0.0004385964912280702,0.0,0.0,0.0,0.25877192982456143,0.0,0.0,0.0,0.0,0.0,0.0,0.0,0.0,0.0,0.0,0.0,0.0,0.19342105263157894,0.0,NC_010424.1
0.0,0.0,0.0,0.0,0.0,0.0,0.0,0.0,0.0,0.0,0.0,0.0,0.0005824111822947001,0.0034944670937682005,0.9306930693069307,0.0023296447291788003,0.0005824111822947001,0.0,0.0,0.0,0.0,0.0,0.0,0.0029120559114735,0.0,0.0,0.0,0.0,0.0,0.0,0.0011648223645894002,0.0,0.0,0.0,0.0,0.0,0.0,0.0,0.0,0.0,0.0,0.0,0.0,0.0,0.0,0.0,0.029120559114735003,0.0,0.0,0.0,0.0,0.0,0.0,0.0,0.0,0.0,0.0,0.0,0.0,0.029120559114735003,0.0,NC_010471.1
0.0,0.0,0.0,0.0,0.0,0.0,0.0,0.0,0.0,0.0003281916639317361,0.0,0.0,0.0009845749917952085,0.0032819166393173614,0.8529701345585822,0.002953724975385625,0.0003281916639317361,0.0,0.0,0.0,0.0,0.0,0.0,0.0,0.0,0.0,0.0003281916639317361,0.0,0.0,0.0,0.001969149983590417,0.0,0.0006563833278634722,0.0,0.0,0.0,0.0003281916639317361,0.0,0.0,0.0003281916639317361,0.0,0.0,0.0,0.0,0.0,0.0,0.08040695766327535,0.0,0.0003281916639317361,0.0,0.0,0.0,0.0,0.0,0.0,0.0,0.0,0.0,0.0,0.05480800787659994,0.0,NC_010556.1
0.000499001996007984,0.0,0.0,0.000499001996007984,0.0,0.0,0.0,0.000499001996007984,0.000499001996007984,0.0,0.0,0.0,0.003493013972055888,0.0029940119760479044,0.8348303393213573,0.003493013972055888,0.000998003992015968,0.0,0.000499001996007984,0.0,0.0,0.0,0.0,0.0,0.0,0.0,0.0,0.000499001996007984,0.0,0.0,0.0,0.000499001996007984,0.000998003992015968,0.0,0.0,0.0,0.0,0.0,0.0,0.000499001996007984,0.000499001996007984,0.0,0.000499001996007984,0.0,0.0,0.0,0.08782435129740519,0.000499001996007984,0.0,0.0,0.0,0.0,0.0,0.0,0.0,0.000499001996007984,0.0,0.0,0.0,0.0593812375249501,0.0,NC_010609.1
0.00034234851078397807,0.0,0.0,0.0,0.0,0.0,0.0,0.0,0.0,0.0,0.00034234851078397807,0.00034234851078397807,0.002396439575487847,0.0010270455323519343,0.7018144471071551,0.002396439575487847,0.00034234851078397807,0.0,0.0,0.0,0.0,0.0,0.0,0.0,0.0,0.0,0.0,0.0,0.0,0.0,0.0017117425539198905,0.0,0.0,0.00034234851078397807,0.0,0.0,0.0,0.0,0.0,0.0,0.0,0.0,0.0,0.0,0.0,0.00034234851078397807,0.1126326600479288,0.0,0.0,0.0,0.0,0.0,0.0,0.0,0.0,0.0,0.0,0.00034234851078397807,0.0,0.17562478603218076,0.0,NC_010718.1
0.00047732696897374703,0.0009546539379474941,0.00047732696897374703,0.0,0.00047732696897374703,0.0009546539379474941,0.0,0.0,0.0,0.00047732696897374703,0.0,0.0,0.0019093078758949881,0.009069212410501194,0.8229116945107399,0.00954653937947494,0.0009546539379474941,0.00047732696897374703,0.00047732696897374703,0.0009546539379474941,0.0,0.0,0.00047732696897374703,0.0009546539379474941,0.00047732696897374703,0.0,0.0,0.001431980906921241,0.0,0.0,0.003341288782816229,0.00047732696897374703,0.00047732696897374703,0.00047732696897374703,0.001431980906921241,0.0,0.0,0.001431980906921241,0.0,0.0,0.00047732696897374703,0.0,0.00047732696897374703,0.0009546539379474941,0.0,0.0,0.08257756563245823,0.0009546539379474941,0.00047732696897374703,0.00047732696897374703,0.0,0.0,0.0,0.0,0.0,0.0,0.0009546539379474941,0.0,0.0,0.051551312649164675,0.0,NC_010610.1
0.0,0.00033829499323410016,0.0,0.0,0.0,0.00033829499323410016,0.0,0.0006765899864682003,0.00033829499323410016,0.00033829499323410016,0.0,0.0,0.0006765899864682003,0.0,0.8267929634641408,0.0016914749661705007,0.0,0.0,0.0,0.0,0.0006765899864682003,0.0,0.0,0.0,0.0,0.0,0.0,0.0,0.00033829499323410016,0.0,0.0010148849797023004,0.0,0.0,0.00033829499323410016,0.0,0.0,0.00033829499323410016,0.0,0.0,0.0,0.00033829499323410016,0.0,0.0,0.0,0.0,0.0,0.07983761840324763,0.0,0.0,0.0,0.0,0.0,0.00033829499323410016,0.00033829499323410016,0.0,0.0,0.0,0.0,0.0,0.08525033829499323,0.0,NC_010999.1
0.0,0.0,0.0,0.0,0.0,0.0,0.0,0.0,0.0,0.00020370747606437156,0.0,0.00020370747606437156,0.001425952332450601,0.0006111224281931147,0.7918109594622122,0.002444489712772459,0.0,0.0,0.00020370747606437156,0.0,0.0,0.0,0.0,0.0,0.0,0.0,0.0,0.0,0.0,0.0,0.0012222448563862294,0.00020370747606437156,0.0,0.00020370747606437156,0.0,0.0,0.00040741495212874313,0.00020370747606437156,0.0,0.00020370747606437156,0.0,0.0,0.0,0.0,0.0,0.0,0.10653900998166632,0.00020370747606437156,0.0,0.0,0.0,0.0,0.0,0.0,0.00020370747606437156,0.0,0.0,0.00020370747606437156,0.00040741495212874313,0.09289060908535343,0.00020370747606437156,NC_011830.1
0.00028951939779965256,0.0,0.0005790387955993051,0.00028951939779965256,0.0011580775911986102,0.0,0.0,0.0,0.0,0.00028951939779965256,0.0,0.00028951939779965256,0.0028951939779965257,0.0017371163867979154,0.8335263462651997,0.003474232773595831,0.0,0.0,0.0,0.0,0.0,0.0,0.0,0.0,0.0,0.0,0.0,0.0,0.0,0.00028951939779965256,0.003474232773595831,0.0,0.0,0.00028951939779965256,0.0,0.0,0.0,0.0,0.0,0.0,0.00028951939779965256,0.0,0.00028951939779965256,0.0,0.0,0.0,0.062246670526925306,0.0,0.0005790387955993051,0.00028951939779965256,0.00028951939779965256,0.0,0.0,0.0,0.0,0.0,0.0,0.0,0.0,0.08685581933989578,0.0005790387955993051,NC_011898.1
0.0,0.0,0.0,0.0,0.0,0.0,0.0,0.0,0.0,0.0,0.0,0.0,0.0024762690879075525,0.0012381345439537762,0.7486586875773834,0.007428807263722658,0.0,0.0,0.0,0.0,0.0,0.0,0.0,0.0,0.0,0.0,0.0,0.0,0.0008254230293025176,0.0,0.0016508460586050352,0.0,0.0,0.0,0.0,0.0004127115146512588,0.0,0.0,0.0,0.0,0.0,0.0,0.0,0.0,0.0,0.0,0.10524143623607099,0.0,0.0,0.0004127115146512588,0.0,0.0,0.0,0.0,0.0,0.0,0.0,0.0,0.0,0.1312422616591003,0.0004127115146512588,NC_011899.1
0.00045495905368516835,0.00045495905368516835,0.0,0.0,0.0,0.0,0.0,0.0,0.0,0.0,0.0,0.0,0.010464058234758872,0.0031847133757961785,0.8466787989080983,0.009554140127388535,0.00045495905368516835,0.0,0.0,0.0,0.0,0.0,0.0,0.0,0.0,0.0,0.0,0.0,0.0,0.0,0.001364877161055505,0.0,0.0,0.0009099181073703367,0.0,0.0,0.0,0.0,0.0,0.0,0.0,0.0,0.0,0.00045495905368516835,0.0009099181073703367,0.0,0.054140127388535034,0.0,0.0,0.0,0.0,0.0,0.0,0.00045495905368516835,0.0,0.0,0.0,0.0,0.0,0.0705186533212011,0.0,NC_011999.1
0.0010845986984815619,0.0007230657989877079,0.0007230657989877079,0.00036153289949385393,0.00036153289949385393,0.0,0.0,0.0,0.00036153289949385393,0.0,0.0,0.0,0.005422993492407809,0.0007230657989877079,0.7534345625451916,0.0028922631959508315,0.0,0.0,0.0,0.0,0.0,0.0,0.0,0.00036153289949385393,0.0,0.0,0.0,0.0,0.00036153289949385393,0.0010845986984815619,0.0007230657989877079,0.0,0.0,0.00036153289949385393,0.0007230657989877079,0.00036153289949385393,0.0,0.0,0.0,0.0,0.00036153289949385393,0.0,0.0010845986984815619,0.0,0.0,0.0,0.1005061460592914,0.0007230657989877079,0.0,0.0,0.0,0.0,0.0,0.0,0.0,0.0,0.0,0.00036153289949385393,0.0,0.1265365148228489,0.00036153289949385393,NC_012034.1
0.0,0.0,0.0,0.0,0.0,0.0,0.0,0.0,0.0,0.0,0.0,0.0,0.0035460992907801418,0.00303951367781155,0.9174265450861195,0.004052684903748734,0.0,0.0005065856129685917,0.0005065856129685917,0.0,0.0,0.0,0.0,0.0,0.0,0.0,0.0,0.0,0.0,0.0,0.0005065856129685917,0.0,0.0005065856129685917,0.0010131712259371835,0.0,0.0,0.0,0.0,0.0,0.0005065856129685917,0.0,0.0,0.0,0.0,0.0,0.0005065856129685917,0.037487335359675786,0.0,0.0,0.0,0.0,0.0005065856129685917,0.0,0.0,0.0,0.0,0.0,0.0,0.0,0.02988855116514691,0.0,NC_012924.1
0.001154068090017311,0.0,0.0,0.0,0.0,0.0,0.0,0.0,0.0,0.0,0.0,0.0,0.004616272360069244,0.001154068090017311,0.9128678592036931,0.006347374495095211,0.0,0.0,0.0,0.0,0.0,0.0,0.0,0.0,0.0,0.0,0.0,0.0,0.0,0.0,0.0,0.0,0.0,0.0005770340450086555,0.0,0.0005770340450086555,0.0,0.0,0.0,0.0,0.0,0.0,0.0,0.0,0.0,0.0,0.024235429890363532,0.0,0.0005770340450086555,0.0,0.0,0.0,0.0,0.0005770340450086555,0.0,0.0,0.0,0.0005770340450086555,0.0,0.0467397576457011,0.0,NC_013171.1
0.0,0.0,0.0,0.0,0.0,0.0,0.0007280669821623589,0.0,0.0,0.0,0.0,0.00036403349108117945,0.002184200946487077,0.0025482344375682563,0.8074262832180561,0.004732435384055333,0.0,0.00036403349108117945,0.0,0.0,0.0,0.0,0.0,0.0,0.0,0.0,0.0,0.0,0.0,0.0,0.0010921004732435385,0.0,0.0,0.0007280669821623589,0.0,0.0,0.0,0.0,0.0,0.0,0.0,0.0,0.0,0.0,0.0,0.0,0.09100837277029487,0.0,0.0,0.0,0.00036403349108117945,0.00036403349108117945,0.0,0.00036403349108117945,0.0,0.00036403349108117945,0.0,0.00036403349108117945,0.00036403349108117945,0.08663997087732071,0.0,NC_013198.1
0.0,0.0,0.0,0.0,0.0,0.0,0.0,0.0,0.0,0.0,0.0,0.0,0.0006898930665746809,0.002069679199724043,0.6657468092445671,0.0013797861331493618,0.0,0.00034494653328734045,0.00034494653328734045,0.0,0.0,0.0,0.0,0.0,0.0,0.0,0.0,0.00034494653328734045,0.0,0.0,0.002069679199724043,0.0,0.00034494653328734045,0.0006898930665746809,0.0,0.0,0.00034494653328734045,0.0,0.00034494653328734045,0.0,0.00034494653328734045,0.0,0.00034494653328734045,0.0,0.0,0.00034494653328734045,0.23835805450155226,0.0,0.0,0.0,0.0,0.0,0.00034494653328734045,0.0,0.0,0.0,0.0,0.0,0.00034494653328734045,0.08520179372197309,0.0,NC_013205.1
0.0,0.0005417118093174431,0.0,0.0,0.0,0.0,0.0,0.0,0.0,0.0,0.0,0.0,0.0010834236186348862,0.0005417118093174431,0.9154929577464789,0.0016251354279523294,0.0,0.0,0.0,0.0,0.0,0.0,0.0,0.0,0.0,0.0,0.0,0.0,0.0,0.0,0.0,0.0,0.0,0.0,0.0,0.0,0.0,0.0,0.0,0.0,0.0,0.0,0.0005417118093174431,0.0,0.0,0.0,0.03954496208017335,0.0,0.0,0.0,0.0,0.0,0.0,0.0,0.0,0.0,0.0,0.0,0.0,0.040628385698808236,0.0,NC_013520.1
0.0,0.0,0.0,0.0,0.0,0.0,0.0,0.0,0.0,0.0,0.0004761904761904762,0.0,0.0014285714285714286,0.0019047619047619048,0.8709523809523809,0.002857142857142857,0.0,0.0,0.0,0.0,0.0,0.0,0.0,0.0,0.0,0.0,0.0,0.0,0.0,0.0,0.0038095238095238095,0.0,0.0,0.0,0.0,0.0,0.0,0.0004761904761904762,0.0,0.0,0.0,0.0,0.0,0.0,0.0,0.0,0.07714285714285714,0.0,0.0,0.0004761904761904762,0.0,0.0,0.0,0.0,0.0,0.0,0.0,0.0,0.0,0.04047619047619048,0.0,NC_013740.1
0.0,0.0004868549172346641,0.0,0.0,0.0,0.0004868549172346641,0.0,0.0004868549172346641,0.0,0.0,0.0,0.0,0.0038948393378773127,0.0009737098344693282,0.9128529698149951,0.004381694255111977,0.0024342745861733205,0.0,0.0,0.0004868549172346641,0.0,0.0,0.0,0.0,0.0,0.0,0.0,0.0,0.0,0.0,0.0019474196689386564,0.0,0.0,0.0004868549172346641,0.0,0.0004868549172346641,0.0,0.0,0.0,0.0,0.0,0.0,0.0,0.0004868549172346641,0.0,0.0,0.03602726387536514,0.0004868549172346641,0.0,0.0004868549172346641,0.0004868549172346641,0.0,0.0,0.0,0.0,0.0014605647517039922,0.0,0.0,0.0024342745861733205,0.02872444011684518,0.0,NC_013853.1
0.0008385744234800838,0.0,0.0004192872117400419,0.0004192872117400419,0.0004192872117400419,0.0,0.0,0.0,0.0,0.0,0.0,0.0,0.004612159329140462,0.0004192872117400419,0.7786163522012579,0.0037735849056603774,0.0,0.0004192872117400419,0.0,0.0,0.0,0.0,0.0,0.0,0.0,0.0,0.0,0.0,0.0,0.0004192872117400419,0.0008385744234800838,0.0,0.0004192872117400419,0.0008385744234800838,0.0,0.0004192872117400419,0.0,0.0,0.0,0.0004192872117400419,0.0004192872117400419,0.0,0.0,0.0,0.0,0.0,0.1010482180293501,0.0,0.0,0.0,0.0,0.0,0.0,0.0,0.0,0.0004192872117400419,0.0,0.0020964360587002098,0.0,0.10272536687631027,0.0,NC_013921.1
0.0001932367149758454,0.0,0.0,0.0001932367149758454,0.0,0.0,0.0,0.0,0.0,0.0,0.0,0.0,0.004057971014492754,0.0015458937198067632,0.7940096618357488,0.00463768115942029,0.0001932367149758454,0.0,0.0,0.0,0.0,0.0,0.0,0.0,0.0001932367149758454,0.0,0.0001932367149758454,0.0,0.0001932367149758454,0.0,0.000966183574879227,0.0001932367149758454,0.0001932367149758454,0.0,0.0,0.0001932367149758454,0.0001932367149758454,0.0,0.0,0.0,0.0001932367149758454,0.0001932367149758454,0.0,0.0001932367149758454,0.0,0.0,0.10164251207729469,0.0,0.0,0.0,0.0,0.0,0.0,0.0,0.0,0.0001932367149758454,0.0,0.0,0.0001932367149758454,0.08966183574879227,0.0005797101449275362,NC_014019.1
0.0003068425897514575,0.0003068425897514575,0.0,0.0003068425897514575,0.0,0.0,0.0,0.0,0.0,0.0,0.0,0.0,0.0009205277692543725,0.0033752684872660325,0.6262657256827248,0.003068425897514575,0.0,0.0003068425897514575,0.0,0.0,0.0003068425897514575,0.0,0.0009205277692543725,0.0003068425897514575,0.000613685179502915,0.0003068425897514575,0.0003068425897514575,0.0,0.0,0.0003068425897514575,0.0033752684872660325,0.0003068425897514575,0.0,0.000613685179502915,0.0003068425897514575,0.0,0.0,0.0,0.0003068425897514575,0.0,0.0,0.0003068425897514575,0.0,0.0003068425897514575,0.0,0.0003068425897514575,0.27339674746854864,0.0,0.0003068425897514575,0.0003068425897514575,0.0,0.0,0.0,0.0003068425897514575,0.0,0.0,0.0,0.0,0.0,0.08192697146363916,0.0,NC_014098.1
