A,AAA,AAC,AAG,AAT,ACA,ACC,ACG,ACT,AGA,AGC,AGG,AGT,ATA,ATC,ATG,ATT,CAA,CAC,CAG,CAT,CCA,CCG,CCT,CGA,CGT,CTA,CTG,CTT,GAA,GAC,GAG,GAT,GCA,GCC,GCG,GCT,GGA,GGC,GGG,GGT,GTA,GTC,GTG,GTT,TAA,TAC,TAT,TCA,TCC,TCG,TCT,TGC,TGG,TGT,TTA,TTC,TTG,TTT,ID
0.0,0.0,0.0,0.0,0.0,0.0,0.0,0.0,0.0,0.0004363001745200698,0.0,0.0,0.0,0.005235602094240838,0.0008726003490401396,0.881762652705061,0.0017452006980802793,0.0,0.0,0.0,0.0,0.0,0.0,0.0,0.0,0.0,0.0,0.0004363001745200698,0.0,0.0004363001745200698,0.0004363001745200698,0.0,0.0004363001745200698,0.0,0.0,0.0,0.0,0.0,0.0,0.002181500872600349,0.0,0.0004363001745200698,0.0,0.04799301919720768,0.0,0.0,0.0,0.0004363001745200698,0.0,0.0,0.0,0.0,0.0,0.0,0.0,0.0,0.0,0.05715532286212915,0.0,NC_013192.1
0.0,0.00024348672997321646,0.0,0.0,0.00024348672997321646,0.0,0.0,0.0,0.0,0.00024348672997321646,0.0,0.0,0.0,0.0034088142196250304,0.0009739469198928658,0.8897005113221329,0.002191380569758948,0.0,0.0,0.0,0.0,0.0,0.0,0.0,0.0,0.0,0.0,0.0004869734599464329,0.0,0.0,0.0,0.00024348672997321646,0.00024348672997321646,0.0,0.0,0.0,0.00024348672997321646,0.0,0.0,0.0,0.00024348672997321646,0.0,0.0,0.04942780618456294,0.0,0.0,0.0,0.0,0.0,0.0,0.0,0.0,0.0,0.0,0.0,0.0,0.0,0.052106160214268324,0.0,NC_013517.1
0.0,0.0,0.0,0.0,0.0,0.0,0.0,0.0,0.0,0.0,0.0,0.0,0.0,0.0041753653444676405,0.0020876826722338203,0.8580375782881002,0.0020876826722338203,0.0,0.0,0.0,0.0,0.0,0.0,0.0,0.0,0.0,0.0,0.0,0.0,0.0,0.0005219206680584551,0.0,0.0,0.0,0.0,0.0,0.0,0.0,0.0,0.0,0.0,0.0,0.0,0.059498956158663886,0.0,0.0,0.0,0.0,0.0,0.0,0.0,0.0,0.0,0.0,0.0,0.0,0.0,0.07359081419624217,0.0,NC_014632.1
0.0,0.00047551117451260106,0.00047551117451260106,0.0,0.00047551117451260106,0.0,0.0,0.0,0.0,0.0,0.0,0.0,0.0,0.0042796005706134095,0.0,0.9053732762719924,0.0023775558725630053,0.0,0.0,0.0,0.0,0.0,0.0,0.0,0.0,0.0,0.0,0.00047551117451260106,0.0,0.0,0.0,0.0,0.0,0.0,0.0,0.0,0.0,0.0,0.0,0.0,0.0,0.0,0.0,0.04184498335710889,0.0,0.0,0.0,0.00047551117451260106,0.0,0.0,0.0,0.0,0.0,0.00047551117451260106,0.0,0.00047551117451260106,0.0,0.04232049453162149,0.00047551117451260106,NC_021281.1
0.0,0.0009358914365933552,0.0,0.0,0.0004679457182966776,0.0,0.0,0.0,0.0,0.0,0.0,0.0,0.0,0.003743565746373421,0.0,0.9054749649040711,0.003743565746373421,0.0,0.0,0.0,0.0004679457182966776,0.0,0.0,0.0,0.0,0.0,0.0004679457182966776,0.0009358914365933552,0.0,0.0004679457182966776,0.0,0.0,0.0,0.0,0.0,0.0,0.0,0.0,0.0004679457182966776,0.0,0.0,0.0,0.0,0.04117922321010763,0.0,0.0,0.0,0.0,0.0,0.0,0.0,0.0,0.0,0.0,0.0,0.0,0.0,0.04117922321010763,0.0004679457182966776,NC_022196.1
0.0,0.0,0.0,0.0,0.0,0.0,0.0,0.0,0.0,0.0,0.0,0.0,0.0,0.0,0.0,1.0,0.0,0.0,0.0,0.0,0.0,0.0,0.0,0.0,0.0,0.0,0.0,0.0,0.0,0.0,0.0,0.0,0.0,0.0,0.0,0.0,0.0,0.0,0.0,0.0,0.0,0.0,0.0,0.0,0.0,0.0,0.0,0.0,0.0,0.0,0.0,0.0,0.0,0.0,0.0,0.0,0.0,0.0,0.0,NG_047969.1
0.0,0.00045413260672116256,0.0,0.0,0.0,0.0,0.0,0.0,0.0,0.0,0.0,0.0,0.0,0.005903723887375113,0.0013623978201634877,0.8823796548592189,0.005449591280653951,0.0,0.0,0.0,0.0,0.0,0.0,0.0,0.0,0.0,0.0,0.0,0.0,0.0,0.00045413260672116256,0.0,0.0,0.0,0.0,0.0,0.0,0.0,0.0,0.0,0.0,0.0,0.0,0.04677565849227974,0.0,0.0,0.0,0.0,0.0,0.0,0.0,0.0,0.0,0.0,0.0,0.0,0.0,0.05722070844686648,0.0,NZ_AP019822.1
0.0,0.0,0.0,0.0,0.0,0.0,0.0,0.0,0.00041476565740356696,0.0,0.0,0.0,0.0,0.005806719203649938,0.001244296972210701,0.8838656159270012,0.002073828287017835,0.0008295313148071339,0.0,0.0,0.0,0.0,0.0,0.0,0.0,0.0,0.0,0.0008295313148071339,0.0,0.00041476565740356696,0.00041476565740356696,0.0,0.00041476565740356696,0.0,0.0,0.0,0.0,0.0,0.0,0.0,0.0,0.0,0.0,0.04977187888842804,0.0,0.0,0.00041476565740356696,0.0,0.0,0.0,0.0,0.0,0.0,0.0,0.0,0.00041476565740356696,0.0,0.05309000414765657,0.0,NZ_AP019823.1
0.0,0.0005122950819672131,0.0,0.0,0.0005122950819672131,0.0,0.0,0.0,0.0,0.0,0.0,0.0,0.0,0.004098360655737705,0.0010245901639344263,0.8898565573770492,0.005122950819672131,0.0,0.0,0.0,0.0,0.0,0.0,0.0,0.0,0.0,0.0,0.0005122950819672131,0.0,0.0,0.0005122950819672131,0.0,0.0,0.0,0.0,0.0,0.0,0.0,0.0,0.0,0.0,0.0,0.0,0.04559426229508197,0.0005122950819672131,0.0,0.0,0.0,0.0,0.0,0.0,0.0,0.0,0.0,0.0,0.0005122950819672131,0.0,0.05122950819672131,0.0,NZ_AP019827.1
0.0,0.0,0.0,0.00047961630695443646,0.0,0.0,0.0,0.0,0.0,0.0,0.0,0.0,0.0,0.0057553956834532375,0.0009592326139088729,0.8848920863309353,0.004796163069544364,0.0,0.0,0.0,0.0,0.0,0.0,0.0,0.0,0.0,0.0,0.00047961630695443646,0.0,0.0,0.00047961630695443646,0.00047961630695443646,0.0,0.0,0.0,0.0,0.0,0.0,0.0,0.0,0.0,0.00047961630695443646,0.0,0.04508393285371703,0.0,0.0,0.0,0.0,0.0,0.0,0.0,0.0,0.0,0.0,0.0,0.0,0.0,0.05611510791366906,0.0,NZ_AP019829.2
0.0,0.0,0.0003933910306845004,0.0,0.0,0.0003933910306845004,0.0,0.0,0.0,0.0,0.0,0.0,0.0,0.0027537372147915028,0.0007867820613690008,0.8827694728560189,0.0023603461841070024,0.0003933910306845004,0.0,0.0,0.0,0.0,0.0003933910306845004,0.0,0.0,0.0,0.0,0.0035405192761605035,0.0,0.0003933910306845004,0.0003933910306845004,0.0,0.0003933910306845004,0.0,0.0,0.0,0.0,0.0,0.0,0.0,0.0,0.0,0.0,0.04209284028324154,0.0,0.0,0.0003933910306845004,0.0003933910306845004,0.0,0.0,0.0,0.0,0.0,0.0,0.0,0.0,0.0,0.06215578284815106,0.0,NZ_AP019831.1
0.0,0.0009161704076958314,0.0,0.001374255611543747,0.0,0.0004580852038479157,0.0,0.0,0.0,0.0,0.0,0.0004580852038479157,0.0,0.007787448465414567,0.0018323408153916628,0.8740265689418232,0.00641319285387082,0.0,0.0,0.0004580852038479157,0.0,0.0,0.0,0.0004580852038479157,0.0,0.0,0.0,0.0009161704076958314,0.0,0.0,0.0004580852038479157,0.0004580852038479157,0.0,0.0,0.0,0.0,0.0,0.0,0.0,0.0,0.0,0.0004580852038479157,0.0,0.047182775996335316,0.0,0.0,0.0,0.0,0.0,0.0,0.0,0.0004580852038479157,0.0,0.0,0.0,0.0,0.0,0.0554283096655978,0.0004580852038479157,NZ_AP019834.1
0.0,0.0,0.0,0.000445632798573975,0.0,0.0,0.0,0.0,0.0,0.0,0.0,0.0,0.0,0.004010695187165776,0.0,0.8761140819964349,0.005793226381461676,0.0,0.0,0.000445632798573975,0.0,0.0,0.0,0.0,0.0,0.0,0.0,0.00089126559714795,0.0,0.00089126559714795,0.000445632798573975,0.000445632798573975,0.0,0.0,0.0,0.0,0.0,0.0,0.0,0.0,0.0,0.000445632798573975,0.0,0.04634581105169341,0.0,0.0,0.000445632798573975,0.0,0.0,0.0,0.0,0.0,0.0,0.0,0.0,0.000445632798573975,0.0,0.062388591800356503,0.000445632798573975,NZ_AP019835.1
0.0,0.0003732736095558044,0.0,0.0,0.0,0.0,0.0,0.0,0.0,0.0,0.0,0.0,0.0,0.004106009705113848,0.0011198208286674132,0.8857782754759238,0.0026129152668906306,0.0003732736095558044,0.0,0.0,0.0,0.0,0.0,0.0,0.0,0.0,0.0,0.001866368047779022,0.0,0.0003732736095558044,0.0003732736095558044,0.0,0.0,0.0,0.0,0.0,0.0,0.0003732736095558044,0.0,0.0,0.0,0.0,0.0,0.048525569242254575,0.0,0.0,0.0003732736095558044,0.0003732736095558044,0.0,0.0,0.0003732736095558044,0.0,0.0,0.0,0.0,0.0003732736095558044,0.0,0.05263157894736842,0.0,NZ_AP019840.1
0.0,0.0,0.0,0.0,0.00046490004649000463,0.0,0.0,0.0,0.00046490004649000463,0.0,0.0,0.0,0.0,0.005578800557880056,0.0,0.8693630869363087,0.005113900511390051,0.0,0.0,0.0,0.0,0.0,0.0,0.0,0.0,0.0,0.0009298000929800093,0.0009298000929800093,0.00046490004649000463,0.0,0.00046490004649000463,0.00046490004649000463,0.0,0.0,0.0,0.0,0.0,0.0,0.0,0.0,0.0,0.0,0.0,0.0497443049744305,0.0,0.0,0.0,0.0009298000929800093,0.0,0.0,0.0009298000929800093,0.0,0.0,0.0,0.0,0.0,0.0,0.06369130636913063,0.00046490004649000463,NZ_AP019841.1
0.0,0.0,0.0,0.0,0.0008261049153242462,0.0,0.0,0.0,0.0,0.0,0.0,0.0,0.0,0.003304419661296985,0.0004130524576621231,0.882693102023957,0.0037174721189591076,0.0,0.0,0.0,0.0,0.0004130524576621231,0.0,0.0,0.0,0.0,0.0,0.0020652622883106154,0.0,0.0,0.0004130524576621231,0.0,0.0004130524576621231,0.0,0.0,0.0,0.0,0.0,0.0,0.0,0.0,0.0,0.0,0.04502271788517142,0.0,0.0,0.0004130524576621231,0.0004130524576621231,0.0,0.0,0.0,0.0,0.0,0.0,0.0,0.0004130524576621231,0.0,0.05947955390334572,0.0,NZ_AP019845.1
0.0,0.0,0.0,0.0,0.00046146746654360867,0.0,0.0,0.0,0.0,0.0,0.0,0.0,0.0,0.005999077065066913,0.0009229349330872173,0.8717120443008768,0.005076142131979695,0.0,0.0,0.0,0.0,0.0,0.0,0.0,0.0,0.0,0.0,0.0009229349330872173,0.0,0.0,0.00046146746654360867,0.0,0.0,0.0,0.0,0.0,0.0,0.0,0.0,0.0,0.0,0.00046146746654360867,0.0,0.044300876788186436,0.0,0.0,0.0,0.0,0.0,0.0,0.0,0.0,0.0,0.00046146746654360867,0.0,0.00046146746654360867,0.0,0.06875865251499769,0.0,NZ_AP019846.1
0.0,0.00041511000415110004,0.0,0.0,0.00041511000415110004,0.0,0.0,0.0,0.0,0.0,0.0,0.0,0.0,0.0037359900373599006,0.0,0.91697799916978,0.0016604400166044002,0.0,0.0,0.0,0.0,0.0,0.0,0.0,0.0,0.0,0.0,0.00041511000415110004,0.0,0.0,0.0,0.0,0.00041511000415110004,0.0,0.0,0.0,0.0,0.0,0.0,0.0,0.0,0.0,0.0,0.0352843503528435,0.00041511000415110004,0.0,0.00041511000415110004,0.0,0.00041511000415110004,0.0,0.0,0.0,0.00041511000415110004,0.0,0.0,0.0,0.0,0.03777501037775011,0.0012453300124533001,NZ_CP007062.1
0.0,0.0,0.0,0.0,0.0,0.0,0.0,0.0,0.0,0.0006006006006006006,0.0,0.0,0.0,0.004204204204204204,0.0,0.9087087087087087,0.004204204204204204,0.0006006006006006006,0.0,0.0,0.0,0.0,0.0,0.0,0.0,0.0,0.0,0.0012012012012012011,0.0,0.0,0.0,0.0,0.0,0.0006006006006006006,0.0,0.0,0.0,0.0,0.0,0.0,0.0,0.0,0.0,0.037237237237237236,0.0,0.0,0.0,0.0,0.0,0.0,0.0,0.0,0.0,0.0,0.0,0.0,0.0,0.042042042042042045,0.0006006006006006006,NZ_CP007064.1
0.0,0.0,0.0,0.0,0.0,0.0,0.0,0.0,0.0,0.0,0.0,0.0,0.0,0.00303951367781155,0.0,0.9179331306990881,0.00303951367781155,0.0,0.0,0.0,0.0,0.0,0.0,0.0,0.0,0.0,0.0,0.0,0.0,0.00303951367781155,0.0,0.0,0.0,0.0,0.0,0.0,0.0,0.0,0.0,0.0,0.0,0.0,0.0,0.05167173252279635,0.0,0.0,0.0,0.0,0.0,0.0,0.0,0.0,0.0,0.0,0.0,0.0,0.0,0.02127659574468085,0.0,NZ_CP007065.1
0.0,0.0,0.0,0.0,0.0,0.0,0.0,0.0,0.0,0.0,0.0,0.0,0.0,0.007142857142857143,0.0007936507936507937,0.8976190476190476,0.007142857142857143,0.0,0.0,0.0,0.0,0.0,0.0,0.0,0.0,0.0,0.0,0.0,0.0,0.0,0.0,0.0,0.0,0.0,0.0,0.0,0.0,0.0,0.0,0.0,0.0,0.0,0.0,0.04365079365079365,0.0,0.0,0.0,0.0,0.0,0.0,0.0,0.0,0.0,0.0007936507936507937,0.0,0.0,0.0,0.04285714285714286,0.0,NZ_CP011280.1
0.0,0.0,0.0,0.0,0.0,0.0,0.0,0.00044072278536800354,0.0,0.00044072278536800354,0.0,0.0,0.0,0.00749228735125606,0.0017628911414720142,0.872190392243279,0.005288673424416042,0.0,0.0,0.0,0.0,0.0,0.0,0.0,0.0,0.0,0.0,0.0,0.0,0.0,0.0,0.0,0.00044072278536800354,0.0,0.0,0.0,0.00044072278536800354,0.0,0.0,0.0,0.0,0.0,0.0,0.05200528867342442,0.0,0.0017628911414720142,0.0,0.0,0.00044072278536800354,0.0,0.0,0.0,0.0,0.0,0.0,0.0,0.0,0.05729396209784046,0.0,NZ_CP012410.1
0.0,0.0012620950778291964,0.0,0.00042069835927639884,0.00042069835927639884,0.0,0.0,0.0,0.00042069835927639884,0.0008413967185527977,0.0,0.0,0.00042069835927639884,0.004627681952040387,0.00042069835927639884,0.8965082036180059,0.002103491796381994,0.00042069835927639884,0.0,0.00042069835927639884,0.0,0.0,0.0,0.0,0.0,0.0,0.0,0.00042069835927639884,0.0,0.00042069835927639884,0.0,0.0,0.0,0.0,0.0,0.0,0.0,0.00042069835927639884,0.0,0.0,0.0,0.00042069835927639884,0.0,0.04291123264619268,0.0008413967185527977,0.00042069835927639884,0.0,0.00042069835927639884,0.0,0.0,0.0,0.0,0.0,0.0,0.0,0.00042069835927639884,0.0,0.044173327724021876,0.0008413967185527977,NZ_CP012713.1
0.0,0.0005353319057815846,0.0,0.0,0.0005353319057815846,0.0,0.0,0.0,0.0,0.0,0.0,0.0,0.0,0.0016059957173447537,0.0,0.9073875802997858,0.004282655246252677,0.0,0.0,0.0,0.0,0.0,0.0,0.0,0.0,0.0,0.0,0.0,0.0,0.0005353319057815846,0.0,0.0,0.0,0.0,0.0,0.0,0.0,0.0,0.0,0.0,0.0005353319057815846,0.0,0.0,0.04068522483940043,0.0,0.003747323340471092,0.0,0.0005353319057815846,0.0,0.0,0.0,0.0,0.0,0.0,0.0,0.0,0.0,0.03907922912205567,0.0005353319057815846,NZ_CP012714.1
0.0,0.001359311282283643,0.0,0.0,0.0009062075215224287,0.0,0.0,0.0,0.0,0.0,0.0,0.0,0.0,0.004531037607612143,0.00045310376076121433,0.9125509741730856,0.002718622564567286,0.0,0.0,0.0,0.0,0.0,0.0,0.0,0.0,0.0,0.0,0.00045310376076121433,0.0,0.0,0.0,0.0,0.00045310376076121433,0.0,0.0,0.0,0.0,0.0,0.0,0.0,0.0,0.0,0.0,0.03579519710013593,0.00045310376076121433,0.0,0.00045310376076121433,0.0,0.0,0.0,0.0,0.0,0.0,0.0,0.0,0.00045310376076121433,0.0,0.03896692342546443,0.00045310376076121433,NZ_CP012715.1
0.0,0.0004734848484848485,0.0,0.0,0.0,0.0,0.0,0.0,0.0,0.0,0.0,0.0,0.0,0.005208333333333333,0.0004734848484848485,0.8948863636363636,0.003787878787878788,0.0,0.0,0.0,0.0,0.0,0.0,0.0004734848484848485,0.0,0.0,0.0,0.0004734848484848485,0.0,0.001893939393939394,0.0,0.0,0.0,0.0,0.0,0.0,0.0004734848484848485,0.0004734848484848485,0.0,0.0,0.0,0.0,0.0,0.03977272727272727,0.0,0.0,0.0,0.002840909090909091,0.0004734848484848485,0.0,0.0,0.0,0.0,0.0,0.0,0.0,0.0,0.047821969696969696,0.0004734848484848485,NZ_CP012716.1
0.0,0.0008080808080808081,0.00040404040404040404,0.0,0.0012121212121212121,0.00040404040404040404,0.0,0.0,0.0,0.0,0.0,0.0,0.0,0.0044444444444444444,0.00040404040404040404,0.898989898989899,0.0036363636363636364,0.0,0.0,0.0,0.0,0.0,0.0,0.0,0.0,0.0,0.0,0.0,0.0,0.0,0.0,0.00040404040404040404,0.0,0.0,0.0,0.0,0.0,0.0,0.0,0.0,0.0,0.0,0.0,0.04040404040404041,0.00040404040404040404,0.0,0.0,0.0,0.0,0.0,0.0,0.0,0.0,0.0,0.0,0.0012121212121212121,0.0,0.046464646464646465,0.0008080808080808081,NZ_CP013121.1
0.0,0.0,0.0,0.0,0.0,0.0,0.0,0.0,0.0,0.0,0.0,0.0,0.0004411116012351125,0.0022055580061755625,0.000882223202470225,0.9051610057344508,0.00176444640494045,0.0004411116012351125,0.0,0.0,0.0,0.0,0.0,0.0,0.0,0.0,0.0,0.0,0.0,0.0,0.0,0.0,0.0004411116012351125,0.0,0.0,0.0,0.0,0.0004411116012351125,0.0,0.0,0.0,0.0,0.0,0.04146449051610057,0.0,0.0030877812086457872,0.0,0.0,0.0,0.0,0.0,0.0,0.0,0.0,0.0,0.000882223202470225,0.0,0.04190560211733568,0.000882223202470225,NZ_CP013331.1
0.0,0.0004116920543433512,0.0008233841086867024,0.0004116920543433512,0.0,0.0,0.0,0.0,0.0,0.0,0.0,0.0,0.0,0.0016467682173734047,0.0,0.9044874433923425,0.0032935364347468094,0.0008233841086867024,0.0,0.0,0.0,0.0,0.0,0.0,0.0,0.0,0.0,0.0,0.0004116920543433512,0.0,0.0,0.0004116920543433512,0.0,0.0,0.0,0.0,0.0008233841086867024,0.0,0.0,0.0,0.0,0.0,0.0,0.03869905310827501,0.0004116920543433512,0.0012350761630300535,0.0,0.0004116920543433512,0.0008233841086867024,0.0,0.0,0.0,0.0,0.0,0.0,0.0,0.0,0.04363935776039522,0.0012350761630300535,NZ_CP013334.1
0.0,0.0,0.0004286326618088298,0.0004286326618088298,0.0004286326618088298,0.0,0.0,0.0,0.0,0.0,0.0,0.0,0.0,0.0017145306472353193,0.0004286326618088298,0.9009858551221603,0.0017145306472353193,0.0008572653236176596,0.0,0.0,0.0,0.0,0.0,0.0,0.0,0.0,0.0,0.0004286326618088298,0.0,0.0,0.0,0.0004286326618088298,0.0012858979854264896,0.0,0.0,0.0,0.0,0.0004286326618088298,0.0,0.0,0.0,0.0,0.0,0.039862837548221175,0.0004286326618088298,0.0008572653236176596,0.0,0.0004286326618088298,0.0008572653236176596,0.0,0.0,0.0,0.0,0.0004286326618088298,0.0,0.0004286326618088298,0.0004286326618088298,0.04629232747535362,0.0004286326618088298,NZ_CP013336.1
0.0,0.0,0.00048520135856380397,0.00048520135856380397,0.0,0.0,0.0,0.0,0.0,0.0,0.0,0.00048520135856380397,0.0,0.008733624454148471,0.00048520135856380397,0.86608442503639,0.0048520135856380394,0.0,0.0,0.0,0.0,0.0,0.0,0.0,0.0,0.0,0.0,0.0,0.0,0.0,0.0,0.0,0.00048520135856380397,0.0,0.0,0.0,0.0,0.0,0.00048520135856380397,0.0,0.0,0.0,0.0,0.053857350800582245,0.0,0.0,0.0,0.0,0.0,0.0,0.0,0.0,0.0,0.0,0.0,0.0,0.0,0.06356137797185832,0.0,NZ_CP014231.1
0.0,0.0,0.0,0.0,0.0,0.0,0.0,0.0,0.0,0.0,0.0,0.0,0.0,0.0048638132295719845,0.00048638132295719845,0.8803501945525292,0.0048638132295719845,0.0,0.0,0.0,0.00048638132295719845,0.0,0.0,0.00048638132295719845,0.0,0.0,0.0,0.00048638132295719845,0.0,0.0,0.0,0.0,0.0,0.0,0.0,0.0,0.0,0.0,0.0,0.0,0.0,0.00048638132295719845,0.0,0.04815175097276265,0.0,0.0,0.0,0.0,0.0,0.0,0.0,0.0,0.0,0.0,0.0,0.0,0.0,0.05933852140077821,0.0,NZ_CP016753.1
0.0,0.0,0.0,0.0,0.0,0.0,0.0,0.0,0.0,0.0,0.0,0.0,0.0,0.0015022533800701052,0.00100150225338007,0.8963445167751627,0.0015022533800701052,0.0,0.0,0.0,0.0,0.0,0.0,0.0,0.0,0.0,0.0,0.0015022533800701052,0.0,0.0,0.000500751126690035,0.0,0.0,0.0,0.0,0.0,0.0,0.0,0.0,0.0,0.0,0.0,0.0,0.0485728592889334,0.0,0.0,0.0,0.0,0.0,0.0,0.0,0.0,0.0,0.0,0.0,0.0,0.0,0.049073610415623435,0.0,NZ_CP018196.1
0.0,0.0004484304932735426,0.0,0.0,0.0,0.0,0.0,0.0,0.0,0.0,0.0004484304932735426,0.0,0.0,0.0013452914798206279,0.0017937219730941704,0.8941704035874439,0.0008968609865470852,0.0,0.0,0.0,0.0,0.0,0.0,0.0,0.0,0.0004484304932735426,0.0,0.0004484304932735426,0.0,0.0,0.0004484304932735426,0.0,0.0,0.0,0.0,0.0,0.0,0.0,0.0,0.0,0.0,0.0,0.0,0.04663677130044843,0.0,0.0,0.0,0.0,0.0,0.0,0.0,0.0,0.0,0.0,0.0,0.0,0.0,0.05291479820627803,0.0,NZ_CP019306.1
0.0,0.0004710315591144607,0.0,0.0,0.0,0.0,0.0,0.0,0.0,0.0,0.0,0.0,0.0,0.0023551577955723034,0.0004710315591144607,0.8982571832312765,0.00800753650494583,0.0,0.0,0.0,0.0004710315591144607,0.0,0.0,0.0,0.0,0.0,0.0,0.0004710315591144607,0.0004710315591144607,0.001413094677343382,0.0,0.0,0.0,0.0,0.0,0.0,0.0004710315591144607,0.0,0.0,0.0,0.0,0.0,0.0,0.039566650965614694,0.0,0.0,0.0,0.0004710315591144607,0.0004710315591144607,0.0,0.0,0.0,0.0,0.0,0.0,0.0,0.0,0.046161092793217146,0.0004710315591144607,NZ_CP022122.1
0.0,0.0,0.0,0.0,0.0004158004158004158,0.0,0.0,0.0,0.0,0.0,0.0,0.0,0.0,0.0037422037422037424,0.0,0.9085239085239085,0.004158004158004158,0.0,0.0,0.0,0.0,0.0,0.0,0.0,0.0,0.0,0.0,0.0004158004158004158,0.0004158004158004158,0.0,0.0,0.0,0.0008316008316008316,0.0,0.0,0.0,0.0,0.0,0.0,0.0,0.0004158004158004158,0.0,0.0,0.03575883575883576,0.0,0.0,0.0,0.0,0.0,0.0,0.0,0.0,0.0,0.0,0.0,0.0,0.0004158004158004158,0.04449064449064449,0.0004158004158004158,NZ_CP022123.1
0.0,0.0004816955684007707,0.0,0.0,0.0009633911368015414,0.0,0.0,0.0,0.0,0.0004816955684007707,0.0,0.0,0.0,0.0024084778420038534,0.0004816955684007707,0.9089595375722543,0.0038535645472061657,0.0,0.0004816955684007707,0.0,0.0,0.0,0.0,0.0,0.0,0.0,0.0,0.0009633911368015414,0.0,0.0009633911368015414,0.0004816955684007707,0.0,0.0,0.0004816955684007707,0.0,0.0,0.0004816955684007707,0.0,0.0,0.0,0.0,0.0,0.0,0.0394990366088632,0.0,0.0009633911368015414,0.0,0.0,0.0004816955684007707,0.0,0.0,0.0,0.0,0.0,0.0,0.0004816955684007707,0.0,0.03709055876685934,0.0,NZ_CP024698.1
0.0,0.0,0.00045372050816696913,0.0,0.00045372050816696913,0.0,0.0,0.0,0.0,0.0,0.0,0.00045372050816696913,0.0,0.003629764065335753,0.0,0.9092558983666061,0.0018148820326678765,0.0,0.0,0.0,0.0,0.0,0.0,0.0,0.0,0.0,0.0,0.0013611615245009074,0.0,0.0009074410163339383,0.00045372050816696913,0.0009074410163339383,0.0009074410163339383,0.0,0.0,0.0,0.0,0.0,0.0,0.00045372050816696913,0.0,0.0,0.00045372050816696913,0.03765880217785844,0.0,0.002268602540834846,0.00045372050816696913,0.0,0.0,0.0,0.0,0.0,0.0,0.0,0.0,0.0,0.0,0.038112522686025406,0.0,NZ_CP024699.1
0.0,0.0007677543186180423,0.0,0.00038387715930902113,0.0,0.00038387715930902113,0.0,0.0,0.0,0.00038387715930902113,0.0,0.0,0.0,0.004222648752399232,0.0,0.9024952015355087,0.004606525911708253,0.0,0.0,0.00038387715930902113,0.0,0.0,0.0,0.0,0.00038387715930902113,0.00038387715930902113,0.0,0.0007677543186180423,0.0,0.00038387715930902113,0.0007677543186180423,0.0,0.0,0.0,0.0,0.00038387715930902113,0.0,0.0,0.0,0.0,0.00038387715930902113,0.0,0.0,0.03838771593090211,0.0,0.0015355086372360845,0.00038387715930902113,0.0,0.00038387715930902113,0.0,0.0007677543186180423,0.0,0.0,0.0,0.0,0.00038387715930902113,0.0,0.04107485604606526,0.0,NZ_CP024700.1
0.0,0.0,0.0,0.0,0.0008960573476702509,0.0,0.0,0.0,0.0,0.0,0.0,0.0,0.0,0.004032258064516129,0.0,0.9050179211469535,0.0031362007168458782,0.0,0.0,0.0,0.0,0.0,0.0,0.0,0.0,0.0,0.00044802867383512545,0.0008960573476702509,0.00044802867383512545,0.0008960573476702509,0.00044802867383512545,0.0008960573476702509,0.0,0.0,0.0,0.0,0.0,0.0,0.0,0.0,0.00044802867383512545,0.0,0.0,0.03942652329749104,0.0,0.0,0.0,0.00044802867383512545,0.0,0.0,0.00044802867383512545,0.0,0.0,0.0,0.0,0.00044802867383512545,0.00044802867383512545,0.04077060931899642,0.00044802867383512545,NZ_CP024701.1
0.0,0.0009583133684714902,0.0,0.0,0.0004791566842357451,0.0,0.0,0.0,0.0,0.0004791566842357451,0.0,0.0,0.0,0.0023957834211787254,0.0,0.9180642069956876,0.0023957834211787254,0.0,0.0,0.0,0.0,0.0,0.0,0.0,0.0,0.0,0.0,0.0009583133684714902,0.0,0.0009583133684714902,0.0004791566842357451,0.0,0.0009583133684714902,0.0004791566842357451,0.0,0.0,0.0,0.0,0.0004791566842357451,0.0,0.0,0.0,0.0,0.03497843794920939,0.0,0.0,0.0,0.0,0.0,0.0,0.0,0.0,0.0,0.0,0.0,0.0004791566842357451,0.0,0.03545759463344514,0.0,NZ_CP024702.1
0.0,0.0004679457182966776,0.0,0.0,0.0004679457182966776,0.0,0.0,0.0,0.0,0.0,0.0,0.0,0.0,0.0028076743097800653,0.0,0.9120262049602246,0.0028076743097800653,0.0,0.0,0.0,0.0,0.0,0.0,0.0,0.0,0.0,0.0,0.0004679457182966776,0.0,0.0004679457182966776,0.0004679457182966776,0.0004679457182966776,0.0004679457182966776,0.0004679457182966776,0.0,0.0,0.0004679457182966776,0.0,0.0,0.0,0.0,0.0,0.0,0.03696771174543753,0.0,0.0018717828731867104,0.0,0.0004679457182966776,0.0,0.0,0.0004679457182966776,0.0,0.0,0.0,0.0,0.0,0.0,0.037903603182030884,0.0004679457182966776,NZ_CP024703.1
0.0,0.0,0.0,0.0,0.0,0.0,0.0,0.0,0.0,0.0,0.0,0.0,0.0,0.002147766323024055,0.000429553264604811,0.9102233676975945,0.002147766323024055,0.000429553264604811,0.0,0.000429553264604811,0.000429553264604811,0.0,0.0,0.0,0.0,0.0,0.0,0.000429553264604811,0.0,0.000859106529209622,0.000429553264604811,0.000429553264604811,0.000859106529209622,0.0,0.0,0.0,0.0,0.0,0.0,0.000429553264604811,0.0,0.000429553264604811,0.0,0.041237113402061855,0.0,0.001718213058419244,0.0,0.0,0.0,0.0,0.000429553264604811,0.0,0.0,0.0,0.0,0.0,0.0,0.03651202749140894,0.0,NZ_CP024704.1
0.0004580852038479157,0.0004580852038479157,0.0,0.0,0.0009161704076958314,0.0,0.0,0.0,0.0,0.0004580852038479157,0.0,0.0,0.0,0.0022904260192395786,0.0004580852038479157,0.912963811268896,0.0036646816307833257,0.0,0.0,0.0,0.0,0.0004580852038479157,0.0,0.0,0.0,0.0,0.0,0.0009161704076958314,0.0,0.0009161704076958314,0.0004580852038479157,0.0,0.0009161704076958314,0.0,0.0,0.0,0.0009161704076958314,0.0,0.0,0.0,0.0,0.0004580852038479157,0.0004580852038479157,0.03847915712322492,0.0,0.0,0.0,0.0,0.0,0.0,0.0,0.0,0.0,0.0,0.0,0.0,0.0,0.03389830508474576,0.0004580852038479157,NZ_CP024705.1
0.0,0.0007659900421294523,0.0,0.00038299502106472615,0.0,0.00038299502106472615,0.0,0.0,0.0,0.00038299502106472615,0.0,0.0,0.0,0.004595940252776714,0.0,0.9015702795863654,0.004595940252776714,0.0,0.0,0.00038299502106472615,0.0,0.0,0.0,0.0,0.00038299502106472615,0.00038299502106472615,0.0,0.0007659900421294523,0.0,0.00038299502106472615,0.0007659900421294523,0.0,0.0,0.0,0.0,0.00038299502106472615,0.0,0.00038299502106472615,0.0,0.0,0.00038299502106472615,0.0,0.0,0.03906549214860207,0.0,0.0015319800842589046,0.00038299502106472615,0.0,0.00038299502106472615,0.0,0.0007659900421294523,0.0,0.0,0.0,0.0,0.00038299502106472615,0.0,0.040597472232860976,0.0,NZ_CP024731.1
0.0,0.0005192107995846313,0.0,0.0,0.0,0.0,0.0,0.0,0.0,0.0005192107995846313,0.0,0.0,0.0,0.002596053997923157,0.0005192107995846313,0.9065420560747663,0.004672897196261682,0.0,0.0,0.0,0.0,0.0,0.0,0.0,0.0,0.0,0.0005192107995846313,0.0,0.0,0.0005192107995846313,0.0,0.0,0.0,0.0005192107995846313,0.0,0.0,0.0,0.0,0.0,0.0,0.0,0.0,0.0,0.0446521287642783,0.0,0.0,0.0,0.0,0.0,0.0,0.0,0.0,0.0,0.0,0.0,0.0,0.0,0.037383177570093455,0.0010384215991692627,NZ_CP024749.1
0.0,0.0,0.0,0.0,0.0,0.0,0.0,0.0,0.0,0.0,0.0,0.0,0.0,0.003493013972055888,0.000499001996007984,0.8987025948103793,0.003493013972055888,0.000499001996007984,0.0,0.0,0.0,0.0,0.0,0.000499001996007984,0.0,0.0,0.0,0.0,0.0,0.000998003992015968,0.0,0.0,0.0,0.0,0.0,0.0,0.000499001996007984,0.0,0.0,0.0,0.0,0.0,0.0,0.041916167664670656,0.0,0.001996007984031936,0.0,0.0,0.000499001996007984,0.0,0.0,0.0,0.0,0.0,0.0,0.0,0.0,0.04640718562874251,0.000499001996007984,NZ_CP028101.1
0.0,0.0,0.0,0.0,0.0,0.0,0.0,0.0,0.0,0.0,0.000380517503805175,0.0,0.0,0.0076103500761035,0.0015220700152207,0.89117199391172,0.0060882800608828,0.0,0.0,0.0,0.0,0.0,0.0,0.0,0.0,0.0,0.0,0.001141552511415525,0.0,0.0,0.000380517503805175,0.0,0.0,0.0,0.0,0.0,0.0,0.0,0.0,0.0,0.0,0.0,0.0,0.0395738203957382,0.0,0.0,0.0,0.0,0.0,0.0,0.0,0.0,0.0,0.0,0.0,0.000380517503805175,0.0,0.0517503805175038,0.0,NZ_CP028102.1
0.0,0.0,0.0,0.0,0.0,0.0,0.0,0.0,0.0,0.0,0.0,0.0,0.0,0.00705408128988915,0.0003359086328518643,0.8965401410816258,0.0026872690628149142,0.0,0.0,0.0,0.0,0.0,0.0,0.0,0.0,0.0,0.0003359086328518643,0.001007725898555593,0.0,0.0,0.0003359086328518643,0.0,0.0,0.0,0.0,0.0,0.0,0.0,0.0,0.0,0.0,0.0,0.0,0.04769902586496473,0.0,0.0,0.0003359086328518643,0.0,0.0,0.0,0.0,0.0,0.0,0.0,0.0,0.0,0.0,0.043668122270742356,0.0,NZ_CP028103.1
0.0,0.0,0.0,0.0,0.0,0.0,0.0,0.0,0.0,0.0,0.0,0.0,0.0,0.0037267080745341614,0.0,0.8959627329192547,0.003105590062111801,0.0,0.0,0.0,0.0,0.0,0.0,0.0,0.0,0.0,0.0,0.0009316770186335404,0.0,0.0,0.00031055900621118014,0.0,0.0,0.0,0.0,0.0,0.0,0.0,0.0,0.0,0.0,0.0,0.0,0.0515527950310559,0.0,0.0,0.0,0.0,0.0,0.0,0.0,0.0,0.0,0.0,0.0,0.0,0.0,0.04440993788819876,0.0,NZ_CP028105.1
0.0,0.0,0.0,0.0,0.0,0.0,0.0,0.0,0.0,0.0,0.0,0.0,0.0,0.0012484394506866417,0.0018726591760299626,0.8913857677902621,0.003745318352059925,0.0,0.0,0.0,0.0,0.0,0.0,0.0,0.0,0.0,0.0,0.0006242197253433209,0.0,0.0,0.0006242197253433209,0.0,0.0,0.0,0.0,0.0,0.0,0.0,0.0,0.0,0.0,0.0,0.0,0.04868913857677903,0.0,0.0024968789013732834,0.0,0.0,0.0,0.0,0.0,0.0,0.0,0.0,0.0,0.0006242197253433209,0.0,0.04868913857677903,0.0,NZ_CP028106.1
0.0,0.00047214353163361664,0.0,0.0,0.0,0.0,0.0,0.0,0.0,0.0,0.0,0.0,0.0,0.002360717658168083,0.00141643059490085,0.8876298394711992,0.0,0.0,0.0,0.0,0.0,0.0,0.0,0.0,0.0,0.0,0.0,0.0009442870632672333,0.00047214353163361664,0.0,0.00047214353163361664,0.0,0.0,0.0,0.0,0.0,0.0,0.0,0.0,0.0,0.0,0.0,0.0,0.049575070821529746,0.0,0.0,0.0,0.0,0.0,0.0,0.0,0.0,0.0,0.0,0.0,0.0,0.0,0.056657223796033995,0.0,NZ_CP028107.1
0.0,0.001266891891891892,0.0,0.0,0.001266891891891892,0.0,0.0004222972972972973,0.0,0.0,0.0,0.0004222972972972973,0.0,0.0004222972972972973,0.002533783783783784,0.0,0.910472972972973,0.0021114864864864866,0.0,0.0,0.0004222972972972973,0.0,0.0,0.0,0.0,0.0,0.0,0.0,0.0008445945945945946,0.0,0.001266891891891892,0.0004222972972972973,0.0008445945945945946,0.0,0.0,0.0004222972972972973,0.0,0.0,0.0,0.0,0.0,0.0,0.0004222972972972973,0.0,0.036317567567567564,0.0,0.0004222972972972973,0.0004222972972972973,0.0,0.0,0.0004222972972972973,0.0004222972972972973,0.0,0.0,0.0,0.0,0.0004222972972972973,0.0,0.03758445945945946,0.0004222972972972973,NZ_CP028108.1
0.0,0.0,0.0,0.0,0.00047505938242280285,0.0,0.0,0.0,0.0,0.0,0.0,0.0,0.0,0.00332541567695962,0.0009501187648456057,0.896437054631829,0.00332541567695962,0.00047505938242280285,0.0,0.0,0.0,0.0,0.0,0.0,0.0,0.0,0.0,0.0,0.0,0.0009501187648456057,0.0,0.00047505938242280285,0.0,0.0,0.0,0.0,0.00047505938242280285,0.0,0.0,0.0,0.0,0.0,0.0,0.04180522565320665,0.0,0.0028503562945368173,0.0,0.0,0.00047505938242280285,0.0,0.0,0.0,0.0,0.0,0.0,0.0,0.0,0.04655581947743468,0.0014251781472684087,NZ_CP028109.1
0.0,0.0,0.0,0.0,0.0,0.0,0.0,0.0,0.00042589437819420784,0.0,0.0,0.0,0.0,0.002555366269165247,0.0,0.909710391822828,0.0038330494037478705,0.0,0.0,0.00042589437819420784,0.0,0.0,0.0,0.0,0.0,0.0,0.0,0.0,0.0,0.0,0.0,0.0,0.0,0.0,0.0,0.0,0.0,0.00042589437819420784,0.0,0.0,0.0,0.0008517887563884157,0.0,0.034497444633730834,0.00042589437819420784,0.0,0.0,0.0,0.0,0.0,0.0,0.0,0.0,0.0,0.0,0.00042589437819420784,0.0,0.04599659284497445,0.00042589437819420784,NZ_CP053468.1
0.0,0.0004522840343735866,0.0,0.0,0.0004522840343735866,0.0,0.0,0.0,0.0,0.0,0.0,0.0,0.0,0.005427408412483039,0.0,0.900497512437811,0.004070556309362279,0.0004522840343735866,0.0,0.0,0.0004522840343735866,0.0,0.0,0.0,0.0,0.0,0.0,0.0,0.0004522840343735866,0.0,0.0,0.0,0.0,0.0,0.0,0.0,0.0,0.0,0.0,0.0,0.0,0.0,0.0,0.037991858887381276,0.0,0.0,0.0,0.0004522840343735866,0.0004522840343735866,0.0,0.0,0.0,0.0,0.0,0.0,0.0004522840343735866,0.0,0.04748982360922659,0.0009045680687471732,NZ_CP060112.1
0.0,0.0,0.0004631773969430292,0.0,0.0,0.0004631773969430292,0.0,0.0,0.0,0.0,0.0,0.0,0.0,0.0018527095877721167,0.0004631773969430292,0.8999536822603057,0.0041685965724872626,0.0009263547938860583,0.0,0.0,0.0004631773969430292,0.0,0.0,0.0,0.0,0.0,0.0,0.0,0.0,0.0,0.0,0.0,0.0,0.0,0.0,0.0,0.0,0.0004631773969430292,0.0,0.0,0.0,0.0,0.0,0.041685965724872626,0.0004631773969430292,0.0018527095877721167,0.0,0.0004631773969430292,0.0004631773969430292,0.0,0.0,0.0,0.0,0.0,0.0,0.0,0.0004631773969430292,0.04492820750347383,0.0004631773969430292,NZ_CP060115.1
0.0,0.0,0.0,0.0,0.0,0.0,0.0,0.0,0.0,0.0,0.0,0.0,0.0,0.006176016469377252,0.0025733401955738548,0.8759650025733402,0.006176016469377252,0.0,0.0,0.0,0.0,0.0,0.0,0.0,0.0,0.0,0.0,0.000514668039114771,0.0,0.0,0.000514668039114771,0.0,0.000514668039114771,0.0,0.0,0.0,0.0,0.0,0.0,0.0,0.0,0.0,0.0,0.0478641276376737,0.0,0.0,0.0,0.000514668039114771,0.0,0.000514668039114771,0.0,0.0,0.0,0.0,0.0,0.0,0.0,0.05867215645908389,0.0,NZ_CP060637.1
0.0,0.0008841732979664014,0.0,0.0004420866489832007,0.0,0.0004420866489832007,0.0,0.0,0.0,0.0,0.0,0.0,0.0,0.005305039787798408,0.001326259946949602,0.8974358974358975,0.005747126436781609,0.0,0.0,0.0004420866489832007,0.0,0.0,0.0,0.0,0.0,0.0,0.0,0.0,0.001326259946949602,0.0,0.0,0.0,0.0,0.0,0.0,0.0,0.0,0.0004420866489832007,0.0,0.0,0.0,0.0,0.0,0.038903625110521665,0.0,0.002652519893899204,0.0,0.0,0.0,0.0,0.0,0.0,0.0,0.0,0.0,0.0,0.0,0.04376657824933687,0.0008841732979664014,NZ_CP066022.1
0.0,0.00045599635202918376,0.00045599635202918376,0.0,0.0,0.0,0.0,0.0,0.0,0.0,0.0,0.0,0.0,0.0027359781121751026,0.0009119927040583675,0.9001367989056087,0.004103967168262654,0.0,0.0,0.0,0.0,0.0,0.0,0.0,0.0,0.0,0.0,0.0,0.00045599635202918376,0.0,0.0,0.0,0.0,0.00045599635202918376,0.0,0.0,0.0,0.0,0.0,0.0,0.0,0.0,0.0,0.04970360237118103,0.0,0.0,0.0,0.0,0.0,0.0,0.0,0.0,0.0,0.0,0.0,0.0,0.0,0.04012767897856817,0.00045599635202918376,NZ_CP068114.1
0.0,0.0,0.0,0.0,0.0,0.0,0.0,0.0,0.0,0.0,0.0,0.0,0.0,0.0023685457129322598,0.0004737091425864519,0.9028896257697774,0.004263382283278067,0.0009474182851729038,0.0,0.0,0.0,0.0,0.0,0.0,0.0,0.0,0.0,0.0004737091425864519,0.0,0.0,0.0,0.0,0.0,0.0,0.0,0.0,0.0,0.0004737091425864519,0.0,0.0,0.0,0.0,0.0,0.038844149692089054,0.0004737091425864519,0.0004737091425864519,0.0,0.0009474182851729038,0.0,0.0,0.0,0.0,0.0,0.0,0.0,0.0004737091425864519,0.0,0.04642349597347229,0.0004737091425864519,NZ_CP071092.1
0.0,0.0005299417064122947,0.0,0.0,0.0005299417064122947,0.0,0.0,0.0,0.0,0.0005299417064122947,0.0,0.0,0.0,0.002649708532061473,0.0,0.9067302596714362,0.005299417064122946,0.0,0.0,0.0,0.0,0.0,0.0,0.0,0.0,0.0,0.0,0.0005299417064122947,0.0,0.0005299417064122947,0.0,0.0,0.0,0.0005299417064122947,0.0,0.0,0.0,0.0,0.0,0.0,0.0,0.0,0.0,0.041865394806571275,0.0,0.0,0.0,0.0,0.0,0.0,0.0,0.0,0.0,0.0,0.0,0.0,0.0,0.0392156862745098,0.0010598834128245894,NZ_CP071093.1
0.0,0.00042122999157540015,0.00042122999157540015,0.0,0.0,0.00042122999157540015,0.0,0.0,0.0,0.0,0.0,0.0,0.0,0.0037910699241786015,0.00042122999157540015,0.9060657118786858,0.003369839932603201,0.0,0.0,0.0,0.0,0.0,0.0,0.0,0.0,0.0,0.0,0.0,0.0,0.0,0.0,0.00042122999157540015,0.00042122999157540015,0.00042122999157540015,0.0,0.0,0.0,0.0,0.0,0.0,0.0,0.0,0.0,0.03622577927548441,0.00042122999157540015,0.0,0.0,0.0,0.0,0.0,0.0,0.0,0.0,0.0,0.0,0.00042122999157540015,0.0,0.04591406908171862,0.0008424599831508003,NZ_CP071094.1
0.0,0.0008403361344537816,0.0,0.0,0.0,0.0,0.0,0.0,0.0,0.0,0.0,0.0,0.0,0.005042016806722689,0.0004201680672268908,0.9033613445378151,0.0029411764705882353,0.0,0.0,0.0004201680672268908,0.0,0.0,0.0,0.0,0.0,0.0,0.0,0.0,0.0,0.0,0.0,0.0008403361344537816,0.0004201680672268908,0.0,0.0,0.0,0.0,0.0004201680672268908,0.0,0.0,0.0,0.0,0.0,0.03529411764705882,0.0008403361344537816,0.0,0.0,0.0,0.0,0.0,0.0,0.0,0.0,0.0,0.0004201680672268908,0.0016806722689075631,0.0,0.046638655462184875,0.0004201680672268908,NZ_CP071096.1
0.0,0.0004347826086956522,0.0,0.0008695652173913044,0.0004347826086956522,0.0,0.0,0.0,0.0,0.0008695652173913044,0.0,0.0,0.0,0.0026086956521739132,0.0,0.9034782608695652,0.0026086956521739132,0.0004347826086956522,0.0,0.0,0.0,0.0,0.0,0.0,0.0,0.0,0.0004347826086956522,0.0008695652173913044,0.0004347826086956522,0.0,0.0,0.0008695652173913044,0.0004347826086956522,0.0,0.0,0.0,0.0,0.0004347826086956522,0.0,0.0,0.0,0.0004347826086956522,0.0,0.03869565217391304,0.0,0.002173913043478261,0.0004347826086956522,0.0004347826086956522,0.0,0.0,0.0,0.0004347826086956522,0.0,0.0,0.0,0.0004347826086956522,0.0,0.041304347826086954,0.0004347826086956522,NZ_CP071097.1
0.0,0.0009573958831977022,0.0004786979415988511,0.0,0.0,0.0,0.0,0.0,0.0,0.0,0.0,0.0,0.0,0.0023934897079942556,0.0,0.9143130684538057,0.0023934897079942556,0.0,0.0,0.0004786979415988511,0.0,0.0,0.0,0.0,0.0,0.0,0.0,0.0004786979415988511,0.0,0.0,0.0,0.0,0.0,0.0,0.0,0.0,0.0,0.0,0.0,0.0,0.0,0.0,0.0,0.03781713738630924,0.0,0.0009573958831977022,0.0,0.0,0.0,0.0,0.0,0.0004786979415988511,0.0,0.0,0.0,0.0,0.0,0.03829583532790809,0.0009573958831977022,NZ_CP071098.1
0.0,0.00043010752688172043,0.0,0.00043010752688172043,0.00043010752688172043,0.0,0.0,0.0,0.0,0.00043010752688172043,0.0,0.0,0.00043010752688172043,0.0034408602150537634,0.00043010752688172043,0.9002150537634409,0.0012903225806451613,0.0,0.0,0.00043010752688172043,0.0,0.0,0.0,0.0,0.0,0.0,0.0,0.0008602150537634409,0.00043010752688172043,0.0,0.0,0.0,0.0,0.0,0.00043010752688172043,0.0,0.0,0.00043010752688172043,0.0,0.0,0.0,0.0,0.0,0.04129032258064516,0.00043010752688172043,0.003010752688172043,0.00043010752688172043,0.0008602150537634409,0.00043010752688172043,0.0,0.0,0.00043010752688172043,0.0,0.0,0.0,0.00043010752688172043,0.0,0.04172043010752688,0.0008602150537634409,NZ_CP071099.1
0.0,0.0009765625,0.0,0.0,0.0,0.0,0.0,0.0,0.0,0.00048828125,0.0,0.0,0.00048828125,0.009765625,0.0009765625,0.83203125,0.015625,0.0,0.0,0.0,0.0,0.0,0.0,0.0,0.0,0.0,0.0,0.00146484375,0.0,0.00048828125,0.0,0.0,0.0,0.00048828125,0.0,0.0,0.0,0.0,0.00048828125,0.0,0.0,0.0,0.0,0.0498046875,0.0,0.0,0.0,0.0009765625,0.0,0.0,0.0,0.0,0.0,0.0,0.0,0.0,0.00048828125,0.0849609375,0.00048828125,NZ_CP072377.1
0.0,0.0011273957158962795,0.0,0.0005636978579481398,0.0005636978579481398,0.0,0.0,0.0,0.0,0.0,0.0,0.0,0.0005636978579481398,0.004509582863585118,0.0016910935738444193,0.8810597519729425,0.004509582863585118,0.0,0.0,0.0,0.0,0.0,0.0,0.0,0.0,0.0,0.0,0.0005636978579481398,0.0,0.0,0.0005636978579481398,0.0,0.0005636978579481398,0.0,0.0,0.0,0.0,0.0005636978579481398,0.0,0.0,0.0,0.0,0.0,0.04735062006764374,0.0,0.0,0.0005636978579481398,0.0005636978579481398,0.0,0.0,0.0005636978579481398,0.0,0.0,0.0,0.0,0.0,0.0,0.05411499436302142,0.0,NZ_CP072378.1
0.0,0.0,0.0,0.0,0.0,0.0,0.0,0.0,0.0,0.0,0.0,0.0,0.0,0.005793742757821553,0.0005793742757821553,0.8626882966396292,0.004634994206257242,0.0,0.0,0.0,0.0,0.0,0.0,0.0,0.0,0.0,0.0,0.0,0.0,0.0,0.0005793742757821553,0.0,0.0,0.0,0.0,0.0,0.0,0.0,0.0,0.0,0.0,0.0,0.0,0.05909617612977984,0.0,0.0,0.0,0.0,0.0,0.0,0.0,0.0,0.0,0.0,0.0,0.0,0.0,0.06662804171494785,0.0,NZ_CP092519.1
0.0,0.0004278990158322636,0.0004278990158322636,0.0,0.0,0.0,0.0,0.0,0.0,0.0,0.0,0.0,0.0,0.004278990158322636,0.0,0.8938810440735986,0.006418485237483954,0.0,0.0,0.0,0.0,0.0,0.0,0.0,0.0,0.0,0.0,0.0004278990158322636,0.0004278990158322636,0.0,0.0,0.0,0.0,0.0004278990158322636,0.0,0.0,0.0,0.0,0.0,0.0,0.0,0.0004278990158322636,0.0,0.03979460847240052,0.0,0.0,0.0004278990158322636,0.0012836970474967907,0.0,0.0,0.0,0.0,0.0,0.0,0.0,0.0,0.0,0.050919982884039365,0.0004278990158322636,NZ_CP100429.1
0.0,0.00043122035360068997,0.00043122035360068997,0.0,0.0,0.0,0.0,0.0,0.0,0.0,0.0,0.0,0.0,0.0034497628288055198,0.0,0.8995256576110392,0.00517464424320828,0.0,0.0,0.0,0.0,0.0,0.0,0.0,0.0,0.0,0.0,0.00043122035360068997,0.00043122035360068997,0.0,0.0,0.0,0.0,0.0,0.0,0.0,0.0,0.0,0.0,0.0,0.0,0.00043122035360068997,0.0,0.03794739111686071,0.0,0.0,0.00043122035360068997,0.00129366106080207,0.0,0.0,0.0,0.0,0.0,0.0,0.0,0.0,0.0,0.049590340664079344,0.00043122035360068997,NZ_LN831027.1
0.0,0.0003049710277523635,0.0,0.0,0.0,0.0,0.0,0.0,0.0,0.0003049710277523635,0.0,0.0,0.0,0.016773406526379993,0.002439768222018908,0.8459896309850564,0.01036901494358036,0.0,0.0,0.0,0.0,0.0,0.0,0.0,0.0,0.0,0.0003049710277523635,0.001219884111009454,0.0,0.0,0.0003049710277523635,0.0,0.0,0.0,0.0,0.0,0.0,0.0,0.0,0.0,0.0,0.0,0.0,0.05794449527294907,0.0003049710277523635,0.0,0.0003049710277523635,0.0003049710277523635,0.0,0.0,0.0,0.0,0.0,0.0,0.0,0.0003049710277523635,0.0,0.06282403171698689,0.0,NZ_LR134390.1
0.0003096934035305048,0.0,0.0,0.0,0.0,0.0,0.0,0.0,0.0,0.0,0.0,0.0,0.0,0.004335707649427067,0.0003096934035305048,0.8956333230102199,0.002787240631774543,0.0,0.0,0.0,0.0,0.0,0.0,0.0,0.0,0.0,0.0,0.0009290802105915144,0.0,0.0,0.0003096934035305048,0.0,0.0,0.0,0.0,0.0,0.0,0.0,0.0,0.0,0.0,0.0,0.0,0.051718798389594305,0.0,0.0,0.0,0.0,0.0,0.0,0.0,0.0,0.0,0.0,0.0,0.0,0.0,0.043666769897801175,0.0,NZ_LS483487.1
