AAA,AAC,AAG,AAT,ACA,ACG,ACT,AGA,AGC,AGG,AGT,ATA,ATC,ATG,ATT,CAA,CAC,CAG,CAT,CCA,CCT,CGT,CTA,CTG,CTT,GAA,GAC,GAG,GAT,GCA,GCT,GGA,GGG,GGT,GTA,GTC,GTG,GTT,TAA,TAC,TAG,TAT,TCA,TCC,TCT,TGA,TGG,TGT,TTA,TTC,TTG,TTT,ID
0.0,0.0,0.002181500872600349,0.0,0.0,0.0,0.0,0.0,0.0,0.0,0.0,0.0004363001745200698,0.0,0.0,0.0004363001745200698,0.0,0.0,0.0,0.0,0.0,0.0,0.0,0.0,0.0,0.0004363001745200698,0.0004363001745200698,0.0,0.0004363001745200698,0.0,0.0,0.0,0.0,0.0,0.0,0.0,0.0,0.0,0.0,0.7390924956369983,0.0,0.18717277486910994,0.0,0.0,0.0,0.0,0.0693717277486911,0.0,0.0,0.0,0.0,0.0,0.0,NC_013192.1
0.00024348672997321646,0.0,0.0,0.00024348672997321646,0.0,0.0,0.0,0.0,0.0,0.0,0.00024348672997321646,0.00024348672997321646,0.0,0.0,0.0,0.0,0.0,0.0,0.0,0.0,0.0,0.0,0.00024348672997321646,0.0,0.00024348672997321646,0.00024348672997321646,0.0,0.00024348672997321646,0.0,0.00024348672997321646,0.0,0.00024348672997321646,0.0,0.0,0.0,0.0,0.0,0.0,0.6686145605064524,0.0,0.19138056975894813,0.00024348672997321646,0.0,0.0,0.0,0.13683954224494765,0.0004869734599464329,0.0,0.0,0.0,0.0,0.0,NC_013517.1
0.0,0.0,0.0,0.0005219206680584551,0.0,0.0,0.0,0.0,0.0,0.0,0.0005219206680584551,0.0,0.0,0.0,0.0,0.0,0.0,0.0,0.0,0.0,0.0,0.0,0.0,0.0,0.0005219206680584551,0.0,0.0,0.0,0.0,0.0005219206680584551,0.0005219206680584551,0.0,0.0,0.0,0.0,0.0,0.0,0.0,0.656054279749478,0.0,0.24008350730688935,0.0,0.0,0.0,0.0,0.10125260960334029,0.0,0.0,0.0,0.0,0.0,0.0,NC_014632.1
0.0009510223490252021,0.0,0.0,0.0,0.0,0.0,0.00047551117451260106,0.0,0.0,0.0,0.0,0.0,0.0,0.0,0.0,0.0,0.00047551117451260106,0.0,0.0,0.0,0.0,0.0,0.0,0.0,0.0,0.0009510223490252021,0.0,0.0,0.00047551117451260106,0.0,0.0,0.0,0.0,0.0,0.0,0.0,0.0,0.0,0.7104136947218259,0.0,0.18830242510699002,0.00047551117451260106,0.0,0.0,0.00047551117451260106,0.09605325725154541,0.0,0.00047551117451260106,0.00047551117451260106,0.0,0.0,0.0,NC_021281.1
0.0014038371548900327,0.0004679457182966776,0.0,0.0,0.0,0.0,0.0,0.0,0.0,0.0,0.0004679457182966776,0.0,0.0004679457182966776,0.0,0.0,0.0004679457182966776,0.0,0.0,0.0004679457182966776,0.0,0.0,0.0,0.0,0.0,0.0,0.0009358914365933552,0.0,0.0,0.0004679457182966776,0.0,0.0,0.0004679457182966776,0.0,0.0,0.0,0.0,0.0,0.0,0.7075339260645765,0.0,0.1918577445016378,0.0004679457182966776,0.0,0.0,0.0004679457182966776,0.09265325222274216,0.0,0.0004679457182966776,0.0009358914365933552,0.0,0.0,0.0,NC_022196.1
0.0,0.0,0.0,0.0,0.0,0.0,0.0,0.0,0.0,0.0,0.0,0.0,0.0,0.0,0.0,0.0,0.0,0.0,0.0,0.0,0.0,0.0,0.0,0.0,0.0,0.0,0.0,0.0,0.0,0.0,0.0,0.0,0.0,0.0,0.0,0.0,0.0,0.0,1.0,0.0,0.0,0.0,0.0,0.0,0.0,0.0,0.0,0.0,0.0,0.0,0.0,0.0,NG_050724.1
0.00045413260672116256,0.0,0.0,0.0,0.0,0.0,0.0,0.0,0.0,0.0,0.0,0.0,0.0,0.0,0.0,0.0,0.0,0.0,0.0,0.0,0.0,0.0,0.0,0.0,0.00045413260672116256,0.0,0.0,0.0,0.0,0.0,0.0,0.00045413260672116256,0.0,0.0,0.0,0.0,0.0,0.0009082652134423251,0.6966394187102634,0.0,0.2134423251589464,0.0,0.0,0.0,0.0,0.08628519527702089,0.0013623978201634877,0.0,0.0,0.0,0.0,0.0,NZ_AP019822.1
0.0,0.0,0.0,0.0,0.0,0.0,0.0,0.0,0.0,0.0,0.0,0.0,0.0,0.0,0.0,0.0,0.0,0.0,0.0,0.0,0.0,0.0,0.0,0.0,0.00041476565740356696,0.0,0.0,0.0,0.0,0.0,0.0,0.0,0.0,0.00041476565740356696,0.0,0.0,0.0,0.0,0.7324761509746993,0.0,0.2036499377851514,0.0,0.0,0.0,0.0,0.06304437992534218,0.0,0.0,0.0,0.0,0.0,0.0,NZ_AP019823.1
0.0,0.0,0.0,0.0,0.0,0.0,0.0,0.0005122950819672131,0.0,0.0,0.0,0.0,0.0,0.0,0.0005122950819672131,0.0,0.0,0.0,0.0,0.0,0.0,0.0,0.0,0.0,0.0005122950819672131,0.0,0.0,0.0,0.0,0.0,0.0,0.0,0.0,0.0,0.0,0.0,0.0,0.0,0.711577868852459,0.0,0.21055327868852458,0.0,0.0,0.0,0.0,0.07633196721311475,0.0,0.0,0.0,0.0,0.0,0.0,NZ_AP019827.1
0.00047961630695443646,0.0,0.0,0.0,0.0,0.0,0.0,0.00047961630695443646,0.0,0.0,0.0,0.0,0.0,0.0,0.00047961630695443646,0.0,0.0,0.0,0.0,0.0,0.0,0.0,0.0,0.0,0.00047961630695443646,0.0,0.0,0.0,0.00047961630695443646,0.0,0.0,0.0,0.0,0.0,0.0,0.0,0.0,0.0,0.7165467625899281,0.0,0.2014388489208633,0.0,0.0,0.0,0.0,0.07961630695443644,0.0,0.0,0.0,0.0,0.0,0.0,NZ_AP019829.2
0.0007867820613690008,0.0,0.0,0.0,0.0,0.0,0.0,0.0003933910306845004,0.0,0.0,0.0,0.0007867820613690008,0.0,0.0,0.0003933910306845004,0.0,0.0,0.0,0.0,0.0,0.0,0.0,0.0,0.0,0.0003933910306845004,0.0011801730920535012,0.0,0.0003933910306845004,0.0,0.0,0.0,0.0,0.0,0.0,0.0,0.0,0.0,0.0,0.7222659323367427,0.0,0.19630212431156568,0.0,0.0,0.0,0.0,0.07710464201416208,0.0,0.0,0.0,0.0,0.0,0.0,NZ_AP019831.1
0.0,0.0,0.0,0.0,0.0,0.0,0.0,0.0,0.0,0.0,0.0,0.0,0.0,0.0,0.0,0.0,0.0,0.0,0.0,0.0,0.0,0.0,0.0,0.0,0.0004580852038479157,0.0,0.0,0.0,0.0004580852038479157,0.0,0.0,0.0,0.0,0.0,0.0,0.0,0.0,0.0,0.7114063215758131,0.0,0.19972514887769124,0.0,0.0,0.0,0.0,0.08795235913879981,0.0,0.0,0.0,0.0,0.0,0.0,NZ_AP019834.1
0.0,0.0,0.000445632798573975,0.0,0.0,0.0,0.0,0.00089126559714795,0.0,0.0,0.000445632798573975,0.0,0.0,0.0,0.000445632798573975,0.0,0.0,0.0,0.0,0.0,0.0,0.0,0.0,0.0,0.000445632798573975,0.0,0.0,0.0,0.0,0.0,0.0,0.0,0.0,0.0,0.0,0.0,0.0,0.0,0.7121212121212122,0.0,0.19786096256684493,0.0,0.0,0.0,0.0,0.08645276292335116,0.000445632798573975,0.0,0.000445632798573975,0.0,0.0,0.0,NZ_AP019835.1
0.0007465472191116088,0.0,0.0,0.0,0.0003732736095558044,0.0003732736095558044,0.0,0.0,0.0,0.0,0.0,0.0003732736095558044,0.0,0.0,0.0003732736095558044,0.0,0.0,0.0,0.0,0.0,0.0,0.0,0.0,0.0,0.0003732736095558044,0.0014930944382232176,0.0,0.0,0.0,0.0,0.0,0.0,0.0,0.0,0.0,0.0,0.0,0.0,0.717431877566256,0.0,0.20119447555057857,0.0003732736095558044,0.0,0.0,0.0,0.0768943635684957,0.0,0.0,0.0,0.0,0.0,0.0,NZ_AP019840.1
0.0,0.0,0.0,0.0,0.0,0.0,0.0,0.0,0.00046490004649000463,0.0,0.0,0.0,0.0,0.0,0.0009298000929800093,0.0,0.0,0.0,0.0,0.0,0.0,0.0,0.0,0.00046490004649000463,0.00046490004649000463,0.0,0.0,0.0,0.0,0.0,0.0,0.0,0.0,0.0,0.0,0.0,0.0,0.0,0.7140864714086471,0.0,0.21199442119944212,0.0,0.0,0.0,0.0,0.07159460715946071,0.0,0.0,0.0,0.0,0.0,0.0,NZ_AP019841.1
0.0020652622883106154,0.0,0.0,0.0,0.0,0.0,0.0,0.0004130524576621231,0.0,0.0,0.0,0.0004130524576621231,0.0,0.0,0.0008261049153242462,0.0,0.0,0.0,0.0004130524576621231,0.0,0.0,0.0,0.0,0.0,0.0004130524576621231,0.0004130524576621231,0.0,0.0,0.0,0.0,0.0,0.0,0.0,0.0,0.0,0.0,0.0,0.0,0.724907063197026,0.0,0.18587360594795538,0.0,0.0,0.0,0.0,0.08426270136307311,0.0,0.0,0.0,0.0,0.0,0.0,NZ_AP019845.1
0.00046146746654360867,0.0,0.0,0.0,0.0,0.0,0.0,0.00046146746654360867,0.0,0.0,0.0,0.0,0.0,0.0,0.0,0.0,0.0,0.0,0.0,0.0,0.0,0.0,0.0,0.0,0.00046146746654360867,0.0,0.0,0.0,0.0,0.0,0.0,0.0,0.0,0.0,0.0,0.0,0.0,0.0,0.7171204430087679,0.0,0.20535302261190586,0.0,0.0,0.0,0.0,0.07614213197969544,0.0,0.0,0.0,0.0,0.0,0.0,NZ_AP019846.1
0.00041511000415110004,0.00041511000415110004,0.00041511000415110004,0.00041511000415110004,0.0,0.0,0.0,0.0,0.0,0.0,0.0,0.0,0.0,0.00041511000415110004,0.00041511000415110004,0.0,0.00041511000415110004,0.0,0.00041511000415110004,0.0,0.0,0.0,0.0,0.00041511000415110004,0.0,0.0,0.0,0.00041511000415110004,0.0008302200083022001,0.0,0.0,0.0,0.0,0.0,0.0,0.0,0.0,0.0,0.6982150269821503,0.0,0.19219593192195933,0.0,0.0,0.0,0.00041511000415110004,0.10294728102947281,0.0,0.00041511000415110004,0.0008302200083022001,0.0,0.0,0.0,NZ_CP007062.1
0.0012012012012012011,0.0,0.0,0.0,0.0006006006006006006,0.0,0.0,0.0,0.0,0.0,0.0012012012012012011,0.0,0.0006006006006006006,0.0,0.0006006006006006006,0.0,0.0,0.0,0.0,0.0,0.0,0.0,0.0,0.0,0.0,0.0006006006006006006,0.0,0.0,0.0,0.0,0.0,0.0006006006006006006,0.0,0.0,0.0,0.0,0.0,0.0,0.7279279279279279,0.0,0.18078078078078078,0.0,0.0,0.0,0.0006006006006006006,0.08348348348348349,0.0006006006006006006,0.0,0.0012012012012012011,0.0,0.0,0.0,NZ_CP007064.1
0.0,0.0,0.0,0.0,0.0,0.0,0.0,0.0030303030303030303,0.0,0.0,0.0,0.0,0.0,0.0,0.0,0.0,0.0,0.0,0.0,0.0,0.0,0.0,0.0,0.0,0.0,0.0030303030303030303,0.0,0.0,0.0,0.0,0.0,0.0,0.0,0.0,0.0,0.0,0.0,0.0,0.7242424242424242,0.0,0.1696969696969697,0.0,0.0,0.0,0.0,0.09696969696969697,0.0,0.0,0.0030303030303030303,0.0,0.0,0.0,NZ_CP007065.1
0.0,0.0,0.0,0.0,0.0,0.0,0.0,0.0007936507936507937,0.0,0.0,0.0,0.0,0.0,0.0,0.0,0.0,0.0,0.0,0.0,0.0,0.0,0.0,0.0,0.0,0.0,0.0,0.0,0.0,0.0,0.0,0.0,0.0,0.0,0.0,0.0,0.0,0.0,0.0,0.5595238095238095,0.0,0.2611111111111111,0.0,0.0,0.0,0.0,0.17857142857142858,0.0,0.0,0.0,0.0,0.0,0.0,NZ_CP011280.1
0.0008814455707360071,0.0,0.0,0.0,0.0,0.0,0.00044072278536800354,0.0,0.0,0.00044072278536800354,0.0017628911414720142,0.0,0.0,0.0,0.0,0.0,0.0,0.0,0.0,0.0,0.0,0.0,0.0,0.0,0.0,0.0008814455707360071,0.0,0.0,0.0,0.0,0.0,0.0,0.0,0.0,0.0,0.0,0.0,0.0,0.6575583957690613,0.0,0.27060379021595415,0.0,0.00044072278536800354,0.0,0.0,0.06698986337593654,0.0,0.0,0.0,0.0,0.0,0.0,NZ_CP012410.1
0.00042052144659377626,0.0,0.0,0.0008410428931875525,0.0,0.0,0.0,0.0,0.0,0.0,0.00042052144659377626,0.00042052144659377626,0.0,0.00042052144659377626,0.0,0.0,0.0,0.00042052144659377626,0.0,0.0,0.0,0.0,0.00042052144659377626,0.0,0.00042052144659377626,0.0,0.0,0.0,0.001261564339781329,0.0,0.0,0.0,0.0,0.0,0.0,0.0,0.0,0.0,0.7035323801513877,0.00042052144659377626,0.1883936080740118,0.001261564339781329,0.0,0.0,0.00042052144659377626,0.10008410428931876,0.0,0.0,0.00042052144659377626,0.0,0.00042052144659377626,0.0,NZ_CP012713.1
0.0010712372790573112,0.0,0.0005356186395286556,0.0,0.0,0.0,0.0,0.0,0.0,0.0,0.004284949116229245,0.0,0.0005356186395286556,0.0,0.0,0.0,0.0,0.0,0.0,0.0,0.0,0.0,0.0,0.0,0.0,0.0010712372790573112,0.0,0.0,0.0,0.0,0.0,0.0,0.0,0.0,0.0,0.0,0.0,0.0,0.7188002142474558,0.0,0.18800214247455813,0.0,0.0,0.0,0.0005356186395286556,0.08462774504552759,0.0,0.0,0.0005356186395286556,0.0,0.0,0.0,NZ_CP012714.1
0.0,0.0,0.0,0.00045330915684496827,0.00045330915684496827,0.0,0.0,0.0,0.0,0.0,0.0,0.0,0.0,0.00045330915684496827,0.0,0.0,0.00045330915684496827,0.0,0.00045330915684496827,0.0,0.0,0.0,0.0,0.0,0.0,0.0,0.0,0.0,0.0022665457842248413,0.0,0.0,0.0,0.0,0.0,0.0,0.0,0.0,0.0,0.7089755213055303,0.0,0.18766999093381687,0.0,0.0,0.0,0.00045330915684496827,0.09791477787851315,0.0,0.0,0.00045330915684496827,0.0,0.0,0.0,NZ_CP012715.1
0.0,0.0,0.0,0.000946969696969697,0.0,0.0,0.0,0.0004734848484848485,0.0,0.0,0.0,0.0,0.0,0.0,0.0,0.0,0.0,0.0,0.0,0.0,0.0,0.0,0.0,0.0,0.0004734848484848485,0.002840909090909091,0.0,0.0,0.0,0.0,0.0004734848484848485,0.0004734848484848485,0.0,0.0,0.0,0.0,0.0,0.0,0.7239583333333334,0.0,0.18229166666666666,0.0004734848484848485,0.0004734848484848485,0.0,0.000946969696969697,0.08617424242424243,0.0,0.0,0.0,0.0,0.0,0.0,NZ_CP012716.1
0.0,0.0,0.0,0.0,0.0,0.0,0.0004042037186742118,0.0004042037186742118,0.0,0.0,0.0004042037186742118,0.0,0.0,0.0,0.0,0.0,0.0,0.0,0.0,0.0,0.0,0.0,0.0,0.0,0.0,0.0004042037186742118,0.0,0.0,0.0012126111560226355,0.0004042037186742118,0.0004042037186742118,0.0,0.0,0.0,0.0,0.0004042037186742118,0.0,0.0,0.7255456750202102,0.0004042037186742118,0.1915925626515764,0.0008084074373484236,0.0004042037186742118,0.0,0.0004042037186742118,0.07679870654810024,0.0,0.0,0.0,0.0,0.0,0.0,NZ_CP013121.1
0.0,0.0,0.0,0.0008818342151675485,0.0,0.0,0.0,0.0004409171075837742,0.0,0.0,0.0030864197530864196,0.0,0.0,0.0,0.0,0.0004409171075837742,0.0,0.0,0.0,0.0,0.0,0.0,0.0,0.0,0.0,0.0,0.0,0.0,0.0004409171075837742,0.0,0.0,0.0,0.0,0.0,0.0,0.0,0.0,0.0,0.7314814814814815,0.0,0.195326278659612,0.0,0.0,0.0,0.0004409171075837742,0.06701940035273368,0.0,0.0,0.0004409171075837742,0.0,0.0,0.0,NZ_CP013331.1
0.0,0.0,0.0,0.00041186161449752884,0.00041186161449752884,0.0,0.0,0.0,0.0,0.0,0.0012355848434925864,0.0,0.0,0.0,0.00041186161449752884,0.0,0.0,0.0,0.0,0.0,0.0,0.0,0.0,0.0,0.0,0.0,0.0,0.0,0.00041186161449752884,0.0,0.0,0.0,0.0,0.00041186161449752884,0.00041186161449752884,0.0,0.0,0.0,0.7215815485996705,0.0,0.1927512355848435,0.00041186161449752884,0.0,0.0,0.00041186161449752884,0.07990115321252059,0.00041186161449752884,0.00041186161449752884,0.00041186161449752884,0.0,0.0,0.0,NZ_CP013334.1
0.0004284490145672665,0.0,0.0,0.0,0.0,0.0,0.0004284490145672665,0.0004284490145672665,0.0,0.0,0.000856898029134533,0.0004284490145672665,0.0,0.0,0.0004284490145672665,0.0,0.0,0.0,0.0,0.0,0.0,0.0,0.0,0.0,0.0,0.000856898029134533,0.0004284490145672665,0.0004284490145672665,0.000856898029134533,0.0004284490145672665,0.0,0.0,0.0,0.0004284490145672665,0.0,0.0,0.0,0.0,0.7275064267352185,0.0,0.1893744644387318,0.0004284490145672665,0.0,0.0,0.0004284490145672665,0.07540702656383891,0.0,0.0,0.0004284490145672665,0.0,0.0,0.0,NZ_CP013336.1
0.0,0.0,0.0,0.00048520135856380397,0.0,0.0,0.00048520135856380397,0.0,0.0,0.00048520135856380397,0.0,0.0,0.0,0.0,0.00048520135856380397,0.0,0.0,0.0,0.0,0.0,0.0,0.00048520135856380397,0.00048520135856380397,0.0,0.0,0.0,0.0,0.0,0.0,0.0,0.0,0.0,0.0,0.0,0.0,0.0,0.0,0.0,0.730228044638525,0.0,0.17564289180009704,0.0,0.0,0.0,0.0,0.09073265405143134,0.0,0.0,0.00048520135856380397,0.0,0.0,0.0,NZ_CP014231.1
0.0004861448711716091,0.0,0.0,0.0,0.0,0.0,0.0,0.0,0.0,0.0,0.0,0.0,0.0,0.0,0.0004861448711716091,0.0,0.0,0.0,0.0,0.0,0.0,0.0004861448711716091,0.0,0.0,0.0,0.0,0.0,0.0,0.0,0.0,0.0,0.0004861448711716091,0.0,0.0,0.0,0.0,0.0,0.0,0.71900826446281,0.0,0.19348565872630044,0.0,0.0,0.0,0.0,0.0850753524550316,0.0,0.0,0.0004861448711716091,0.0,0.0,0.0,NZ_CP016753.1
0.000500751126690035,0.0,0.0,0.000500751126690035,0.0,0.0,0.0,0.0,0.0,0.0,0.0,0.0,0.0,0.0,0.000500751126690035,0.0,0.0,0.0,0.0,0.0,0.0,0.0,0.0,0.0,0.000500751126690035,0.0,0.0,0.0,0.0,0.0,0.0,0.0,0.0,0.0,0.0,0.0,0.0,0.0,0.5803705558337506,0.0,0.2543815723585378,0.0,0.0,0.0,0.0,0.16324486730095142,0.0,0.0,0.0,0.0,0.0,0.0,NZ_CP018196.1
0.0,0.0,0.0,0.0,0.0,0.0,0.0,0.0,0.0,0.0,0.0004484304932735426,0.0,0.0,0.0,0.0004484304932735426,0.0,0.0,0.0,0.0,0.0,0.0,0.0,0.0,0.0,0.0004484304932735426,0.0004484304932735426,0.0,0.0,0.0,0.0,0.0,0.0,0.0,0.0,0.0,0.0,0.0,0.0,0.5721973094170404,0.0,0.2515695067264574,0.0,0.0,0.0004484304932735426,0.0,0.173542600896861,0.0004484304932735426,0.0,0.0,0.0,0.0,0.0,NZ_CP019306.1
0.002824858757062147,0.00047080979284369113,0.0,0.0009416195856873823,0.0,0.0,0.0,0.00047080979284369113,0.0,0.0,0.0,0.0,0.0,0.00047080979284369113,0.00047080979284369113,0.0,0.0,0.0,0.0,0.0,0.0,0.0,0.0,0.0,0.00047080979284369113,0.0014124293785310734,0.0,0.0,0.0,0.0,0.0,0.00047080979284369113,0.0,0.0,0.0,0.0,0.0,0.0,0.7189265536723164,0.0,0.18267419962335216,0.0,0.00047080979284369113,0.0,0.0014124293785310734,0.08662900188323917,0.0,0.0,0.0,0.0,0.0,0.0018832391713747645,NZ_CP022122.1
0.0,0.0,0.0,0.0,0.0,0.0,0.0,0.0,0.0,0.0,0.0,0.0,0.0,0.0,0.00041597337770382697,0.0,0.0,0.0,0.0,0.0,0.0,0.0,0.0,0.00041597337770382697,0.00041597337770382697,0.0,0.0,0.00041597337770382697,0.0012479201331114808,0.0,0.0,0.0,0.0,0.0,0.0,0.0,0.00041597337770382697,0.0,0.7354409317803661,0.00041597337770382697,0.18261231281198004,0.00041597337770382697,0.0,0.0,0.00041597337770382697,0.07612312811980033,0.0,0.0,0.0008319467554076539,0.0,0.0,0.00041597337770382697,NZ_CP022123.1
0.00048146364949446316,0.0,0.0,0.0,0.0,0.0,0.0,0.0,0.0,0.0,0.0009629272989889263,0.0,0.0,0.0,0.00048146364949446316,0.0,0.0,0.0,0.0,0.0,0.0,0.0,0.0,0.0,0.00048146364949446316,0.0009629272989889263,0.0,0.0,0.0014443909484833895,0.0,0.0,0.0,0.0,0.0,0.0,0.0,0.0,0.0,0.7332691381800674,0.0,0.18247472315840155,0.0019258545979778526,0.00048146364949446316,0.0,0.0,0.07607125662012518,0.0,0.0,0.00048146364949446316,0.0,0.00048146364949446316,0.0,NZ_CP024698.1
0.0009078529278256923,0.0,0.0,0.0009078529278256923,0.0,0.0,0.0,0.0,0.0,0.0,0.0022696323195642307,0.00045392646391284613,0.0,0.0,0.00045392646391284613,0.0,0.0,0.0,0.0,0.0,0.0,0.0,0.0,0.0,0.00045392646391284613,0.0013617793917385383,0.0,0.0,0.0009078529278256923,0.0,0.0,0.0,0.0,0.0,0.0,0.0,0.0,0.0,0.7321833862914208,0.0,0.18066273263731275,0.0009078529278256923,0.0,0.0,0.0,0.07807535179300953,0.0,0.0,0.0,0.0,0.0,0.00045392646391284613,NZ_CP024699.1
0.0003837298541826554,0.0,0.0003837298541826554,0.0,0.0,0.0,0.0,0.0011511895625479663,0.0,0.0,0.0015349194167306216,0.0,0.0003837298541826554,0.0,0.0,0.0,0.0,0.0,0.0,0.0003837298541826554,0.0,0.0,0.0,0.0,0.0003837298541826554,0.0003837298541826554,0.0,0.0,0.004604758250191865,0.0,0.0,0.0,0.0,0.0003837298541826554,0.0003837298541826554,0.0,0.0,0.0,0.7198772064466615,0.0,0.1849577897160399,0.0,0.0003837298541826554,0.0,0.0,0.0844205679201842,0.0,0.0,0.0,0.0,0.0,0.0,NZ_CP024700.1
0.00044822949350067237,0.0,0.0,0.0,0.0,0.0,0.0,0.0,0.0,0.0,0.0,0.0,0.00044822949350067237,0.0,0.0,0.0,0.0,0.0,0.0,0.0,0.0,0.0,0.0,0.0,0.00044822949350067237,0.00044822949350067237,0.0,0.0,0.0017929179740026895,0.0,0.0,0.0,0.0,0.0,0.0,0.0,0.00044822949350067237,0.0,0.7350963693411027,0.0,0.17929179740026893,0.0017929179740026895,0.00044822949350067237,0.0,0.0,0.07888839085611833,0.0,0.0,0.00044822949350067237,0.0,0.0,0.0,NZ_CP024701.1
0.0009583133684714902,0.0,0.0,0.0,0.0,0.0,0.0,0.0,0.0,0.0004791566842357451,0.0,0.0,0.0004791566842357451,0.0,0.0,0.0,0.0,0.0,0.0,0.0,0.0,0.0,0.0,0.0,0.0004791566842357451,0.0009583133684714902,0.0,0.0,0.0,0.0,0.0,0.0009583133684714902,0.0,0.0004791566842357451,0.0,0.0,0.0,0.0,0.7355055103018687,0.0,0.1816003833253474,0.0019166267369429804,0.0,0.0,0.0,0.07618591279348347,0.0,0.0,0.0,0.0,0.0,0.0,NZ_CP024702.1
0.0014044943820224719,0.0,0.0,0.0,0.0,0.0,0.0,0.0,0.0,0.0,0.0018726591760299626,0.0,0.00046816479400749064,0.0,0.00046816479400749064,0.0,0.0,0.0,0.0,0.0,0.0,0.0,0.0,0.0,0.00046816479400749064,0.00046816479400749064,0.0,0.0,0.0032771535580524347,0.0,0.0,0.0,0.0,0.0,0.00046816479400749064,0.0,0.0,0.0,0.7340823970037453,0.0,0.18117977528089887,0.0014044943820224719,0.0,0.0,0.0,0.07443820224719101,0.0,0.0,0.0,0.0,0.0,0.0,NZ_CP024703.1
0.0,0.0,0.0,0.0008594757198109154,0.0,0.0,0.0,0.0004297378599054577,0.0,0.0,0.0017189514396218307,0.0004297378599054577,0.0008594757198109154,0.0,0.0008594757198109154,0.0,0.0,0.0,0.0,0.0,0.0,0.0,0.0,0.0,0.0004297378599054577,0.0004297378599054577,0.0,0.0,0.0017189514396218307,0.0,0.0,0.0,0.0,0.0,0.0004297378599054577,0.0,0.0,0.0,0.7352814782982381,0.0,0.1766222604211431,0.0,0.0,0.0,0.0,0.07864202836269875,0.0004297378599054577,0.0,0.0008594757198109154,0.0,0.0,0.0,NZ_CP024704.1
0.001375515818431912,0.0,0.0,0.0,0.0,0.0,0.0,0.0,0.0,0.0,0.0,0.0,0.0,0.0,0.0,0.0,0.0,0.0,0.0,0.0,0.0,0.0,0.0004585052728106373,0.0,0.0004585052728106373,0.0004585052728106373,0.0,0.0,0.0,0.0,0.0,0.0009170105456212746,0.0,0.0004585052728106373,0.0,0.0,0.0,0.0,0.7404860155891793,0.0,0.17881705639614856,0.001375515818431912,0.0,0.0,0.0,0.07473635946813388,0.0,0.0,0.0004585052728106373,0.0,0.0,0.0,NZ_CP024705.1
0.0003831417624521073,0.0,0.0003831417624521073,0.0,0.0,0.0,0.0,0.0011494252873563218,0.0,0.0,0.0015325670498084292,0.0,0.0003831417624521073,0.0,0.0,0.0003831417624521073,0.0,0.0,0.0,0.0003831417624521073,0.0,0.0,0.0,0.0,0.0003831417624521073,0.0003831417624521073,0.0,0.0,0.004980842911877395,0.0,0.0,0.0,0.0,0.0,0.0003831417624521073,0.0,0.0,0.0,0.7180076628352491,0.0,0.18314176245210728,0.0,0.0003831417624521073,0.0,0.0,0.08773946360153256,0.0,0.0,0.0,0.0,0.0,0.0,NZ_CP024731.1
0.0005194805194805195,0.0,0.0005194805194805195,0.0,0.0005194805194805195,0.0,0.0,0.0,0.0,0.0,0.0005194805194805195,0.0005194805194805195,0.0,0.0,0.0,0.0005194805194805195,0.0,0.0,0.0,0.0,0.0,0.0,0.0,0.0,0.0,0.0,0.0,0.0,0.0005194805194805195,0.0,0.0,0.0,0.0,0.0,0.0,0.0,0.0,0.0005194805194805195,0.7142857142857143,0.0,0.18961038961038962,0.0,0.0,0.0005194805194805195,0.0005194805194805195,0.08987012987012986,0.0,0.0,0.001038961038961039,0.0,0.0,0.0,NZ_CP024749.1
0.0,0.0,0.0,0.0004987531172069825,0.0,0.0,0.0,0.0004987531172069825,0.0,0.0,0.00199501246882793,0.0004987531172069825,0.0,0.0,0.0,0.0,0.0,0.0,0.0,0.0,0.0,0.0,0.0,0.0,0.0004987531172069825,0.0004987531172069825,0.0,0.0,0.0,0.0004987531172069825,0.0,0.0004987531172069825,0.0,0.0,0.0,0.0,0.0,0.0,0.7231920199501247,0.0,0.18503740648379052,0.0004987531172069825,0.0004987531172069825,0.0,0.000997506234413965,0.08428927680798005,0.0,0.0,0.0,0.0,0.0,0.0,NZ_CP028101.1
0.0,0.0,0.0,0.0,0.0,0.0,0.0,0.0,0.0,0.0,0.0007607455306200076,0.0,0.0,0.0,0.0003803727653100038,0.0,0.0,0.0,0.0,0.0,0.0,0.0,0.0,0.0,0.0003803727653100038,0.0003803727653100038,0.0,0.0003803727653100038,0.0007607455306200076,0.0,0.0003803727653100038,0.0,0.0,0.0,0.0003803727653100038,0.0,0.0,0.0,0.6865728413845569,0.0,0.2487637885127425,0.0,0.0,0.0,0.0,0.060479269684290606,0.0,0.0003803727653100038,0.0,0.0,0.0,0.0,NZ_CP028102.1
0.000335795836131632,0.0,0.0,0.0,0.0,0.0,0.0,0.0,0.0,0.0,0.0,0.0,0.0,0.0,0.0,0.0,0.0,0.0,0.0,0.0,0.0,0.0,0.0,0.0,0.000335795836131632,0.000671591672263264,0.0,0.0,0.0,0.000335795836131632,0.0,0.0,0.0,0.0,0.000335795836131632,0.0,0.0,0.0,0.7202820685023505,0.0,0.20047011417058427,0.0,0.000335795836131632,0.0,0.000335795836131632,0.07656145063801209,0.0,0.0,0.0,0.0,0.0,0.0,NZ_CP028103.1
0.0,0.0,0.0,0.0,0.0,0.0,0.0,0.0,0.0,0.0,0.0,0.0,0.0,0.0,0.0,0.0,0.0,0.0,0.0,0.0,0.0,0.0,0.0,0.0,0.0003104625892579944,0.0003104625892579944,0.0,0.0,0.0,0.0,0.0,0.0,0.0003104625892579944,0.0,0.0003104625892579944,0.0,0.0,0.0,0.7084756286867433,0.0,0.21608196212356412,0.0,0.0,0.0,0.0006209251785159888,0.07326917106488669,0.0,0.0,0.0,0.0,0.0,0.0003104625892579944,NZ_CP028105.1
0.0,0.0,0.0,0.0,0.0,0.0,0.0,0.0,0.0,0.0,0.002495321272613849,0.0,0.0,0.0,0.0006238303181534623,0.0,0.0,0.0,0.0,0.0,0.0,0.0,0.0,0.0,0.0006238303181534623,0.0,0.0,0.0,0.0,0.0,0.0,0.0,0.0,0.0,0.0,0.0,0.0,0.0,0.6001247660636307,0.0,0.2632563942607611,0.0,0.0,0.0006238303181534623,0.0,0.132252027448534,0.0,0.0,0.0,0.0,0.0,0.0,NZ_CP028106.1
0.00047192071731949034,0.0,0.0,0.0,0.0,0.0,0.0,0.00047192071731949034,0.0,0.0,0.0,0.0,0.0,0.0,0.00047192071731949034,0.0,0.0,0.0,0.00047192071731949034,0.0,0.0,0.0,0.0,0.0,0.0009438414346389807,0.0,0.0,0.0,0.0,0.00047192071731949034,0.0,0.0,0.0,0.0,0.0,0.0,0.0,0.0,0.5913166588013213,0.0,0.24256724870221802,0.0,0.0,0.0,0.0,0.16281264747522417,0.0,0.0,0.0,0.0,0.0,0.0,NZ_CP028107.1
0.00042211903756859433,0.00042211903756859433,0.0,0.0,0.0,0.0,0.0,0.00042211903756859433,0.0,0.0,0.00042211903756859433,0.0,0.0,0.0,0.0008442380751371887,0.0,0.0,0.0,0.0,0.0,0.0,0.0,0.0,0.0,0.00042211903756859433,0.00042211903756859433,0.00042211903756859433,0.0,0.004643309413254538,0.0,0.0,0.00042211903756859433,0.00042211903756859433,0.0,0.0,0.0,0.0,0.0,0.7239341494301393,0.0,0.1802448290417898,0.00042211903756859433,0.00042211903756859433,0.0,0.0,0.08484592655128746,0.0,0.0,0.0,0.0,0.00042211903756859433,0.00042211903756859433,NZ_CP028108.1
0.000949667616334283,0.000949667616334283,0.0,0.0004748338081671415,0.0,0.0,0.0,0.0004748338081671415,0.0,0.0,0.002849002849002849,0.0,0.0,0.0,0.000949667616334283,0.0,0.0,0.0,0.0,0.0,0.0,0.0,0.0,0.0,0.000949667616334283,0.000949667616334283,0.0,0.0,0.0,0.0,0.0,0.0,0.0,0.0,0.0,0.0,0.0,0.0,0.7132003798670465,0.0,0.1908831908831909,0.0,0.0,0.0,0.0004748338081671415,0.0868945868945869,0.0,0.0,0.0,0.0,0.0,0.0,NZ_CP028109.1
0.0,0.0,0.0,0.0,0.0,0.0,0.0,0.0,0.00042607584149978694,0.0,0.0,0.0,0.0,0.0,0.0,0.0,0.0,0.0,0.0,0.0,0.0,0.0,0.0,0.0,0.0,0.0,0.0,0.0,0.0008521516829995739,0.0,0.0,0.0,0.0,0.0,0.0,0.0,0.0,0.0,0.7324243715381338,0.0,0.18150830847890925,0.0012782275244993609,0.0,0.0,0.00042607584149978694,0.08265871325095867,0.0,0.0,0.00042607584149978694,0.0,0.0,0.0,NZ_CP053468.1
0.0004520795660036166,0.0,0.0,0.0,0.0004520795660036166,0.0,0.0,0.0,0.0,0.0,0.0,0.0009041591320072332,0.0004520795660036166,0.0,0.0,0.0,0.0,0.0,0.0,0.0,0.0,0.0,0.0,0.0,0.0,0.0004520795660036166,0.0,0.0,0.0,0.0,0.0,0.0004520795660036166,0.0,0.0,0.0,0.0,0.0,0.0,0.7400542495479204,0.0,0.17992766726943943,0.0004520795660036166,0.0,0.0,0.0004520795660036166,0.07459312839059674,0.0004520795660036166,0.0,0.0004520795660036166,0.0,0.0,0.0004520795660036166,NZ_CP060112.1
0.0,0.0,0.0,0.0,0.0,0.0,0.0,0.0,0.0,0.0,0.001851851851851852,0.0,0.0,0.0,0.000462962962962963,0.0,0.0,0.0,0.0,0.0,0.0,0.0,0.0,0.0,0.0,0.0,0.0,0.0,0.000462962962962963,0.000462962962962963,0.0,0.0,0.0,0.000462962962962963,0.0,0.0,0.0,0.0,0.736574074074074,0.0,0.1837962962962963,0.000462962962962963,0.0,0.0,0.000462962962962963,0.07361111111111111,0.0,0.0,0.000462962962962963,0.0,0.0,0.000925925925925926,NZ_CP060115.1
0.0005149330587023687,0.0,0.0,0.0,0.0,0.0,0.0,0.0,0.0,0.0,0.0,0.0,0.0,0.0,0.0,0.0,0.0,0.0,0.0,0.0,0.0,0.0,0.0005149330587023687,0.0,0.0010298661174047373,0.0005149330587023687,0.0,0.0,0.0005149330587023687,0.0,0.0,0.0,0.0,0.0,0.0,0.0,0.0,0.0,0.6807415036045315,0.0,0.24922760041194644,0.0005149330587023687,0.0,0.0,0.0,0.06591143151390319,0.0,0.0,0.0,0.0,0.0,0.0005149330587023687,NZ_CP060637.1
0.0008837825894829872,0.0,0.0,0.0,0.0,0.0,0.0,0.0,0.0,0.0,0.0026513477684489617,0.0004418912947414936,0.0,0.0,0.0,0.0004418912947414936,0.0,0.0,0.0,0.0,0.0,0.0,0.0,0.0,0.0,0.0,0.0,0.0,0.0004418912947414936,0.0,0.0,0.0,0.0004418912947414936,0.0,0.0,0.0,0.0,0.0,0.7207247017233761,0.0,0.19001325673884226,0.0,0.0,0.0,0.0004418912947414936,0.0830755634114008,0.0,0.0,0.0,0.0004418912947414936,0.0,0.0,NZ_CP066022.1
0.0009124087591240876,0.0,0.0,0.0,0.0,0.0,0.0,0.0,0.0,0.0,0.0004562043795620438,0.0004562043795620438,0.0,0.0004562043795620438,0.0,0.0,0.0,0.0,0.0,0.0,0.0,0.0,0.0,0.0,0.0,0.0004562043795620438,0.0,0.0,0.0,0.0,0.0,0.0,0.0,0.0,0.0,0.0,0.0,0.0,0.7317518248175182,0.0,0.18932481751824817,0.0,0.0,0.0,0.0004562043795620438,0.07527372262773722,0.0,0.0,0.0004562043795620438,0.0,0.0,0.0,NZ_CP068114.1
0.0,0.0,0.0,0.0,0.0,0.0,0.0,0.0,0.0,0.0,0.0004734848484848485,0.0,0.0,0.0,0.0004734848484848485,0.0,0.0,0.0,0.0,0.0,0.0,0.0,0.0,0.0,0.0,0.0,0.0,0.0,0.0004734848484848485,0.0,0.0,0.0,0.0,0.0004734848484848485,0.0,0.0,0.0,0.0,0.740530303030303,0.0,0.1846590909090909,0.0004734848484848485,0.0004734848484848485,0.0,0.0004734848484848485,0.07007575757575757,0.0,0.0,0.0004734848484848485,0.0,0.0,0.000946969696969697,NZ_CP071092.1
0.0005299417064122947,0.0,0.0,0.0,0.0005299417064122947,0.0,0.0,0.0005299417064122947,0.0,0.0,0.0010598834128245894,0.0,0.0,0.0,0.0,0.0,0.0,0.0,0.0,0.0,0.0,0.0,0.0,0.0,0.0,0.0005299417064122947,0.0,0.0,0.0,0.0,0.0,0.0,0.0,0.0,0.0,0.0,0.0,0.0005299417064122947,0.7133015368309485,0.0,0.19130895601483835,0.0,0.0,0.0,0.0005299417064122947,0.09009009009009009,0.0,0.0,0.0010598834128245894,0.0,0.0,0.0,NZ_CP071093.1
0.0,0.0,0.0,0.0,0.0,0.0,0.0,0.0004210526315789474,0.0,0.0,0.0,0.0,0.0,0.0004210526315789474,0.0004210526315789474,0.0,0.0,0.0,0.0,0.0,0.0,0.0,0.0,0.0,0.0,0.0,0.0004210526315789474,0.0,0.0008421052631578948,0.0,0.0004210526315789474,0.0,0.0,0.0,0.0,0.0,0.0,0.0,0.7381052631578947,0.0004210526315789474,0.18021052631578946,0.0004210526315789474,0.0,0.0,0.0004210526315789474,0.07663157894736843,0.0004210526315789474,0.0,0.0004210526315789474,0.0,0.0,0.0,NZ_CP071094.1
0.0,0.0004203446826397646,0.0004203446826397646,0.0,0.0004203446826397646,0.0,0.0,0.0,0.0,0.0,0.0,0.0,0.0,0.0,0.0008406893652795292,0.0004203446826397646,0.0,0.0,0.0,0.0,0.0,0.0,0.0,0.0,0.0,0.0,0.0,0.0,0.0012610340479192938,0.0,0.0,0.0,0.0,0.0004203446826397646,0.0,0.0004203446826397646,0.0,0.0,0.7154266498528794,0.0,0.1937788986969315,0.0004203446826397646,0.0,0.0,0.0004203446826397646,0.08448928121059268,0.0,0.0,0.0008406893652795292,0.0,0.0,0.0,NZ_CP071096.1
0.000869187309865276,0.0,0.0,0.0,0.0,0.0,0.0,0.0,0.0,0.0,0.0021729682746631897,0.0,0.0,0.0,0.000434593654932638,0.0,0.0,0.0,0.0,0.0,0.000434593654932638,0.0,0.0,0.0,0.000434593654932638,0.001303780964797914,0.0,0.000434593654932638,0.001738374619730552,0.0,0.0,0.0,0.0,0.0,0.0,0.000434593654932638,0.0,0.0,0.7018687527162103,0.0,0.18513689700130379,0.000434593654932638,0.0,0.0,0.000434593654932638,0.10256410256410256,0.0,0.0,0.001303780964797914,0.0,0.0,0.0,NZ_CP071097.1
0.0,0.0,0.0,0.0004791566842357451,0.0004791566842357451,0.0,0.0,0.0,0.0,0.0,0.0009583133684714902,0.0,0.0,0.0,0.0,0.0004791566842357451,0.0004791566842357451,0.0004791566842357451,0.0,0.0,0.0004791566842357451,0.0,0.0,0.0,0.0,0.0,0.0,0.0,0.0009583133684714902,0.0,0.0,0.0,0.0,0.0,0.0,0.0,0.0,0.0,0.7120268327743172,0.0,0.1849544801149976,0.0,0.0,0.0,0.0004791566842357451,0.09678965021562051,0.0,0.0,0.0009583133684714902,0.0,0.0,0.0,NZ_CP071098.1
0.0004299226139294927,0.0,0.0,0.0,0.0,0.0,0.0,0.0,0.0,0.0,0.0030094582975064487,0.0,0.0,0.0,0.0,0.0,0.0004299226139294927,0.0,0.0,0.0,0.0,0.0,0.0,0.0,0.0,0.0004299226139294927,0.0,0.0,0.0017196904557179708,0.0,0.0,0.0,0.0,0.0,0.0,0.0,0.0,0.0,0.7012037833190026,0.0,0.18873602751504728,0.0012897678417884782,0.0,0.0,0.0004299226139294927,0.10060189165950129,0.0,0.0,0.0017196904557179708,0.0,0.0,0.0,NZ_CP071099.1
0.0009765625,0.0,0.0,0.0,0.0,0.0,0.0,0.0,0.0,0.00048828125,0.0,0.0,0.0,0.00048828125,0.00048828125,0.0,0.0,0.0,0.0,0.0,0.0,0.00048828125,0.0,0.0,0.0,0.00048828125,0.0,0.0,0.00048828125,0.0,0.0,0.00048828125,0.0,0.0,0.0,0.0,0.0,0.0,0.76708984375,0.0,0.1640625,0.0,0.0,0.0,0.0,0.0634765625,0.0,0.0,0.00048828125,0.0,0.0,0.00048828125,NZ_CP072377.1
0.0005636978579481398,0.0005636978579481398,0.0,0.0,0.0,0.0,0.0,0.0005636978579481398,0.0,0.0,0.0,0.0011273957158962795,0.0,0.0,0.0011273957158962795,0.0,0.0,0.0,0.0,0.0,0.0,0.0,0.0,0.0,0.0005636978579481398,0.0005636978579481398,0.0,0.0,0.0,0.0,0.0005636978579481398,0.0,0.0,0.0,0.0,0.0,0.0,0.0,0.6888387824126269,0.0,0.2463359639233371,0.0005636978579481398,0.0,0.0,0.0,0.0580608793686584,0.0,0.0,0.0005636978579481398,0.0,0.0,0.0,NZ_CP072378.1
0.0,0.0,0.0,0.0,0.0,0.0,0.0,0.0,0.0,0.0,0.0,0.0,0.0,0.0,0.0,0.0,0.0,0.0,0.0,0.0,0.0,0.0,0.0,0.0,0.0005793742757821553,0.0005793742757821553,0.0,0.0,0.0005793742757821553,0.0,0.0,0.0,0.0,0.0,0.0,0.0,0.0,0.0,0.727694090382387,0.0005793742757821553,0.21263035921205098,0.0,0.0,0.0,0.0,0.05735805330243337,0.0,0.0,0.0,0.0,0.0,0.0,NZ_CP092519.1
0.0,0.0,0.0,0.0004278990158322636,0.0,0.0,0.0,0.0,0.0,0.0,0.0,0.0,0.0004278990158322636,0.0,0.0008557980316645272,0.0,0.0,0.0,0.0,0.0,0.0,0.0,0.0,0.0,0.0,0.0008557980316645272,0.0,0.0,0.0012836970474967907,0.0,0.0,0.0,0.0,0.0,0.0,0.0,0.0,0.0,0.7295678219940094,0.0,0.18014548566538297,0.0004278990158322636,0.0,0.0,0.0004278990158322636,0.08515190415062045,0.0,0.0,0.0004278990158322636,0.0,0.0,0.0,NZ_CP100429.1
0.0,0.0,0.0,0.00043122035360068997,0.00043122035360068997,0.0,0.0,0.0,0.0,0.0,0.0,0.0,0.0,0.0,0.0,0.0,0.0,0.0,0.0,0.0,0.0,0.0,0.0,0.00043122035360068997,0.0,0.0008624407072013799,0.0,0.0,0.0017248814144027599,0.0,0.0,0.0,0.0,0.0,0.0,0.0,0.0,0.0,0.7347994825355757,0.0,0.17895644674428632,0.00043122035360068997,0.0,0.0,0.00043122035360068997,0.08106942647692972,0.0,0.0,0.00043122035360068997,0.0,0.0,0.0,NZ_LN831027.1
0.000609942055504727,0.0,0.0,0.0,0.0,0.0,0.0,0.0,0.0,0.0,0.0003049710277523635,0.000609942055504727,0.0,0.0,0.0,0.0,0.0,0.0,0.0,0.0,0.0,0.0,0.0,0.0,0.0003049710277523635,0.0003049710277523635,0.0,0.0,0.000609942055504727,0.0,0.0,0.0,0.0,0.0,0.0,0.0,0.0,0.0,0.6916742909423604,0.0,0.22110399512046355,0.0,0.0,0.0,0.0,0.08417200365965233,0.0,0.0,0.0003049710277523635,0.0,0.0,0.0,NZ_LR134390.1
0.0,0.0,0.0,0.0,0.0,0.0,0.0,0.0,0.0,0.0,0.0,0.0,0.0,0.0,0.0,0.0,0.0,0.0,0.0,0.0,0.0,0.0,0.0,0.0,0.0003097893432465923,0.0003097893432465923,0.0003097893432465923,0.0,0.0,0.0,0.0,0.0,0.0,0.0,0.0003097893432465923,0.0,0.0,0.0,0.70817843866171,0.0,0.21654275092936803,0.0,0.0,0.0,0.0003097893432465923,0.07342007434944238,0.0,0.0,0.0,0.0,0.0,0.0003097893432465923,NZ_LS483487.1
