AAA,AAC,AAG,AAT,ACA,ACC,ACG,ACT,AGA,AGC,AGG,AGT,ATA,ATC,ATG,ATT,CAA,CAC,CAG,CAT,CCA,CCC,CCG,CCT,CGA,CGC,CGG,CGT,CTA,CTC,CTG,CTT,GAA,GAC,GAG,GAT,GCA,GCC,GCG,GCT,GGA,GGC,GGG,GGT,GTA,GTC,GTG,GTT,TAA,TAC,TAT,TCA,TCC,TCG,TCT,TGA,TGC,TGG,TGT,TTA,TTC,TTG,TTT,ID
0.0006917223887479825,0.0,0.00023057412958266084,0.0,0.0,0.00023057412958266084,0.0,0.0,0.0,0.0004611482591653217,0.0,0.0004611482591653217,0.0,0.0,0.8969333640765507,0.001152870647913304,0.0,0.0,0.00023057412958266084,0.00023057412958266084,0.0,0.0,0.0,0.0,0.0,0.00023057412958266084,0.0,0.00023057412958266084,0.0,0.0,0.0004611482591653217,0.0,0.00023057412958266084,0.00023057412958266084,0.0,0.0,0.0,0.0,0.0,0.0,0.0,0.0,0.0,0.0,0.0,0.0,0.07793405579893936,0.00023057412958266084,0.00023057412958266084,0.0004611482591653217,0.0,0.0,0.0,0.0,0.0,0.0004611482591653217,0.0,0.0,0.0,0.0,0.00023057412958266084,0.018445930366612864,0.0,NC_000913.3
0.0,0.0,0.000663129973474801,0.000663129973474801,0.0,0.0,0.0,0.0,0.0,0.0,0.0,0.0,0.005968169761273209,0.004641909814323607,0.833554376657825,0.0033156498673740055,0.0,0.0,0.0,0.000663129973474801,0.0,0.0,0.0,0.0,0.0,0.0,0.0,0.0,0.0,0.0,0.001326259946949602,0.000663129973474801,0.0,0.0,0.0,0.0,0.0,0.0,0.0,0.000663129973474801,0.0,0.0,0.0,0.0,0.0,0.0,0.05636604774535809,0.0,0.0,0.000663129973474801,0.0,0.0,0.0,0.0,0.001326259946949602,0.0,0.0,0.0,0.0,0.000663129973474801,0.0,0.08885941644562334,0.0,NC_000921.1
0.0,0.0,0.0,0.0,0.0,0.0,0.0,0.0,0.0,0.0,0.0,0.0,0.005834305717619603,0.0011668611435239206,0.9206534422403734,0.0011668611435239206,0.0,0.0,0.0,0.0,0.0,0.0,0.0,0.0,0.0,0.0,0.0,0.0,0.0,0.0,0.0,0.0011668611435239206,0.0,0.0011668611435239206,0.0,0.0,0.0,0.0,0.0,0.0,0.0,0.0,0.0,0.0,0.0,0.0,0.05484247374562427,0.0,0.0,0.0,0.0,0.0,0.0,0.0,0.0,0.0,0.0,0.0,0.0,0.0,0.0,0.014002333722287048,0.0,NC_000963.1
0.0004192872117400419,0.0,0.0,0.0004192872117400419,0.0,0.0,0.0,0.0,0.0,0.0004192872117400419,0.0,0.0,0.0004192872117400419,0.0037735849056603774,0.8452830188679246,0.0029350104821802936,0.0,0.0,0.0,0.0,0.0,0.0,0.0,0.0,0.0,0.0,0.0,0.0,0.0,0.0,0.0037735849056603774,0.0,0.0004192872117400419,0.0012578616352201257,0.0004192872117400419,0.0,0.0008385744234800838,0.0,0.0,0.0,0.0,0.0004192872117400419,0.0,0.0,0.0,0.0008385744234800838,0.10146750524109015,0.0004192872117400419,0.0,0.0008385744234800838,0.0,0.0004192872117400419,0.0,0.0,0.0004192872117400419,0.0,0.0,0.0,0.0,0.0,0.0,0.03480083857442348,0.0,NC_002488.3
0.0,0.0007757951900698216,0.0,0.0,0.0,0.0,0.0,0.0,0.0,0.0,0.0,0.0,0.0007757951900698216,0.0,0.891388673390225,0.0003878975950349108,0.0,0.0,0.0,0.0,0.0,0.0,0.0,0.0,0.0,0.0,0.0,0.0,0.0015515903801396431,0.0,0.0,0.0,0.0,0.0003878975950349108,0.0,0.0,0.0,0.0,0.0,0.0,0.0,0.0,0.0,0.0,0.0,0.0,0.07370054305663305,0.0,0.0,0.0,0.0,0.0,0.0,0.0,0.0,0.0,0.0,0.0,0.0003878975950349108,0.0,0.0,0.03064391000775795,0.0,NC_002505.1
0.0,0.0,0.001718213058419244,0.0,0.0,0.0,0.0,0.0,0.0,0.0,0.0,0.0,0.006872852233676976,0.001718213058419244,0.8934707903780069,0.012027491408934709,0.0,0.0,0.0,0.0,0.0,0.0,0.0,0.0,0.0,0.0,0.0,0.0,0.0,0.0,0.0,0.0,0.0,0.001718213058419244,0.0,0.0,0.0,0.0,0.0,0.0,0.0,0.0,0.0,0.0,0.0,0.0,0.0429553264604811,0.0,0.0,0.0,0.0,0.0,0.0,0.0,0.0,0.0,0.0,0.0,0.0,0.0,0.0,0.03951890034364261,0.0,NC_002528.1
0.0007426661715558856,0.0012996658002228,0.0001856665428889714,0.0007426661715558856,0.0001856665428889714,0.0003713330857779428,0.0,0.0003713330857779428,0.0001856665428889714,0.0,0.0007426661715558856,0.0,0.0025993316004456,0.0022279985146676567,0.8817304121797253,0.0031563312291125138,0.0001856665428889714,0.0005569996286669142,0.0005569996286669142,0.0,0.0001856665428889714,0.0,0.0001856665428889714,0.0001856665428889714,0.0001856665428889714,0.0003713330857779428,0.0005569996286669142,0.0003713330857779428,0.0001856665428889714,0.0,0.0024136650575566285,0.0,0.0001856665428889714,0.0005569996286669142,0.0003713330857779428,0.0003713330857779428,0.0005569996286669142,0.0007426661715558856,0.0029706646862235424,0.0,0.0,0.0001856665428889714,0.0,0.0,0.0001856665428889714,0.0001856665428889714,0.07500928332714445,0.0,0.0,0.0001856665428889714,0.0003713330857779428,0.0001856665428889714,0.0,0.0,0.0,0.0,0.0,0.0,0.0,0.0007426661715558856,0.0003713330857779428,0.016152989231340512,0.0001856665428889714,NC_002655.2
0.0,0.0,0.0,0.0,0.0,0.0,0.0,0.0,0.0,0.0,0.0,0.000493339911198816,0.001973359644795264,0.0,0.9516526887025161,0.001973359644795264,0.0,0.0,0.0,0.0,0.0,0.0,0.0,0.0,0.0,0.0,0.0,0.0,0.0,0.0,0.000493339911198816,0.0,0.0,0.000493339911198816,0.0,0.0,0.0,0.0,0.0,0.0,0.0,0.0,0.0,0.0,0.0,0.0,0.027627035027133696,0.0,0.0,0.0,0.0,0.0,0.0,0.0,0.0,0.0,0.0,0.0,0.0,0.0,0.0,0.015293537247163296,0.0,NC_002663.1
0.0,0.0,0.000440076279888514,0.0,0.0,0.00014669209329617132,0.0,0.00014669209329617132,0.0,0.00029338418659234265,0.0,0.00029338418659234265,0.0005867683731846853,0.0024937655860349127,0.8487604518116474,0.000880152559777028,0.0,0.00029338418659234265,0.0,0.00014669209329617132,0.0,0.0,0.0,0.00014669209329617132,0.0,0.00029338418659234265,0.00014669209329617132,0.00029338418659234265,0.000440076279888514,0.00014669209329617132,0.0036673023324042832,0.0,0.0005867683731846853,0.000440076279888514,0.0005867683731846853,0.0007334604664808567,0.000440076279888514,0.0007334604664808567,0.000440076279888514,0.0,0.0,0.0011735367463693706,0.000440076279888514,0.0,0.0,0.000440076279888514,0.07892034619334018,0.00029338418659234265,0.0,0.00029338418659234265,0.00014669209329617132,0.0,0.0,0.00014669209329617132,0.0,0.0,0.00029338418659234265,0.0,0.0,0.00014669209329617132,0.000880152559777028,0.053102537773214026,0.00014669209329617132,NC_002678.2
0.0007596859964547987,0.0005064573309698658,0.0,0.0002532286654849329,0.0,0.0002532286654849329,0.0005064573309698658,0.0002532286654849329,0.0007596859964547987,0.0,0.0,0.0,0.0007596859964547987,0.0025322866548493288,0.7325905292479109,0.002025829323879463,0.0,0.0,0.0,0.0002532286654849329,0.0,0.0007596859964547987,0.0012661433274246644,0.0,0.0012661433274246644,0.0002532286654849329,0.0005064573309698658,0.0,0.0,0.0007596859964547987,0.008609774626487718,0.0,0.0,0.0007596859964547987,0.0,0.0,0.0,0.0012661433274246644,0.0002532286654849329,0.0,0.0,0.0007596859964547987,0.0010129146619397315,0.0,0.0,0.0002532286654849329,0.14028868067865283,0.0,0.0,0.0,0.0,0.0012661433274246644,0.0002532286654849329,0.0002532286654849329,0.0,0.0,0.0,0.0,0.0005064573309698658,0.0,0.0,0.09825272220815397,0.0,NC_002696.2
0.0,0.0,0.0,0.0,0.0,0.0,0.0,0.0,0.0,0.0,0.0,0.0,0.0,0.0003979307600477517,0.8955431754874652,0.0005968961400716276,0.0,0.0,0.0,0.0,0.0,0.0,0.0,0.0,0.0,0.0,0.0,0.0,0.0,0.0,0.0003979307600477517,0.0,0.0,0.00019896538002387584,0.0,0.0,0.0,0.0,0.00019896538002387584,0.0,0.0,0.0,0.0,0.0,0.0,0.0,0.07162753680859531,0.0,0.0,0.0,0.0,0.0,0.0,0.0,0.00019896538002387584,0.0,0.0,0.0,0.0,0.0,0.0,0.030839633903700755,0.0,NC_002927.3
0.0,0.0,0.0,0.0,0.0,0.0,0.0,0.0,0.0,0.0,0.0,0.0,0.0,0.0012894906511927789,0.9003868471953579,0.0006447453255963894,0.0,0.0,0.0,0.0,0.0,0.0,0.0,0.0,0.0,0.0,0.0,0.0,0.0,0.0,0.0019342359767891683,0.0,0.0012894906511927789,0.0003223726627981947,0.0,0.0,0.0006447453255963894,0.0003223726627981947,0.0,0.0,0.0,0.0,0.0,0.0,0.0,0.0,0.07930367504835589,0.0,0.0,0.0,0.0,0.0,0.0,0.0,0.0003223726627981947,0.0,0.0,0.0,0.0,0.0,0.0,0.013539651837524178,0.0,NC_002937.3
0.0,0.0,0.0,0.0,0.0,0.0,0.0,0.0,0.0,0.0,0.0,0.0,0.0008754012255617158,0.0014590020426028597,0.8514735920630289,0.0011672016340822876,0.0,0.0,0.0,0.0,0.0,0.0,0.0,0.0005836008170411438,0.0,0.0,0.0,0.0,0.0,0.0,0.0011672016340822876,0.0,0.0,0.0002918004085205719,0.0,0.0,0.0,0.0,0.0,0.0,0.0,0.0,0.0,0.0,0.0,0.0002918004085205719,0.11409395973154363,0.0,0.0,0.0005836008170411438,0.0,0.0,0.0,0.0,0.0,0.0,0.0,0.0002918004085205719,0.0,0.0,0.0,0.027721038809454333,0.0,NC_002939.5
0.000333667000333667,0.0,0.0,0.000667334000667334,0.0,0.0,0.000333667000333667,0.0,0.0,0.0,0.0,0.0,0.001334668001334668,0.001001001001001001,0.8752085418752086,0.001334668001334668,0.0,0.0,0.0,0.000333667000333667,0.0,0.0,0.0,0.0,0.0,0.000333667000333667,0.0,0.0,0.0,0.0,0.008008008008008008,0.0,0.001334668001334668,0.000333667000333667,0.0,0.0,0.0,0.0,0.0,0.0,0.0,0.0,0.0,0.0,0.0,0.0,0.0657323990657324,0.000333667000333667,0.0,0.0,0.0,0.0,0.0,0.0,0.0,0.0,0.0,0.0,0.0,0.0,0.0,0.04337671004337671,0.0,NC_002942.5
0.007366482504604052,0.0,0.0027624309392265192,0.0,0.0,0.0,0.0,0.0,0.0,0.00046040515653775324,0.00046040515653775324,0.00046040515653775324,0.0032228360957642726,0.0055248618784530384,0.8669429097605893,0.007366482504604052,0.0009208103130755065,0.0,0.0,0.00046040515653775324,0.0,0.00046040515653775324,0.0,0.00046040515653775324,0.0,0.00046040515653775324,0.00046040515653775324,0.0,0.00046040515653775324,0.0,0.004604051565377533,0.0,0.0,0.0009208103130755065,0.0,0.0009208103130755065,0.0,0.0009208103130755065,0.00046040515653775324,0.00046040515653775324,0.0,0.0009208103130755065,0.00046040515653775324,0.0,0.0,0.0,0.04742173112338858,0.0,0.0,0.00046040515653775324,0.008287292817679558,0.0009208103130755065,0.00046040515653775324,0.0,0.0009208103130755065,0.0,0.0,0.0,0.0,0.0013812154696132596,0.00046040515653775324,0.03130755064456722,0.00046040515653775324,NC_002946.2
0.00017853954650955185,0.0003570790930191037,0.0003570790930191037,0.00017853954650955185,0.0,0.0005356186395286556,0.0,0.00017853954650955185,0.00017853954650955185,0.0,0.00017853954650955185,0.0,0.0003570790930191037,0.0017853954650955187,0.8843063738618104,0.0007141581860382074,0.0,0.00017853954650955185,0.00017853954650955185,0.0,0.0,0.00017853954650955185,0.0007141581860382074,0.0,0.00017853954650955185,0.0003570790930191037,0.0,0.00017853954650955185,0.0003570790930191037,0.0,0.0017853954650955187,0.0,0.0,0.0005356186395286556,0.0003570790930191037,0.0,0.0,0.0003570790930191037,0.00017853954650955185,0.0007141581860382074,0.0003570790930191037,0.0,0.0,0.00017853954650955185,0.0,0.0003570790930191037,0.07945009819675058,0.0,0.0,0.0003570790930191037,0.0003570790930191037,0.0,0.0,0.00017853954650955185,0.0,0.0,0.0,0.0,0.0,0.0,0.00017853954650955185,0.023031601499732192,0.0,NC_002947.4
0.0017693895606015924,0.0002948982601002654,0.0,0.0,0.0,0.0,0.0,0.0002948982601002654,0.0,0.0008846947803007962,0.0002948982601002654,0.0,0.0,0.0008846947803007962,0.8858743733411973,0.0002948982601002654,0.0,0.0,0.0,0.0,0.0,0.0,0.0002948982601002654,0.0,0.0,0.0,0.0002948982601002654,0.0,0.0,0.0,0.001474491300501327,0.0002948982601002654,0.0002948982601002654,0.0002948982601002654,0.0,0.0,0.0002948982601002654,0.0002948982601002654,0.0,0.0,0.0,0.0,0.0002948982601002654,0.0,0.0,0.0002948982601002654,0.0639929224417576,0.0,0.0,0.0,0.0,0.0,0.0,0.0,0.0,0.0,0.0,0.0002948982601002654,0.0,0.0,0.0,0.04099085815393689,0.0,NC_003047.1
0.0007686395080707148,0.0,0.0,0.0,0.0,0.0,0.0,0.0,0.0,0.0,0.0,0.0,0.016910069177555727,0.0023059185242121443,0.8170637970791699,0.005380476556495004,0.0,0.0,0.0,0.0,0.0,0.0,0.0,0.0,0.0,0.0,0.0,0.0,0.0,0.0,0.0015372790161414297,0.0,0.0007686395080707148,0.0007686395080707148,0.0,0.0,0.0,0.0,0.0,0.0007686395080707148,0.0,0.0,0.004611837048424289,0.0007686395080707148,0.005380476556495004,0.0,0.09223674096848578,0.0007686395080707148,0.0,0.0,0.0,0.0,0.0,0.0,0.0,0.0,0.0015372790161414297,0.0,0.0,0.0007686395080707148,0.0,0.04688700999231361,0.0007686395080707148,NC_002978.6
0.0,0.0,0.0,0.0,0.0,0.0,0.0,0.0,0.0,0.0,0.00036900369003690036,0.0,0.0014760147601476014,0.0014760147601476014,0.8841328413284133,0.001107011070110701,0.0,0.0,0.0,0.0,0.0,0.0,0.00036900369003690036,0.0,0.0,0.0,0.0,0.0,0.0,0.0,0.0014760147601476014,0.0,0.0,0.00036900369003690036,0.0,0.0,0.0,0.0,0.0,0.0,0.0,0.0,0.0,0.0,0.0,0.0,0.06457564575645756,0.0,0.0,0.0,0.0,0.0,0.0,0.0,0.0,0.0,0.0,0.0,0.0,0.0,0.0,0.044649446494464944,0.0,NC_003062.2
0.0007042253521126761,0.0007042253521126761,0.0007042253521126761,0.0014084507042253522,0.0,0.0,0.0,0.0,0.0007042253521126761,0.0,0.0,0.0,0.015492957746478873,0.006338028169014085,0.793661971830986,0.015492957746478873,0.0,0.0,0.0,0.0,0.0,0.0,0.0,0.0,0.0,0.0,0.0,0.0,0.0,0.0,0.0028169014084507044,0.0,0.0007042253521126761,0.0007042253521126761,0.0,0.0,0.0,0.0,0.0,0.0,0.0,0.0,0.0,0.0,0.0007042253521126761,0.0,0.07042253521126761,0.0014084507042253522,0.0,0.0007042253521126761,0.0,0.0,0.0,0.0,0.0,0.0,0.0,0.0,0.0,0.0,0.0,0.08732394366197183,0.0,NC_003103.1
0.0018365472910927456,0.0004591368227731864,0.0009182736455463728,0.0004591368227731864,0.0,0.0004591368227731864,0.0,0.0004591368227731864,0.0004591368227731864,0.0,0.0,0.0,0.002295684113865932,0.0032139577594123047,0.8943985307621671,0.0018365472910927456,0.0,0.0,0.0,0.0,0.0004591368227731864,0.0,0.0,0.0,0.0,0.0,0.0,0.0013774104683195593,0.0004591368227731864,0.0,0.004132231404958678,0.0004591368227731864,0.0004591368227731864,0.0,0.0004591368227731864,0.0,0.0004591368227731864,0.0009182736455463728,0.0004591368227731864,0.0004591368227731864,0.0009182736455463728,0.0004591368227731864,0.0,0.0,0.0,0.0,0.04315886134067952,0.0,0.0,0.0,0.004132231404958678,0.0009182736455463728,0.0,0.0,0.0018365472910927456,0.0,0.0,0.0,0.0,0.0,0.0009182736455463728,0.030303030303030304,0.0004591368227731864,NC_003112.2
0.0,0.000243605359317905,0.0,0.000730816077953715,0.0,0.00048721071863581,0.0,0.0,0.0,0.0,0.000243605359317905,0.0,0.00194884287454324,0.001705237515225335,0.8669914738124239,0.001705237515225335,0.000730816077953715,0.000243605359317905,0.000730816077953715,0.0,0.0,0.0,0.0,0.0,0.0,0.0,0.0,0.0,0.00194884287454324,0.0,0.00389768574908648,0.0,0.000243605359317905,0.000243605359317905,0.0,0.000243605359317905,0.000243605359317905,0.0,0.000243605359317905,0.0,0.0,0.0,0.00048721071863581,0.000243605359317905,0.000730816077953715,0.000243605359317905,0.08964677222898904,0.0,0.0,0.000243605359317905,0.0,0.0,0.0,0.0,0.000243605359317905,0.0,0.0,0.000243605359317905,0.0,0.000730816077953715,0.00048721071863581,0.02338611449451888,0.00048721071863581,NC_003143.1
0.00043001505052676843,0.0,0.00021500752526338422,0.00021500752526338422,0.0,0.0,0.0,0.0,0.00021500752526338422,0.00043001505052676843,0.0,0.0,0.0015050526768436896,0.0008600301010535369,0.8828208987314556,0.0025800903031606105,0.0,0.00021500752526338422,0.00043001505052676843,0.0,0.00021500752526338422,0.00021500752526338422,0.0,0.0006450225757901526,0.0,0.0,0.0,0.00021500752526338422,0.0,0.00043001505052676843,0.0036551279294775316,0.0,0.00043001505052676843,0.00043001505052676843,0.00043001505052676843,0.0,0.00021500752526338422,0.00021500752526338422,0.0006450225757901526,0.0,0.0,0.00021500752526338422,0.0,0.00043001505052676843,0.00021500752526338422,0.0,0.07675768651902816,0.00021500752526338422,0.0,0.00021500752526338422,0.0,0.0,0.00021500752526338422,0.0,0.0,0.0,0.0,0.0,0.0,0.0012900451515803052,0.0,0.02257579015265534,0.00021500752526338422,NC_003198.1
0.0,0.0,0.0,0.0,0.00028818443804034583,0.0,0.0,0.0,0.0,0.0005763688760806917,0.00028818443804034583,0.00028818443804034583,0.0,0.0023054755043227667,0.9002881844380404,0.0008645533141210375,0.0,0.0005763688760806917,0.00028818443804034583,0.0,0.0,0.0011527377521613833,0.00028818443804034583,0.0,0.0,0.0,0.0,0.0,0.0,0.0005763688760806917,0.0008645533141210375,0.0,0.0,0.0008645533141210375,0.0,0.0,0.0,0.0008645533141210375,0.001440922190201729,0.0,0.00028818443804034583,0.0005763688760806917,0.00028818443804034583,0.0,0.0,0.0,0.06051873198847262,0.00028818443804034583,0.0,0.00028818443804034583,0.0,0.0,0.00028818443804034583,0.0,0.0,0.0,0.0,0.0008645533141210375,0.0,0.001440922190201729,0.00028818443804034583,0.023054755043227664,0.0,NC_003295.1
0.0,0.0,0.0,0.0,0.0,0.0,0.0,0.0,0.0,0.0,0.0,0.0,0.0004923682914820286,0.0019694731659281144,0.8719842442146726,0.0009847365829640572,0.0,0.0004923682914820286,0.0,0.0,0.0,0.0,0.0,0.0,0.0,0.0,0.0,0.0,0.0,0.0,0.0009847365829640572,0.0004923682914820286,0.0,0.0004923682914820286,0.0,0.0,0.0,0.0004923682914820286,0.0,0.0,0.0,0.0,0.0004923682914820286,0.0,0.0004923682914820286,0.0,0.07434761201378631,0.0,0.0,0.0,0.0,0.0,0.0,0.0004923682914820286,0.0,0.0,0.0,0.0,0.0,0.0,0.0004923682914820286,0.0448055145248646,0.0004923682914820286,NC_003317.1
0.00046739892498247256,0.0,0.0,0.0,0.0,0.0,0.0,0.0,0.0,0.0,0.00046739892498247256,0.0,0.00023369946249123628,0.0018695956999298902,0.854638934330451,0.0011684973124561813,0.0,0.0,0.0,0.00023369946249123628,0.00046739892498247256,0.00023369946249123628,0.0,0.0,0.0,0.00023369946249123628,0.00046739892498247256,0.0,0.0018695956999298902,0.0,0.009815377424631924,0.00046739892498247256,0.0,0.0009347978499649451,0.0,0.0,0.0,0.00046739892498247256,0.00046739892498247256,0.00023369946249123628,0.0,0.00046739892498247256,0.0,0.00023369946249123628,0.0011684973124561813,0.00023369946249123628,0.09161018929656461,0.0,0.0,0.0,0.0,0.0014021967749474175,0.00023369946249123628,0.00023369946249123628,0.00023369946249123628,0.0,0.0,0.0007010983874737088,0.0,0.0,0.00046739892498247256,0.028277634961439587,0.0,NC_003902.1
0.00022431583669807088,0.0,0.0,0.00044863167339614175,0.0,0.0,0.0,0.0,0.0,0.00022431583669807088,0.0,0.0,0.00246747420367878,0.002018842530282638,0.8786451323463437,0.004710632570659489,0.0,0.0,0.0,0.00022431583669807088,0.0,0.0,0.0,0.0,0.0,0.0,0.0,0.0,0.0006729475100942127,0.0,0.00044863167339614175,0.0,0.0,0.00022431583669807088,0.0,0.0006729475100942127,0.0008972633467922835,0.0,0.0,0.0,0.0,0.0,0.0,0.0,0.0,0.0,0.06437864513234634,0.00022431583669807088,0.0,0.00022431583669807088,0.00044863167339614175,0.0,0.0,0.0,0.0,0.0,0.0,0.0,0.00022431583669807088,0.00044863167339614175,0.0,0.04194706146253926,0.00022431583669807088,NC_003910.7
0.0005067139599695972,0.0,0.0,0.0,0.0,0.0,0.0,0.0,0.0,0.0002533569799847986,0.0,0.0,0.0010134279199391944,0.00177349885989359,0.9022042057258678,0.0005067139599695972,0.0,0.0,0.0,0.0,0.0,0.0002533569799847986,0.0002533569799847986,0.0,0.0,0.0,0.0002533569799847986,0.0002533569799847986,0.0002533569799847986,0.0,0.004560425639726374,0.0002533569799847986,0.0002533569799847986,0.0,0.0,0.0002533569799847986,0.0,0.0005067139599695972,0.0,0.0,0.0002533569799847986,0.0,0.0,0.0,0.0,0.0,0.05751203445654928,0.0,0.0,0.0002533569799847986,0.0,0.0,0.0,0.0,0.0,0.0,0.0,0.0,0.0,0.0,0.0,0.028629338738282238,0.0,NC_003911.12
0.0,0.0,0.0,0.0,0.0,0.0,0.0,0.0,0.0005455537370430987,0.0,0.0,0.0,0.004909983633387889,0.0010911074740861974,0.8761593016912166,0.002182214948172395,0.0,0.0,0.0,0.0,0.0,0.0,0.0,0.0,0.0,0.0,0.0,0.0,0.0,0.0,0.0010911074740861974,0.0,0.0,0.0,0.0,0.0,0.0,0.0,0.0,0.0,0.0,0.0,0.0,0.0,0.0,0.0,0.0425531914893617,0.0,0.0,0.0,0.0,0.0,0.0,0.0,0.0,0.0,0.0,0.0,0.0,0.0,0.0,0.07092198581560284,0.0005455537370430987,NC_003912.7
0.0,0.0004954173891503591,0.00024770869457517957,0.0007431260837255387,0.0,0.00024770869457517957,0.0,0.00024770869457517957,0.0,0.0,0.0,0.0,0.0017339608620262571,0.002229378251176616,0.8684666831805796,0.0017339608620262571,0.0007431260837255387,0.00024770869457517957,0.0004954173891503591,0.0,0.0,0.0,0.0,0.0,0.0,0.0,0.0,0.0,0.0014862521674510775,0.0,0.0027247956403269754,0.0,0.00024770869457517957,0.00024770869457517957,0.0,0.0004954173891503591,0.0,0.0,0.00024770869457517957,0.0,0.0,0.0,0.00024770869457517957,0.0004954173891503591,0.0007431260837255387,0.00024770869457517957,0.08669804310131285,0.0,0.0,0.00024770869457517957,0.00024770869457517957,0.0,0.0,0.00024770869457517957,0.00024770869457517957,0.0,0.0,0.0,0.0,0.0007431260837255387,0.0007431260837255387,0.0255139955412435,0.0004954173891503591,NC_004088.1
0.00031725888324873094,0.0,0.00047588832487309646,0.0,0.0,0.00015862944162436547,0.0,0.0,0.0,0.00015862944162436547,0.00031725888324873094,0.0,0.00031725888324873094,0.0023794416243654824,0.8959390862944162,0.0017449238578680203,0.00015862944162436547,0.0,0.00015862944162436547,0.00015862944162436547,0.00015862944162436547,0.0,0.00015862944162436547,0.0,0.0,0.00015862944162436547,0.0,0.0,0.0,0.0,0.0038071065989847717,0.0,0.00015862944162436547,0.00015862944162436547,0.00015862944162436547,0.00015862944162436547,0.0,0.00015862944162436547,0.0,0.0,0.00015862944162436547,0.00031725888324873094,0.0,0.0,0.0,0.0,0.06916243654822335,0.0,0.0,0.0,0.0,0.0,0.00015862944162436547,0.0,0.00015862944162436547,0.0,0.0,0.00015862944162436547,0.0,0.0,0.0,0.0225253807106599,0.0,NC_004129.6
0.000499001996007984,0.0,0.0,0.0,0.0,0.0,0.0,0.0,0.0,0.0,0.0,0.0,0.000998003992015968,0.0014970059880239522,0.8717564870259481,0.000998003992015968,0.0,0.0,0.0,0.0,0.0,0.0,0.0,0.0,0.0,0.0,0.0,0.0,0.0,0.0,0.00249500998003992,0.000499001996007984,0.000499001996007984,0.000499001996007984,0.0,0.0,0.0,0.000499001996007984,0.0,0.0,0.0,0.000499001996007984,0.000499001996007984,0.0,0.000499001996007984,0.0,0.07435129740518961,0.0,0.0,0.0,0.0,0.0,0.0,0.0,0.0,0.0,0.0,0.0,0.0,0.0,0.000499001996007984,0.04291417165668663,0.000499001996007984,NC_004310.3
0.0006578947368421052,0.0006578947368421052,0.0,0.0,0.0,0.0,0.0,0.0003289473684210526,0.0,0.0,0.0,0.0,0.0125,0.0013157894736842105,0.8539473684210527,0.008881578947368421,0.0,0.0,0.0,0.0,0.0,0.0,0.0,0.0,0.0,0.0,0.0,0.0,0.0,0.0,0.001644736842105263,0.0,0.0003289473684210526,0.0003289473684210526,0.0,0.0003289473684210526,0.0,0.0,0.0,0.0,0.0,0.0,0.0,0.0,0.0,0.0,0.08486842105263158,0.0,0.0,0.0,0.0,0.0,0.0,0.0,0.0,0.0006578947368421052,0.0,0.0,0.0,0.0003289473684210526,0.0,0.033223684210526315,0.0,NC_004459.3
0.0,0.0002352387673488591,0.0004704775346977182,0.0,0.0,0.00035285815102328866,0.00011761938367442955,0.00011761938367442955,0.0,0.00035285815102328866,0.00011761938367442955,0.00011761938367442955,0.00035285815102328866,0.003646200893907316,0.8498000470477535,0.0009409550693954364,0.0,0.0,0.00011761938367442955,0.00011761938367442955,0.00011761938367442955,0.00035285815102328866,0.0002352387673488591,0.00011761938367442955,0.0,0.00011761938367442955,0.0,0.0004704775346977182,0.0002352387673488591,0.0002352387673488591,0.003175723359209598,0.0002352387673488591,0.0,0.00011761938367442955,0.00011761938367442955,0.0014114326040931546,0.00011761938367442955,0.00035285815102328866,0.00035285815102328866,0.0,0.0,0.0007057163020465773,0.0005880969183721477,0.0,0.00011761938367442955,0.0002352387673488591,0.0911550223476829,0.0,0.0,0.0005880969183721477,0.0002352387673488591,0.0,0.00011761938367442955,0.00011761938367442955,0.00011761938367442955,0.0,0.00035285815102328866,0.00011761938367442955,0.00011761938367442955,0.0,0.0002352387673488591,0.04034344860032933,0.0002352387673488591,NC_004463.1
0.0004484304932735426,0.0004484304932735426,0.0,0.0,0.0,0.0002242152466367713,0.0004484304932735426,0.0,0.0,0.0,0.0,0.0002242152466367713,0.001569506726457399,0.002914798206278027,0.8961883408071749,0.0026905829596412557,0.0,0.0,0.0,0.0002242152466367713,0.0,0.0,0.0,0.0002242152466367713,0.0,0.0,0.0004484304932735426,0.0,0.0002242152466367713,0.0,0.0017937219730941704,0.0004484304932735426,0.0002242152466367713,0.0002242152466367713,0.0,0.0006726457399103139,0.0002242152466367713,0.0,0.0,0.0,0.0,0.0002242152466367713,0.0,0.0,0.0,0.0,0.06973094170403588,0.0002242152466367713,0.0,0.0,0.0,0.0002242152466367713,0.0,0.0,0.0,0.0,0.0,0.0,0.0,0.0006726457399103139,0.0,0.01905829596412556,0.0,NC_004547.2
0.0,0.0,0.0004576659038901602,0.0,0.0,0.0,0.0,0.0,0.0,0.0,0.0,0.0,0.0004576659038901602,0.004118993135011442,0.8453089244851258,0.0036613272311212816,0.0,0.0,0.0,0.0,0.0,0.0004576659038901602,0.0,0.0,0.0,0.0,0.0,0.0,0.0,0.0,0.004576659038901602,0.0,0.0,0.0004576659038901602,0.0,0.0004576659038901602,0.0,0.0,0.0,0.0,0.0,0.0004576659038901602,0.0,0.0,0.0,0.0,0.10617848970251716,0.0,0.0,0.0,0.0,0.0,0.0,0.0,0.0,0.0,0.0,0.0,0.0,0.0,0.0,0.033409610983981694,0.0,NC_004556.1
0.0,0.0,0.0,0.0,0.0,0.0,0.0,0.0,0.0,0.0,0.0,0.0,0.0013651877133105802,0.0020477815699658703,0.8825938566552901,0.0030716723549488053,0.0,0.0,0.0,0.00034129692832764505,0.0,0.0,0.0,0.0,0.0,0.0,0.0,0.0,0.00034129692832764505,0.0,0.00034129692832764505,0.0,0.0,0.0006825938566552901,0.0,0.0,0.0,0.0,0.0,0.0,0.0,0.0,0.0,0.0,0.00034129692832764505,0.00034129692832764505,0.07713310580204778,0.0,0.0,0.0,0.0,0.0,0.0,0.0,0.0,0.0,0.0,0.0,0.0,0.00034129692832764505,0.0,0.0310580204778157,0.0,NC_004603.1
0.0006525995214270176,0.0,0.00021753317380900588,0.00043506634761801175,0.0,0.0,0.0,0.0,0.00021753317380900588,0.00021753317380900588,0.0,0.0,0.0013051990428540352,0.0008701326952360235,0.8849249510550359,0.0023928649118990647,0.0,0.00021753317380900588,0.00043506634761801175,0.0,0.00021753317380900588,0.00021753317380900588,0.0,0.00043506634761801175,0.0,0.0,0.0,0.00021753317380900588,0.0,0.00043506634761801175,0.003262997607135088,0.0,0.00043506634761801175,0.00043506634761801175,0.00043506634761801175,0.0,0.00021753317380900588,0.00021753317380900588,0.0006525995214270176,0.0,0.00021753317380900588,0.00021753317380900588,0.0,0.00043506634761801175,0.00021753317380900588,0.0,0.07548401131172504,0.00021753317380900588,0.0,0.00021753317380900588,0.0,0.0,0.00021753317380900588,0.0,0.0,0.0,0.0,0.0,0.0,0.0008701326952360235,0.00021753317380900588,0.022405916902327606,0.00021753317380900588,NC_004631.1
0.0,0.0,0.0,0.00037965072133637056,0.0007593014426727411,0.0011389521640091116,0.0,0.0,0.0,0.00037965072133637056,0.0,0.0,0.002277904328018223,0.002277904328018223,0.8485193621867881,0.0018982536066818527,0.00037965072133637056,0.0,0.0,0.00037965072133637056,0.0,0.0,0.0,0.0,0.0,0.0,0.0,0.00037965072133637056,0.0037965072133637054,0.00037965072133637056,0.002277904328018223,0.0,0.0,0.0007593014426727411,0.00037965072133637056,0.0,0.0,0.0,0.0,0.004555808656036446,0.0,0.00037965072133637056,0.0,0.00037965072133637056,0.0,0.0,0.0812452543659833,0.00037965072133637056,0.0,0.0,0.0,0.0007593014426727411,0.0,0.0,0.00037965072133637056,0.0,0.0,0.0,0.0,0.0,0.0,0.04555808656036447,0.0,NC_004757.1
0.0010395010395010396,0.0,0.0,0.0,0.0,0.0,0.0,0.0,0.0,0.006237006237006237,0.0,0.0,0.0010395010395010396,0.004158004158004158,0.7027027027027027,0.0031185031185031187,0.0,0.0,0.0010395010395010396,0.0,0.0,0.0010395010395010396,0.0010395010395010396,0.0,0.0010395010395010396,0.0,0.0,0.0,0.0,0.0010395010395010396,0.0,0.0,0.0,0.0,0.0,0.002079002079002079,0.0,0.0,0.0,0.0,0.002079002079002079,0.0,0.0010395010395010396,0.0,0.0,0.0,0.2182952182952183,0.0010395010395010396,0.0,0.0,0.0,0.0,0.0,0.0,0.0,0.0,0.0,0.0,0.0,0.0,0.0,0.05197505197505198,0.0,NC_004842.2
0.0005534034311012728,0.0,0.0,0.0,0.0,0.0,0.0,0.0,0.0,0.0,0.0,0.0011068068622025456,0.006640841173215274,0.003320420586607637,0.8666297731045932,0.006087437742114001,0.0,0.0,0.0,0.0,0.0,0.0,0.0,0.0,0.0,0.0,0.0,0.0,0.0,0.0,0.0016602102933038186,0.0,0.0,0.0,0.0,0.0,0.0,0.0,0.0,0.0,0.0,0.0,0.0,0.0,0.0,0.0,0.0630879911455451,0.0,0.0,0.0,0.0,0.0,0.0,0.0,0.0,0.0,0.0,0.0,0.0,0.0,0.0,0.0509131156613171,0.0,NC_004917.1
0.0,0.0004575611988103409,0.0,0.0,0.0,0.00022878059940517045,0.0,0.0,0.0,0.0,0.0,0.0,0.0009151223976206818,0.003202928391672386,0.9041409288492336,0.0009151223976206818,0.0,0.0,0.00022878059940517045,0.0,0.0,0.0,0.0,0.0,0.0,0.0004575611988103409,0.0,0.0,0.00022878059940517045,0.0,0.004575611988103409,0.00022878059940517045,0.0,0.0006863417982155113,0.0,0.0,0.0,0.0,0.00022878059940517045,0.0,0.0,0.0004575611988103409,0.0,0.0,0.0,0.0,0.058796614047128805,0.00022878059940517045,0.0,0.0,0.0,0.0,0.0,0.0,0.0,0.0,0.0,0.0011439029970258523,0.0,0.0,0.0,0.022878059940517045,0.0,NC_005085.1
0.0,0.0,0.00048262548262548264,0.0,0.0,0.0,0.0,0.0,0.0,0.0,0.0,0.0,0.002413127413127413,0.003861003861003861,0.7881274131274131,0.0033783783783783786,0.0,0.0,0.0,0.0,0.0,0.0,0.0,0.0,0.0,0.0,0.0,0.0,0.0,0.0,0.00048262548262548264,0.0,0.0,0.0,0.0,0.0,0.0,0.0,0.0,0.0,0.0,0.0,0.0,0.0,0.00048262548262548264,0.0,0.10521235521235521,0.00048262548262548264,0.0,0.0,0.0,0.0,0.0,0.0,0.0,0.0,0.0,0.0,0.0,0.0,0.00048262548262548264,0.0945945945945946,0.0,NC_005090.1
0.0,0.0,0.0,0.00032175032175032174,0.0,0.0,0.0,0.00032175032175032174,0.0,0.0,0.0,0.0,0.01447876447876448,0.0019305019305019305,0.8593951093951094,0.007722007722007722,0.0,0.0,0.0,0.0,0.0,0.0,0.0,0.0,0.0,0.0,0.0,0.0,0.0,0.0,0.0016087516087516086,0.0,0.00032175032175032174,0.00032175032175032174,0.0,0.0,0.0,0.00032175032175032174,0.0,0.0,0.0,0.0,0.0,0.0,0.0,0.0,0.08397683397683398,0.0,0.0,0.0,0.0,0.0,0.0,0.0,0.0,0.0,0.0,0.0,0.0,0.00032175032175032174,0.0,0.028635778635778635,0.00032175032175032174,NC_005139.1
0.0,0.00040330711837063924,0.0,0.0,0.0,0.00020165355918531962,0.00020165355918531962,0.0,0.0,0.00020165355918531962,0.0,0.0,0.00040330711837063924,0.0018148820326678765,0.8652954224642065,0.00040330711837063924,0.0,0.0,0.0,0.0,0.0,0.0,0.0,0.0,0.0,0.0,0.00020165355918531962,0.0,0.0,0.00020165355918531962,0.0024198427102238356,0.0,0.0,0.0008066142367412785,0.0,0.0,0.0,0.00040330711837063924,0.00020165355918531962,0.00020165355918531962,0.0,0.0,0.0,0.0,0.0,0.00020165355918531962,0.08993748739665255,0.0,0.0,0.0,0.00020165355918531962,0.0,0.0,0.0,0.0,0.0,0.00020165355918531962,0.0,0.0,0.0,0.0,0.036095987094172215,0.0,NC_005296.1
0.0,0.0,0.0,0.0,0.0,0.0,0.0,0.0,0.0,0.0,0.0,0.0,0.00028153153153153153,0.0005630630630630631,0.8673986486486487,0.00028153153153153153,0.0,0.0,0.0,0.0,0.0,0.0,0.0,0.0,0.0,0.0,0.0,0.0,0.0,0.0,0.0,0.0,0.0,0.0,0.0,0.0,0.0,0.0,0.0,0.0,0.0,0.0,0.0,0.0,0.0,0.0,0.08952702702702703,0.0,0.0,0.0,0.0,0.0,0.0,0.0,0.0,0.0,0.0,0.0,0.0,0.0,0.0,0.041666666666666664,0.00028153153153153153,NC_005363.1
0.0,0.0,0.0,0.0003068425897514575,0.0,0.0,0.0,0.0,0.0,0.0,0.0,0.0003068425897514575,0.0027615833077631177,0.005523166615526235,0.9054924823565511,0.003068425897514575,0.0,0.0,0.0,0.0,0.0,0.0,0.0,0.0,0.0,0.0,0.0003068425897514575,0.0,0.0,0.0,0.001841055538508745,0.0003068425897514575,0.0003068425897514575,0.0003068425897514575,0.0,0.0,0.0,0.0,0.0,0.0,0.0,0.0,0.0,0.000613685179502915,0.0,0.0003068425897514575,0.05431113838600798,0.0,0.0,0.0,0.0003068425897514575,0.0003068425897514575,0.0,0.0,0.0003068425897514575,0.0,0.0,0.0,0.0,0.000613685179502915,0.0003068425897514575,0.02209266646210494,0.0003068425897514575,NC_005966.1
0.0003291639236339697,0.0003291639236339697,0.0,0.0003291639236339697,0.0003291639236339697,0.0,0.0,0.0,0.0,0.0,0.0,0.0003291639236339697,0.0013166556945358788,0.0013166556945358788,0.8749177090190915,0.0026333113890717576,0.0003291639236339697,0.0,0.0,0.0003291639236339697,0.0,0.0,0.0,0.0,0.0,0.0,0.0,0.0,0.0,0.0003291639236339697,0.0013166556945358788,0.0,0.0,0.0003291639236339697,0.0,0.0006583278472679394,0.0,0.0,0.0,0.0,0.0,0.0003291639236339697,0.0003291639236339697,0.0,0.0003291639236339697,0.0,0.0684660961158657,0.0003291639236339697,0.0,0.0,0.0,0.0,0.0,0.0,0.0003291639236339697,0.0,0.0,0.0,0.0,0.0003291639236339697,0.0,0.044437129690585914,0.0,NC_006138.1
0.001201923076923077,0.0,0.0,0.0,0.0,0.0,0.0,0.0,0.0,0.0,0.0,0.0,0.009615384615384616,0.003605769230769231,0.9242788461538461,0.001201923076923077,0.0,0.0,0.0,0.0,0.0,0.0,0.0,0.0,0.0,0.0,0.0,0.0,0.0,0.0,0.0,0.0,0.0,0.001201923076923077,0.0,0.0,0.0,0.0,0.0,0.0,0.0,0.0,0.0,0.0,0.0,0.0,0.05048076923076923,0.0,0.0,0.0,0.0,0.0,0.0,0.0,0.0,0.0,0.0,0.0,0.0,0.0,0.0,0.008413461538461538,0.0,NC_006142.1
0.0004868549172346641,0.0,0.0,0.0004868549172346641,0.0,0.0004868549172346641,0.00024342745861733204,0.00024342745861733204,0.0,0.0,0.00024342745861733204,0.0,0.0038948393378773127,0.0021908471275559884,0.8841285296981499,0.0014605647517039922,0.00024342745861733204,0.0004868549172346641,0.00024342745861733204,0.0,0.0,0.00024342745861733204,0.0,0.0,0.0,0.0,0.0,0.0,0.0007302823758519961,0.00024342745861733204,0.0012171372930866603,0.00024342745861733204,0.0007302823758519961,0.0004868549172346641,0.0,0.0007302823758519961,0.0,0.0,0.0,0.0,0.0,0.00024342745861733204,0.00024342745861733204,0.00024342745861733204,0.0009737098344693282,0.00024342745861733204,0.07619279454722493,0.0,0.0,0.00024342745861733204,0.00024342745861733204,0.0,0.0,0.0,0.0,0.0,0.0,0.0,0.0,0.0004868549172346641,0.00024342745861733204,0.02117818889970789,0.0,NC_006155.1
0.0006234413965087282,0.0003117206982543641,0.0,0.0003117206982543641,0.0,0.0,0.0003117206982543641,0.0,0.0,0.0,0.0003117206982543641,0.0003117206982543641,0.0003117206982543641,0.0021820448877805485,0.8460099750623441,0.0006234413965087282,0.0,0.0,0.0009351620947630922,0.0003117206982543641,0.0,0.016521197007481298,0.0003117206982543641,0.0,0.0,0.0003117206982543641,0.0,0.0,0.0003117206982543641,0.0003117206982543641,0.0015586034912718205,0.0,0.0,0.0006234413965087282,0.0003117206982543641,0.0,0.0003117206982543641,0.0,0.0003117206982543641,0.0,0.0,0.0006234413965087282,0.0,0.0,0.0,0.0003117206982543641,0.0807356608478803,0.0003117206982543641,0.0,0.0,0.0003117206982543641,0.0003117206982543641,0.0,0.0,0.0,0.0,0.0003117206982543641,0.0003117206982543641,0.0,0.0,0.0,0.04332917705735661,0.0,NC_006348.1
0.00032499187520311994,0.0,0.00032499187520311994,0.00032499187520311994,0.00032499187520311994,0.0,0.0,0.0,0.0,0.00032499187520311994,0.0,0.0,0.003249918752031199,0.0009749756256093598,0.880727981800455,0.0019499512512187196,0.00032499187520311994,0.0,0.0,0.00032499187520311994,0.00032499187520311994,0.0,0.0,0.0,0.0,0.00032499187520311994,0.0,0.0,0.00032499187520311994,0.0,0.006174845628859279,0.0,0.0,0.00032499187520311994,0.0,0.0,0.0,0.0,0.0,0.0,0.00032499187520311994,0.00032499187520311994,0.00032499187520311994,0.00032499187520311994,0.00032499187520311994,0.0,0.062073448163795904,0.0,0.0,0.0,0.0,0.0,0.0,0.0,0.0,0.0,0.0,0.0,0.0,0.00032499187520311994,0.0,0.03932401689957751,0.0,NC_006368.1
0.0005681818181818182,0.0,0.0,0.0,0.0,0.0,0.0002840909090909091,0.0,0.0002840909090909091,0.0,0.0,0.0005681818181818182,0.002556818181818182,0.002556818181818182,0.8653409090909091,0.006818181818181818,0.0005681818181818182,0.0,0.0002840909090909091,0.0002840909090909091,0.0011363636363636363,0.0,0.0,0.0002840909090909091,0.0,0.0002840909090909091,0.0,0.0,0.0,0.0,0.0022727272727272726,0.0005681818181818182,0.0,0.0005681818181818182,0.0,0.0,0.0,0.0002840909090909091,0.0,0.0,0.0,0.0002840909090909091,0.0002840909090909091,0.0005681818181818182,0.0008522727272727272,0.0002840909090909091,0.06647727272727273,0.0,0.0,0.0,0.0,0.0,0.0,0.0,0.0,0.0,0.0,0.0002840909090909091,0.0,0.0,0.0002840909090909091,0.044602272727272727,0.0005681818181818182,NC_006370.1
0.000687915615684476,0.0,0.0,0.0,0.0,0.0,0.0,0.0,0.00022930520522815867,0.0,0.0,0.0,0.0020637468470534283,0.0011465260261407934,0.8851180921806925,0.0018344416418252694,0.0,0.0,0.00022930520522815867,0.0,0.00045861041045631735,0.00022930520522815867,0.0,0.00022930520522815867,0.0,0.00045861041045631735,0.0,0.00045861041045631735,0.00022930520522815867,0.00045861041045631735,0.00343957807842238,0.0,0.00045861041045631735,0.00022930520522815867,0.000687915615684476,0.0,0.00022930520522815867,0.00045861041045631735,0.000687915615684476,0.0,0.0,0.00022930520522815867,0.00045861041045631735,0.0,0.00045861041045631735,0.0,0.07612932813574869,0.0,0.0,0.00022930520522815867,0.0,0.00045861041045631735,0.0,0.0,0.0,0.0,0.0,0.0,0.0,0.000687915615684476,0.0,0.02063746847053428,0.000687915615684476,NC_006511.1
0.0,0.0003779289493575208,0.0,0.0,0.0,0.0,0.0,0.0,0.0,0.0,0.0,0.0,0.0011337868480725624,0.0007558578987150416,0.8877551020408163,0.0022675736961451248,0.0,0.0,0.0,0.0,0.0,0.0,0.0,0.0,0.0,0.0,0.0,0.0,0.0,0.0,0.0003779289493575208,0.0,0.0,0.0003779289493575208,0.0003779289493575208,0.0003779289493575208,0.0,0.0003779289493575208,0.0,0.0,0.0,0.0,0.0,0.0,0.0,0.0,0.0710506424792139,0.0,0.0,0.0,0.0,0.0,0.0,0.0,0.0003779289493575208,0.0,0.0,0.0,0.0,0.0,0.0,0.03439153439153439,0.0,NC_006512.1
0.0,0.0,0.0004954173891503591,0.0,0.0,0.0,0.00024770869457517957,0.0,0.0,0.0,0.0,0.0,0.00024770869457517957,0.005201882586078771,0.8521179093386178,0.0004954173891503591,0.00024770869457517957,0.0,0.00024770869457517957,0.0009908347783007183,0.0,0.0004954173891503591,0.0004954173891503591,0.0,0.0,0.00024770869457517957,0.00024770869457517957,0.0,0.00024770869457517957,0.0,0.004211047807778053,0.0,0.0,0.0009908347783007183,0.0,0.0009908347783007183,0.00024770869457517957,0.0,0.00024770869457517957,0.0,0.0,0.0004954173891503591,0.0,0.0,0.00024770869457517957,0.0007431260837255387,0.09437701263314342,0.0,0.0,0.0,0.00024770869457517957,0.0007431260837255387,0.0,0.0,0.0,0.0,0.00024770869457517957,0.00024770869457517957,0.0,0.00024770869457517957,0.00024770869457517957,0.03344067376764925,0.0,NC_006513.1
0.0,0.0,0.0,0.0,0.0,0.0,0.0,0.0,0.0,0.0005698005698005698,0.0,0.0,0.0,0.0017094017094017094,0.8740740740740741,0.0005698005698005698,0.0,0.0,0.0,0.0,0.0005698005698005698,0.0,0.0,0.0,0.0,0.0,0.0,0.0,0.0,0.0,0.0017094017094017094,0.0,0.0,0.0,0.0,0.0005698005698005698,0.0,0.0,0.0,0.0,0.0,0.0,0.0005698005698005698,0.0,0.0,0.0,0.08205128205128205,0.0,0.0,0.0,0.0,0.0,0.0,0.0,0.0,0.0,0.0,0.0,0.0,0.0,0.0,0.037606837606837605,0.0,NC_006526.2
0.02447730749617542,0.0,0.0,0.0005099439061703213,0.0,0.0,0.0,0.0,0.0,0.0,0.0,0.0010198878123406426,0.00815910249872514,0.0030596634370219276,0.8577256501784803,0.009178990311065782,0.0,0.0,0.0,0.0,0.0005099439061703213,0.0,0.0,0.0005099439061703213,0.0,0.0,0.0,0.0,0.0,0.0,0.0015298317185109638,0.0,0.0,0.0005099439061703213,0.0,0.0,0.0,0.0,0.0,0.0010198878123406426,0.0,0.0,0.0,0.0005099439061703213,0.0,0.0,0.0479347271800102,0.0,0.0,0.0,0.0005099439061703213,0.0005099439061703213,0.0,0.0,0.0,0.0,0.0,0.0,0.0005099439061703213,0.0,0.0,0.0407955124936257,0.0010198878123406426,NC_006570.2
0.0,0.0,0.0003929273084479371,0.0,0.0,0.0,0.0003929273084479371,0.0,0.0,0.0,0.0,0.0,0.0007858546168958742,0.002357563850687623,0.8491159135559921,0.0019646365422396855,0.0,0.0003929273084479371,0.0003929273084479371,0.0011787819253438114,0.0,0.0,0.0003929273084479371,0.0,0.0,0.0,0.0,0.0003929273084479371,0.0,0.0,0.005893909626719057,0.0,0.0,0.0003929273084479371,0.0,0.003143418467583497,0.0,0.0,0.0,0.0003929273084479371,0.0,0.0,0.0,0.0,0.0,0.0,0.09666011787819254,0.0,0.0,0.0,0.0,0.0,0.0,0.0,0.0,0.0,0.0,0.0,0.0,0.0,0.0011787819253438114,0.03379174852652259,0.0007858546168958742,NC_006677.1
0.0,0.0,0.0,0.0010548523206751054,0.0,0.0,0.0,0.0,0.0010548523206751054,0.0,0.0,0.0,0.006329113924050633,0.0010548523206751054,0.8934599156118144,0.0010548523206751054,0.0,0.0,0.0,0.0,0.0,0.0,0.0,0.0,0.0,0.0,0.0,0.0,0.0010548523206751054,0.0,0.0,0.0,0.0,0.0010548523206751054,0.0,0.0031645569620253164,0.0010548523206751054,0.0,0.0,0.0,0.0,0.0,0.0,0.0,0.0010548523206751054,0.0,0.06223628691983123,0.0,0.0,0.0,0.0010548523206751054,0.0,0.0,0.0,0.0010548523206751054,0.0,0.0,0.0,0.0,0.0010548523206751054,0.0,0.022151898734177215,0.0010548523206751054,NC_006831.1
0.0,0.0,0.0,0.0,0.0,0.0,0.0,0.0,0.0,0.0,0.0,0.0,0.0023328149300155523,0.0015552099533437014,0.9082426127527217,0.003110419906687403,0.0,0.00038880248833592535,0.0,0.0,0.0,0.0,0.0,0.0,0.0,0.0,0.0,0.0,0.0,0.0,0.0015552099533437014,0.0,0.0,0.00038880248833592535,0.0,0.0,0.0,0.0,0.0,0.0,0.0,0.0,0.0,0.0,0.0,0.0,0.06026438569206843,0.0,0.0,0.00038880248833592535,0.0,0.0,0.0,0.0,0.0,0.0,0.0,0.0,0.0,0.00038880248833592535,0.0,0.020995334370139968,0.00038880248833592535,NC_006840.2
0.0004899559039686428,0.0,0.0,0.0,0.0004899559039686428,0.0,0.0,0.0,0.0,0.0,0.0,0.0,0.0,0.002449779519843214,0.8677119059284665,0.0009799118079372856,0.0,0.0,0.0,0.0,0.0,0.0,0.0,0.0,0.0,0.0,0.0,0.0,0.0,0.0,0.0019598236158745713,0.0004899559039686428,0.0,0.0004899559039686428,0.0,0.0,0.0009799118079372856,0.0004899559039686428,0.0,0.0,0.0,0.0004899559039686428,0.0004899559039686428,0.0,0.0004899559039686428,0.0,0.0744732974032337,0.0,0.0,0.0,0.0,0.0,0.0,0.0004899559039686428,0.0,0.0,0.0,0.0,0.0,0.0,0.0004899559039686428,0.046055854973052424,0.0004899559039686428,NC_006932.1
0.0,0.0007710100231303007,0.00019275250578257516,0.00019275250578257516,0.0,0.0005782575173477255,0.0005782575173477255,0.0,0.0,0.0007710100231303007,0.0,0.0,0.0007710100231303007,0.0026985350809560524,0.8777949113338473,0.0017347725520431765,0.00038550501156515033,0.00019275250578257516,0.0005782575173477255,0.0,0.0,0.00038550501156515033,0.0,0.0,0.0,0.0,0.00038550501156515033,0.0,0.002313030069390902,0.00019275250578257516,0.003469545104086353,0.0,0.0,0.00038550501156515033,0.00019275250578257516,0.0,0.00019275250578257516,0.00038550501156515033,0.00019275250578257516,0.0,0.00019275250578257516,0.00019275250578257516,0.00019275250578257516,0.00019275250578257516,0.0,0.00038550501156515033,0.07286044718581342,0.00019275250578257516,0.0,0.00019275250578257516,0.00019275250578257516,0.0,0.0,0.0,0.0,0.0,0.0,0.0,0.0,0.00019275250578257516,0.0,0.029683885890516577,0.00019275250578257516,NC_007005.1
0.0004611482591653217,0.00023057412958266084,0.0,0.0,0.0,0.0,0.0,0.0,0.0,0.0,0.0004611482591653217,0.0,0.00023057412958266084,0.0018445930366612867,0.8498962416416878,0.001383444777495965,0.0,0.0,0.0,0.00023057412958266084,0.0004611482591653217,0.00023057412958266084,0.00023057412958266084,0.0,0.00023057412958266084,0.00023057412958266084,0.0004611482591653217,0.0,0.0016140189070786258,0.00023057412958266084,0.009453539312889093,0.00023057412958266084,0.0,0.0004611482591653217,0.0,0.00023057412958266084,0.0,0.0009222965183306433,0.0009222965183306433,0.0,0.0,0.0004611482591653217,0.0,0.00023057412958266084,0.0018445930366612867,0.0004611482591653217,0.09338252248097763,0.0,0.0,0.0,0.0,0.001152870647913304,0.00023057412958266084,0.0004611482591653217,0.00023057412958266084,0.0,0.0,0.0009222965183306433,0.0,0.0,0.0006917223887479825,0.029282914456997926,0.0,NC_007086.1
0.00045330915684496827,0.0013599274705349048,0.0013599274705349048,0.0,0.0,0.00045330915684496827,0.0,0.0,0.0009066183136899365,0.0,0.0,0.0,0.0027198549410698096,0.003626473254759746,0.9206708975521306,0.004533091568449683,0.00045330915684496827,0.00045330915684496827,0.00045330915684496827,0.0,0.0,0.0,0.0,0.0,0.0,0.0,0.0,0.0,0.001813236627379873,0.00045330915684496827,0.0013599274705349048,0.0,0.00045330915684496827,0.0009066183136899365,0.0009066183136899365,0.0009066183136899365,0.0,0.00045330915684496827,0.0,0.0,0.0,0.00045330915684496827,0.0,0.0,0.00045330915684496827,0.0,0.030825022665457842,0.0,0.0,0.0,0.00045330915684496827,0.0022665457842248413,0.0009066183136899365,0.0,0.0,0.0,0.00045330915684496827,0.0,0.0,0.0,0.00045330915684496827,0.019038984587488667,0.0,NC_007204.1
0.0,0.0,0.0,0.0,0.0,0.0,0.0,0.0,0.0,0.0,0.0,0.0,0.0,0.0007434944237918215,0.9382899628252788,0.0037174721189591076,0.0,0.0,0.0,0.0,0.0,0.0,0.0,0.0,0.0,0.0,0.0,0.0,0.0,0.0,0.0,0.0,0.0,0.0,0.0,0.0,0.0,0.0,0.0,0.0,0.0,0.0,0.0,0.0,0.0,0.0,0.03345724907063197,0.0,0.0,0.0,0.0,0.0,0.0,0.0,0.0,0.0,0.0,0.0007434944237918215,0.0,0.0,0.0,0.023048327137546468,0.0,NC_007205.1
0.0010515247108307045,0.0,0.0,0.0,0.0,0.0,0.0,0.0,0.0,0.0,0.0,0.0,0.007360672975814932,0.0,0.8874868559411146,0.007360672975814932,0.0,0.0,0.0,0.0,0.0,0.0,0.0,0.0,0.0,0.0,0.0,0.0,0.0,0.0,0.0,0.0,0.0,0.0010515247108307045,0.0,0.0,0.0,0.0,0.0,0.0,0.0,0.0,0.0,0.0,0.0,0.0,0.07150368033648791,0.0,0.0,0.0,0.0,0.0,0.0,0.0,0.0,0.0,0.0,0.0,0.0,0.0,0.0,0.022082018927444796,0.002103049421661409,NC_007354.1
0.002207505518763797,0.0010034115994380895,0.0010034115994380895,0.0014047762392133253,0.0010034115994380895,0.0008027292795504716,0.0008027292795504716,0.0002006823198876179,0.0002006823198876179,0.001806140878988561,0.0002006823198876179,0.0002006823198876179,0.0016054585591009432,0.002207505518763797,0.7784467188440698,0.005619104956853301,0.0012040939193257074,0.0002006823198876179,0.0014047762392133253,0.0008027292795504716,0.0002006823198876179,0.0004013646397752358,0.0002006823198876179,0.0004013646397752358,0.0004013646397752358,0.0006020469596628537,0.0010034115994380895,0.0006020469596628537,0.0002006823198876179,0.0008027292795504716,0.004615693357415212,0.0006020469596628537,0.0006020469596628537,0.0004013646397752358,0.0008027292795504716,0.0014047762392133253,0.006622516556291391,0.0006020469596628537,0.0006020469596628537,0.0006020469596628537,0.0004013646397752358,0.0016054585591009432,0.0006020469596628537,0.0006020469596628537,0.0006020469596628537,0.0010034115994380895,0.09833433674493278,0.0006020469596628537,0.0,0.0008027292795504716,0.0006020469596628537,0.0016054585591009432,0.0002006823198876179,0.0,0.0002006823198876179,0.0,0.0,0.0,0.0,0.04495283965482641,0.0002006823198876179,0.022677102147300822,0.0010034115994380895,NC_007384.1
0.00035298270384751147,0.0,0.0,0.0,0.0,0.0,0.0,0.0,0.0,0.0,0.00035298270384751147,0.0,0.0007059654076950229,0.0028238616307800918,0.8270384751147194,0.0,0.00035298270384751147,0.0,0.0,0.0,0.0,0.0,0.00035298270384751147,0.0,0.0,0.0,0.0,0.0,0.0,0.0,0.0035298270384751147,0.0,0.00035298270384751147,0.00035298270384751147,0.0,0.0,0.0,0.0,0.0,0.0,0.0,0.00035298270384751147,0.0,0.0,0.0,0.0,0.12036710201200142,0.0,0.0,0.00035298270384751147,0.0,0.0,0.0,0.0,0.0,0.0,0.0,0.0,0.0,0.00035298270384751147,0.0,0.04235792446170138,0.0,NC_007404.1
0.015236318407960199,0.0006218905472636816,0.0003109452736318408,0.0,0.0,0.0,0.0,0.0,0.0,0.0,0.0,0.0003109452736318408,0.001554726368159204,0.011504975124378109,0.8317786069651741,0.001554726368159204,0.0003109452736318408,0.0,0.0003109452736318408,0.0,0.0,0.0,0.0009328358208955224,0.0,0.0003109452736318408,0.0003109452736318408,0.0,0.0006218905472636816,0.003109452736318408,0.0,0.003109452736318408,0.0,0.0,0.0006218905472636816,0.0003109452736318408,0.0003109452736318408,0.0,0.0006218905472636816,0.0003109452736318408,0.0006218905472636816,0.0003109452736318408,0.0003109452736318408,0.0,0.0003109452736318408,0.0,0.0006218905472636816,0.08550995024875623,0.0,0.0,0.0003109452736318408,0.0006218905472636816,0.0003109452736318408,0.0,0.0003109452736318408,0.0,0.0,0.0,0.0,0.0,0.0,0.0,0.036069651741293535,0.0006218905472636816,NC_007406.1
0.0,0.0,0.0002703433360367667,0.0002703433360367667,0.0,0.0,0.0,0.0,0.0002703433360367667,0.0,0.0,0.0,0.0002703433360367667,0.0013517166801838335,0.8580697485806975,0.0,0.0,0.0,0.0,0.0002703433360367667,0.0,0.0013517166801838335,0.0002703433360367667,0.0,0.0,0.0002703433360367667,0.0,0.0,0.0,0.0002703433360367667,0.0010813733441470668,0.0,0.0,0.0005406866720735334,0.0,0.0,0.0010813733441470668,0.0,0.0,0.0,0.0,0.0002703433360367667,0.0,0.0002703433360367667,0.0,0.0,0.08623952419572857,0.0,0.0,0.0005406866720735334,0.0002703433360367667,0.0,0.0,0.0,0.0,0.0,0.0,0.0,0.0,0.0,0.0,0.04676939713436064,0.0,NC_007434.1
0.000702000702000702,0.0,0.000351000351000351,0.0,0.0,0.0,0.0,0.0,0.0,0.0,0.0,0.0,0.001755001755001755,0.000702000702000702,0.8841698841698842,0.002808002808002808,0.0,0.0,0.0,0.0,0.0,0.0,0.0,0.0,0.0,0.0,0.0,0.0,0.0,0.0,0.000351000351000351,0.0,0.0,0.000351000351000351,0.0,0.0,0.0,0.000351000351000351,0.0,0.0,0.0,0.0,0.0,0.0,0.0,0.0,0.0694980694980695,0.000351000351000351,0.0,0.0,0.0,0.0,0.0,0.000351000351000351,0.0,0.0,0.0,0.0,0.0,0.0,0.0,0.03825903825903826,0.0,NC_007481.1
0.0,0.00031036623215394165,0.00031036623215394165,0.0,0.0,0.0,0.0,0.0,0.0,0.00031036623215394165,0.00031036623215394165,0.0,0.0012414649286157666,0.0031036623215394167,0.8252638112973308,0.00186219739292365,0.0,0.0,0.0,0.0,0.0,0.0,0.0,0.0,0.00031036623215394165,0.0,0.0,0.0,0.00031036623215394165,0.0006207324643078833,0.0021725636250775914,0.0,0.00031036623215394165,0.00031036623215394165,0.0,0.00031036623215394165,0.0,0.0,0.0,0.0,0.0,0.0,0.0,0.0,0.0,0.0,0.10366232153941651,0.0,0.0,0.0,0.00031036623215394165,0.0,0.0,0.0,0.0,0.0,0.0,0.0,0.0,0.0,0.0,0.058969584109248914,0.0,NC_007484.1
0.0,0.0,0.0,0.0,0.0,0.0,0.0,0.0,0.0,0.0,0.0,0.0,0.0,0.0006533812479581836,0.8912120222149624,0.0,0.0,0.0,0.0003266906239790918,0.0,0.0,0.0003266906239790918,0.0,0.0,0.0,0.0003266906239790918,0.0,0.0,0.0,0.0,0.0013067624959163672,0.0,0.0,0.0003266906239790918,0.0,0.0,0.0,0.0,0.0003266906239790918,0.0,0.0,0.0,0.0,0.0,0.0,0.0006533812479581836,0.07905913100294022,0.0,0.0,0.0,0.0,0.0,0.0,0.0,0.0,0.0,0.0,0.0,0.0,0.0,0.0,0.02548186867036916,0.0,NC_007493.2
0.0,0.0,0.0,0.0,0.0,0.0,0.0,0.0,0.0,0.0,0.0,0.0,0.0012535255405828893,0.0012535255405828893,0.8715136320902538,0.0006267627702914447,0.0,0.0,0.0,0.0,0.0,0.0,0.0,0.0,0.0,0.0,0.0,0.0,0.0006267627702914447,0.0,0.00031338138514572234,0.0,0.00031338138514572234,0.00031338138514572234,0.0,0.0,0.0,0.00031338138514572234,0.0,0.00031338138514572234,0.0,0.00031338138514572234,0.0,0.0,0.00031338138514572234,0.0,0.0799122532121592,0.0,0.0,0.00031338138514572234,0.0,0.0,0.0,0.0,0.0,0.0,0.0,0.0,0.0,0.0,0.0,0.042306486994672515,0.0,NC_007498.2
