AAA,AAC,AAG,AAT,ACA,ACC,ACG,ACT,AGA,AGC,AGG,AGT,ATA,ATC,ATG,ATT,CAA,CAC,CAG,CAT,CCA,CCC,CCG,CCT,CGA,CGC,CGG,CGT,CTA,CTC,CTG,CTT,GAA,GAC,GAG,GAT,GCA,GCC,GCG,GCT,GGA,GGC,GGG,GGT,GTA,GTC,GTG,GTT,TAA,TAC,TAG,TAR,TAT,TCA,TCC,TCG,TCT,TGA,TGC,TGG,TGT,TTA,TTC,TTG,TTT,ID
0.00046221400508435407,0.0,0.00023110700254217703,0.00023110700254217703,0.0,0.0,0.0,0.0,0.0,0.0,0.00023110700254217703,0.0,0.0,0.00023110700254217703,0.0,0.0,0.00023110700254217703,0.0,0.0,0.0,0.00023110700254217703,0.00023110700254217703,0.0,0.0,0.0,0.0,0.0,0.0,0.0,0.0,0.0,0.00023110700254217703,0.00023110700254217703,0.00023110700254217703,0.0,0.00023110700254217703,0.00023110700254217703,0.0,0.0,0.0,0.0,0.00023110700254217703,0.0,0.0,0.0,0.0,0.0,0.0,0.6376242200138664,0.00023110700254217703,0.07071874277790617,0.0,0.00046221400508435407,0.0,0.0,0.00023110700254217703,0.0,0.28726600415992604,0.0,0.0,0.0,0.0,0.0,0.0,0.0,NC_000913.3
0.000663129973474801,0.0,0.000663129973474801,0.0,0.0,0.0,0.0,0.0,0.0,0.0,0.0,0.0,0.0,0.0,0.0,0.001326259946949602,0.0,0.0,0.0,0.0,0.0,0.0,0.0,0.0,0.0,0.0,0.0,0.0,0.0,0.0,0.0,0.0,0.000663129973474801,0.0,0.0,0.0,0.0,0.0,0.0,0.0,0.0,0.0,0.0,0.0,0.0,0.0,0.000663129973474801,0.0,0.5576923076923077,0.0,0.16379310344827586,0.0,0.000663129973474801,0.0,0.0,0.0,0.0,0.2718832891246684,0.0,0.000663129973474801,0.000663129973474801,0.000663129973474801,0.0,0.0,0.0,NC_000921.1
0.0011668611435239206,0.0,0.0,0.0011668611435239206,0.0,0.0,0.0,0.0,0.0,0.0,0.0,0.0,0.0,0.0,0.0,0.0,0.0,0.0,0.0,0.0,0.0,0.0,0.0,0.0,0.0,0.0,0.0,0.0,0.0,0.0,0.0,0.0011668611435239206,0.0,0.0,0.0,0.0,0.0,0.0,0.0,0.0,0.0,0.0,0.0,0.0,0.0,0.0,0.0,0.0,0.6639439906651109,0.0,0.17152858809801633,0.0,0.0,0.0,0.0,0.0,0.0,0.16102683780630106,0.0,0.0,0.0,0.0,0.0,0.0,0.0,NC_000963.1
0.0,0.0,0.0,0.0,0.0,0.0,0.0,0.0,0.0,0.0,0.0,0.0,0.0,0.0,0.0,0.0004192872117400419,0.0004192872117400419,0.0004192872117400419,0.0,0.0,0.0,0.0,0.0012578616352201257,0.0004192872117400419,0.0,0.0008385744234800838,0.0,0.0,0.0,0.0,0.0,0.0004192872117400419,0.0,0.0,0.0,0.0004192872117400419,0.0,0.0,0.0008385744234800838,0.0004192872117400419,0.0,0.0004192872117400419,0.0,0.0,0.0,0.0,0.0004192872117400419,0.0004192872117400419,0.290146750524109,0.0,0.11320754716981132,0.0,0.0,0.0,0.0,0.0,0.0,0.5874213836477987,0.0,0.0008385744234800838,0.0,0.0,0.0,0.0004192872117400419,0.0008385744234800838,NC_002488.3
0.0,0.0003883495145631068,0.0,0.0,0.0,0.0,0.0,0.0,0.0,0.0,0.0003883495145631068,0.0,0.0,0.0,0.0,0.0,0.0003883495145631068,0.0,0.0,0.0,0.0,0.0,0.0,0.0,0.0,0.0,0.0,0.0,0.0,0.0,0.0,0.0007766990291262136,0.0,0.0,0.0,0.0003883495145631068,0.0,0.0,0.0,0.0,0.0,0.0,0.0,0.0,0.0,0.0003883495145631068,0.0,0.0,0.6392233009708738,0.0011650485436893205,0.16621359223300972,0.0,0.0,0.0,0.0,0.0,0.0,0.19029126213592232,0.0003883495145631068,0.0,0.0,0.0,0.0,0.0,0.0,NC_002505.1
0.0,0.0,0.0,0.0,0.0,0.0,0.0,0.0,0.0,0.0,0.0,0.0,0.0,0.0,0.0,0.0,0.0,0.0,0.0,0.0,0.0,0.0,0.0,0.0,0.0,0.0,0.0,0.001718213058419244,0.0,0.0,0.0,0.001718213058419244,0.0,0.0,0.0,0.0,0.0,0.0,0.0,0.0,0.0,0.0,0.0,0.0,0.0,0.0,0.0,0.0,0.7474226804123711,0.0,0.13573883161512026,0.0,0.0,0.0,0.0,0.0,0.0,0.1134020618556701,0.0,0.0,0.0,0.0,0.0,0.0,0.0,NC_002528.1
0.00018628912071535022,0.0,0.00037257824143070045,0.0005588673621460507,0.00037257824143070045,0.0,0.0,0.0007451564828614009,0.00037257824143070045,0.00037257824143070045,0.00018628912071535022,0.0,0.0009314456035767511,0.00018628912071535022,0.0,0.0,0.00018628912071535022,0.0,0.0005588673621460507,0.0,0.0,0.0,0.00037257824143070045,0.00018628912071535022,0.00018628912071535022,0.0,0.0,0.00037257824143070045,0.0,0.0,0.0005588673621460507,0.00018628912071535022,0.0005588673621460507,0.0,0.00018628912071535022,0.00018628912071535022,0.0007451564828614009,0.0009314456035767511,0.00018628912071535022,0.00018628912071535022,0.0007451564828614009,0.00018628912071535022,0.00037257824143070045,0.0007451564828614009,0.0,0.00018628912071535022,0.00018628912071535022,0.0005588673621460507,0.5912816691505216,0.00018628912071535022,0.07190760059612519,0.00018628912071535022,0.00018628912071535022,0.00018628912071535022,0.0,0.0,0.00018628912071535022,0.31874068554396423,0.0,0.00018628912071535022,0.0,0.00018628912071535022,0.0005588673621460507,0.0033532041728763042,0.0,NC_002655.2
0.0,0.0,0.0,0.0,0.0,0.0,0.0,0.0,0.0,0.0,0.0,0.0,0.0,0.0,0.0,0.0,0.0,0.0,0.0,0.0,0.0,0.0,0.0,0.0,0.0,0.0,0.0,0.0,0.0,0.0,0.0,0.000493339911198816,0.0,0.0,0.0,0.0,0.0,0.0,0.0,0.0,0.0,0.0,0.0,0.0,0.0,0.0,0.0,0.0,0.7572767636901825,0.0,0.14060187469166255,0.0,0.0,0.0,0.0,0.0,0.0,0.10162802170695609,0.0,0.0,0.0,0.0,0.0,0.0,0.0,NC_002663.1
0.00014682131845543972,0.00029364263691087944,0.0008809279107326384,0.0,0.0,0.0,0.0,0.0,0.0,0.00029364263691087944,0.0,0.0,0.00014682131845543972,0.0004404639553663192,0.0,0.0,0.00014682131845543972,0.0,0.00014682131845543972,0.00029364263691087944,0.0,0.00014682131845543972,0.0,0.0,0.0,0.0004404639553663192,0.0004404639553663192,0.0,0.0,0.0005872852738217589,0.0005872852738217589,0.00014682131845543972,0.0004404639553663192,0.0004404639553663192,0.0004404639553663192,0.00029364263691087944,0.00014682131845543972,0.0008809279107326384,0.0010277492291880781,0.00014682131845543972,0.00014682131845543972,0.0007341065922771986,0.00014682131845543972,0.00029364263691087944,0.00029364263691087944,0.0004404639553663192,0.00014682131845543972,0.00014682131845543972,0.14740860372926148,0.0,0.23741007194244604,0.0,0.00014682131845543972,0.0,0.00029364263691087944,0.00029364263691087944,0.00029364263691087944,0.6015269417119365,0.00029364263691087944,0.0,0.0,0.0,0.0008809279107326384,0.00014682131845543972,0.0,NC_002678.2
0.000254000508001016,0.0,0.000508001016002032,0.0,0.0,0.0,0.000254000508001016,0.0,0.000762001524003048,0.0,0.000254000508001016,0.0,0.0,0.0,0.000254000508001016,0.000762001524003048,0.0,0.000254000508001016,0.000254000508001016,0.0,0.000254000508001016,0.000508001016002032,0.000508001016002032,0.000254000508001016,0.000254000508001016,0.00127000254000508,0.000254000508001016,0.0,0.000254000508001016,0.000254000508001016,0.0,0.000254000508001016,0.000254000508001016,0.00127000254000508,0.0,0.000508001016002032,0.000254000508001016,0.000254000508001016,0.0,0.0,0.002032004064008128,0.002286004572009144,0.000508001016002032,0.000254000508001016,0.0,0.000254000508001016,0.0,0.001016002032004064,0.19532639065278132,0.0,0.3192786385572771,0.0,0.0,0.000762001524003048,0.000508001016002032,0.001016002032004064,0.001016002032004064,0.46405892811785626,0.0,0.000508001016002032,0.0,0.000254000508001016,0.0,0.000508001016002032,0.000254000508001016,NC_002696.2
0.0,0.0,0.0,0.0,0.0,0.0,0.0,0.0,0.00019896538002387584,0.0,0.0,0.0,0.0,0.0,0.0,0.0,0.0,0.0,0.0,0.0,0.0,0.0,0.0,0.0,0.0,0.0,0.00019896538002387584,0.0,0.0,0.0,0.0,0.00019896538002387584,0.0,0.0,0.0,0.0,0.0,0.0,0.0,0.00019896538002387584,0.0,0.0,0.0,0.0,0.0,0.0,0.00019896538002387584,0.0,0.14365300437723835,0.0,0.20115399920413848,0.0,0.0,0.0,0.00019896538002387584,0.0,0.0,0.6536012733784321,0.0,0.0003979307600477517,0.0,0.0,0.0,0.0,0.0,NC_002927.3
0.0,0.0,0.0,0.0,0.0,0.0,0.0,0.0,0.0,0.0,0.00032299741602067185,0.0,0.0,0.0,0.0,0.0,0.0,0.0,0.0,0.00032299741602067185,0.0,0.0,0.0,0.0,0.0,0.00032299741602067185,0.0,0.0,0.0,0.0,0.00032299741602067185,0.0006459948320413437,0.0,0.0,0.0,0.0,0.0,0.0,0.0012919896640826874,0.0,0.0,0.0,0.0,0.0,0.0,0.0,0.00032299741602067185,0.0,0.125,0.00032299741602067185,0.4266795865633075,0.0,0.0,0.0,0.0,0.0,0.0,0.4437984496124031,0.0,0.0,0.0,0.0,0.0,0.0006459948320413437,0.0,NC_002937.3
0.0,0.0,0.0,0.0,0.0,0.0002918004085205719,0.0,0.0,0.0,0.0,0.0,0.0,0.0,0.0,0.0002918004085205719,0.0,0.0,0.0,0.0,0.0,0.0,0.0,0.0005836008170411438,0.0,0.0,0.0,0.0,0.0,0.0,0.0,0.0008754012255617158,0.0005836008170411438,0.0,0.0002918004085205719,0.0002918004085205719,0.0,0.0,0.0,0.0,0.0,0.0,0.0,0.0,0.0,0.0,0.0,0.0,0.0,0.21914210679894952,0.0,0.25941056317478844,0.0,0.0,0.0,0.0,0.0,0.0,0.517362124306974,0.0002918004085205719,0.0,0.0,0.0002918004085205719,0.0002918004085205719,0.0,0.0,NC_002939.5
0.000333889816360601,0.0,0.0,0.000333889816360601,0.0,0.0,0.0,0.0,0.0,0.0,0.000333889816360601,0.0,0.0,0.0,0.0,0.0,0.0,0.0,0.000333889816360601,0.000333889816360601,0.0,0.0,0.0,0.0,0.000333889816360601,0.0,0.0,0.0,0.0,0.0,0.0,0.000333889816360601,0.0,0.0,0.0,0.0,0.0,0.0,0.0,0.0,0.0,0.0,0.0,0.0,0.0,0.0,0.0,0.0,0.5726210350584308,0.0,0.17896494156928214,0.0,0.0,0.0,0.0,0.0,0.0,0.24540901502504173,0.0,0.0,0.0,0.0,0.0,0.000333889816360601,0.000333889816360601,NC_002942.5
0.0009208103130755065,0.0013812154696132596,0.0,0.0,0.0,0.0,0.0,0.00046040515653775324,0.00046040515653775324,0.0,0.0,0.00046040515653775324,0.0027624309392265192,0.001841620626151013,0.00046040515653775324,0.00046040515653775324,0.0009208103130755065,0.0,0.0,0.0,0.0,0.0,0.0013812154696132596,0.0,0.0009208103130755065,0.0,0.0,0.00046040515653775324,0.004604051565377533,0.0,0.00046040515653775324,0.00046040515653775324,0.0,0.0,0.0,0.0,0.0,0.0032228360957642726,0.00046040515653775324,0.0009208103130755065,0.0,0.0,0.00046040515653775324,0.0,0.0,0.0009208103130755065,0.0009208103130755065,0.0009208103130755065,0.48020257826887663,0.0023020257826887663,0.106353591160221,0.0,0.0027624309392265192,0.0,0.0,0.00046040515653775324,0.00046040515653775324,0.3775322283609576,0.0,0.00046040515653775324,0.0,0.00046040515653775324,0.0,0.0009208103130755065,0.001841620626151013,NC_002946.2
0.0,0.0001786033220217896,0.0,0.0001786033220217896,0.0,0.0,0.0,0.0001786033220217896,0.0,0.0,0.0001786033220217896,0.0,0.0,0.0001786033220217896,0.0001786033220217896,0.0003572066440435792,0.0001786033220217896,0.0,0.0001786033220217896,0.0001786033220217896,0.0,0.0001786033220217896,0.0,0.0003572066440435792,0.0,0.0001786033220217896,0.0003572066440435792,0.0001786033220217896,0.0,0.0003572066440435792,0.0005358099660653688,0.0005358099660653688,0.0003572066440435792,0.0001786033220217896,0.0005358099660653688,0.0003572066440435792,0.0,0.0003572066440435792,0.0005358099660653688,0.0,0.0,0.0005358099660653688,0.0,0.0,0.0,0.0001786033220217896,0.0,0.0001786033220217896,0.21271655652795143,0.0001786033220217896,0.11359171280585818,0.0,0.0,0.0001786033220217896,0.0,0.0003572066440435792,0.0,0.6644043579210573,0.0,0.0001786033220217896,0.0,0.0001786033220217896,0.0001786033220217896,0.0001786033220217896,0.0,NC_002947.4
0.0,0.0,0.0002955956251847473,0.0,0.0,0.0002955956251847473,0.0002955956251847473,0.0,0.0,0.0,0.0002955956251847473,0.0,0.0017735737511084836,0.0002955956251847473,0.0,0.0002955956251847473,0.0002955956251847473,0.0,0.0,0.0,0.0,0.0005911912503694946,0.0,0.0002955956251847473,0.0,0.0002955956251847473,0.0005911912503694946,0.0002955956251847473,0.0,0.0,0.0,0.0002955956251847473,0.0002955956251847473,0.0008867868755542418,0.0,0.0002955956251847473,0.0,0.0005911912503694946,0.0,0.0002955956251847473,0.0,0.0002955956251847473,0.0,0.0,0.0011823825007389892,0.0,0.0,0.0002955956251847473,0.1670115282293822,0.0002955956251847473,0.17233224948270764,0.0,0.0002955956251847473,0.0,0.0,0.0002955956251847473,0.0,0.6488323972805202,0.0,0.0,0.0,0.0,0.0,0.0002955956251847473,0.0002955956251847473,NC_003047.1
0.0,0.0,0.006216006216006216,0.001554001554001554,0.0,0.0,0.0,0.0,0.0,0.0,0.004662004662004662,0.0,0.000777000777000777,0.0,0.0,0.000777000777000777,0.0,0.0,0.000777000777000777,0.000777000777000777,0.0,0.0,0.0,0.0,0.0,0.0,0.0,0.0,0.001554001554001554,0.0,0.0,0.000777000777000777,0.0,0.0,0.001554001554001554,0.0,0.0,0.0,0.0,0.0,0.000777000777000777,0.0,0.0,0.0,0.000777000777000777,0.0,0.0,0.000777000777000777,0.5050505050505051,0.0,0.24864024864024864,0.0,0.0,0.0,0.0,0.0,0.0,0.22455322455322455,0.0,0.0,0.0,0.0,0.0,0.0,0.0,NC_002978.6
0.0,0.0,0.0,0.0,0.0,0.0,0.0,0.0,0.0,0.0,0.0,0.0,0.0,0.0,0.0,0.0,0.0,0.0,0.0,0.0,0.0,0.00036900369003690036,0.0,0.0,0.0,0.0,0.0,0.0,0.0,0.0,0.0,0.00036900369003690036,0.0,0.00036900369003690036,0.0,0.0,0.0,0.0,0.0,0.0,0.0,0.0,0.0,0.0,0.0,0.0,0.0,0.0,0.2564575645756458,0.0,0.1033210332103321,0.0,0.0,0.0,0.0,0.0,0.0,0.6391143911439114,0.0,0.0,0.0,0.0,0.0,0.0,0.0,NC_003062.2
0.0007047216349541931,0.0007047216349541931,0.0007047216349541931,0.0007047216349541931,0.0,0.0,0.0014094432699083862,0.0,0.0,0.0,0.0,0.0007047216349541931,0.0,0.0,0.0007047216349541931,0.0,0.0,0.0,0.0,0.0007047216349541931,0.0,0.0,0.0,0.0,0.0,0.0,0.0,0.0,0.0,0.0,0.0,0.0007047216349541931,0.0,0.0007047216349541931,0.0007047216349541931,0.0,0.0007047216349541931,0.0,0.0,0.0,0.0,0.0,0.0007047216349541931,0.0,0.0007047216349541931,0.0,0.0007047216349541931,0.0,0.5722339675828048,0.0,0.21775898520084566,0.0,0.0007047216349541931,0.0007047216349541931,0.0,0.0,0.0,0.19661733615221988,0.0,0.0,0.0,0.0007047216349541931,0.0,0.0,0.0,NC_003103.1
0.002756086357372531,0.0,0.00045934772622875517,0.0,0.0,0.0,0.00045934772622875517,0.0,0.00045934772622875517,0.0,0.0,0.0009186954524575103,0.00045934772622875517,0.00045934772622875517,0.0,0.0,0.0009186954524575103,0.0,0.00045934772622875517,0.00045934772622875517,0.00045934772622875517,0.0,0.00045934772622875517,0.0,0.00045934772622875517,0.0,0.0009186954524575103,0.00045934772622875517,0.0009186954524575103,0.00045934772622875517,0.0009186954524575103,0.0,0.0,0.00045934772622875517,0.0,0.00045934772622875517,0.0,0.0013780431786862655,0.00045934772622875517,0.0,0.00045934772622875517,0.0,0.0,0.0009186954524575103,0.0,0.0009186954524575103,0.00045934772622875517,0.00045934772622875517,0.49747358750574183,0.0,0.10978410656867249,0.0,0.003215434083601286,0.00045934772622875517,0.0009186954524575103,0.0,0.0,0.3661001378043179,0.0,0.0,0.00045934772622875517,0.00045934772622875517,0.00045934772622875517,0.0009186954524575103,0.0009186954524575103,NC_003112.2
0.000244140625,0.000244140625,0.000244140625,0.001220703125,0.00048828125,0.000244140625,0.000244140625,0.00048828125,0.0,0.0,0.0,0.0,0.000244140625,0.001953125,0.0,0.0009765625,0.000244140625,0.0,0.00048828125,0.000244140625,0.000244140625,0.0,0.000244140625,0.0,0.000244140625,0.000244140625,0.0,0.0,0.0,0.00341796875,0.000244140625,0.001220703125,0.000244140625,0.00048828125,0.0009765625,0.000732421875,0.0,0.0,0.000244140625,0.000732421875,0.000244140625,0.000244140625,0.0,0.00048828125,0.000244140625,0.0,0.000244140625,0.00048828125,0.55859375,0.00048828125,0.139404296875,0.0,0.0,0.000244140625,0.000244140625,0.0,0.0,0.280029296875,0.0,0.000244140625,0.0,0.000244140625,0.000244140625,0.000732421875,0.000732421875,NC_003143.1
0.0006454388984509467,0.0002151462994836489,0.0002151462994836489,0.0004302925989672978,0.0,0.0,0.0002151462994836489,0.0002151462994836489,0.0,0.0,0.0002151462994836489,0.0006454388984509467,0.0004302925989672978,0.0,0.0,0.0012908777969018934,0.0002151462994836489,0.0004302925989672978,0.0004302925989672978,0.0002151462994836489,0.0,0.0002151462994836489,0.0002151462994836489,0.0,0.0,0.0006454388984509467,0.0004302925989672978,0.0,0.0,0.0,0.0004302925989672978,0.0004302925989672978,0.0,0.0002151462994836489,0.0002151462994836489,0.0006454388984509467,0.0002151462994836489,0.0,0.0002151462994836489,0.0,0.0,0.0004302925989672978,0.0002151462994836489,0.0002151462994836489,0.0002151462994836489,0.0002151462994836489,0.0006454388984509467,0.0002151462994836489,0.5819707401032702,0.0002151462994836489,0.09165232358003442,0.0,0.0,0.0002151462994836489,0.0002151462994836489,0.0,0.0002151462994836489,0.3117469879518072,0.0,0.0002151462994836489,0.0002151462994836489,0.0002151462994836489,0.0,0.0,0.0012908777969018934,NC_003198.1
0.00028951939779965256,0.0,0.0,0.0,0.0,0.0,0.0,0.0,0.0,0.0014475969889982628,0.0008685581933989577,0.0017371163867979154,0.0,0.00028951939779965256,0.0,0.00028951939779965256,0.00028951939779965256,0.00028951939779965256,0.00028951939779965256,0.00028951939779965256,0.00028951939779965256,0.0,0.0008685581933989577,0.0,0.0,0.0011580775911986102,0.0,0.0,0.0,0.0,0.0005790387955993051,0.00028951939779965256,0.0,0.00028951939779965256,0.0011580775911986102,0.0,0.0,0.0008685581933989577,0.0,0.00028951939779965256,0.0,0.0,0.0,0.0,0.0,0.0008685581933989577,0.0005790387955993051,0.0,0.1696583671105964,0.0,0.14939200926462073,0.0,0.0,0.00028951939779965256,0.0,0.00028951939779965256,0.0,0.6664736537348003,0.0,0.0,0.0,0.00028951939779965256,0.0,0.0,0.00028951939779965256,NC_003295.1
0.0,0.0,0.0,0.0,0.0,0.0,0.0004930966469428008,0.0,0.0,0.0,0.0,0.0,0.0,0.0,0.0004930966469428008,0.0004930966469428008,0.0009861932938856016,0.0,0.0,0.0,0.0,0.0,0.0,0.0004930966469428008,0.0,0.0,0.0,0.0,0.0009861932938856016,0.0,0.0,0.0004930966469428008,0.0,0.0,0.0,0.0,0.0,0.0,0.0,0.0004930966469428008,0.0,0.0009861932938856016,0.0004930966469428008,0.0,0.0,0.0004930966469428008,0.0,0.0,0.2963510848126233,0.0,0.14891518737672585,0.0,0.0,0.0,0.0,0.0009861932938856016,0.0004930966469428008,0.5453648915187377,0.0,0.0004930966469428008,0.0004930966469428008,0.0,0.0,0.0,0.0,NC_003317.1
0.0,0.0,0.00047025628967787447,0.0,0.0,0.00023512814483893723,0.00023512814483893723,0.0,0.0,0.0014107688690336232,0.0,0.0011756407241946861,0.0,0.0016458970138725606,0.00023512814483893723,0.0,0.00047025628967787447,0.00023512814483893723,0.00023512814483893723,0.0,0.0,0.00023512814483893723,0.0,0.00023512814483893723,0.00023512814483893723,0.0,0.0,0.00047025628967787447,0.0,0.0,0.00023512814483893723,0.00047025628967787447,0.00023512814483893723,0.0007053844345168116,0.00023512814483893723,0.0,0.0,0.0,0.00023512814483893723,0.00023512814483893723,0.00023512814483893723,0.00023512814483893723,0.0011756407241946861,0.00023512814483893723,0.0,0.0,0.00023512814483893723,0.00023512814483893723,0.19938866682341877,0.00023512814483893723,0.11168586879849518,0.0,0.0,0.0,0.0018810251587114979,0.0007053844345168116,0.00023512814483893723,0.6729367505290383,0.00023512814483893723,0.0,0.0,0.0,0.0,0.00023512814483893723,0.00023512814483893723,NC_003902.1
0.0002244668911335578,0.0,0.0008978675645342312,0.0006734006734006734,0.0002244668911335578,0.0,0.0,0.0,0.0,0.0,0.0,0.0,0.0002244668911335578,0.0002244668911335578,0.0002244668911335578,0.0002244668911335578,0.0002244668911335578,0.0,0.0,0.0,0.0,0.0,0.0002244668911335578,0.0002244668911335578,0.0,0.0,0.0,0.0,0.0,0.0,0.0,0.0002244668911335578,0.0,0.0,0.0,0.0002244668911335578,0.0002244668911335578,0.0,0.0002244668911335578,0.0,0.0,0.0,0.0,0.0002244668911335578,0.0,0.0,0.0,0.0004489337822671156,0.6812570145903479,0.0,0.23097643097643097,0.0,0.0,0.0,0.0004489337822671156,0.0,0.0,0.08125701459034793,0.0,0.0,0.0,0.0004489337822671156,0.0,0.0002244668911335578,0.0002244668911335578,NC_003910.7
0.0,0.0,0.0,0.0,0.0,0.0,0.0,0.00025342118601115053,0.0,0.0,0.0,0.0,0.0,0.0007602635580334517,0.0,0.0,0.0,0.00025342118601115053,0.0,0.0,0.0,0.0,0.0,0.0,0.0,0.00025342118601115053,0.0,0.0,0.0,0.00025342118601115053,0.0,0.00025342118601115053,0.0,0.00025342118601115053,0.0,0.00025342118601115053,0.0,0.0,0.0,0.0,0.0,0.0,0.0,0.0,0.0,0.0,0.0,0.0,0.16193613786112518,0.0,0.13710086163203244,0.0,0.00025342118601115053,0.0,0.0,0.0,0.0,0.6981753674607197,0.0,0.0,0.0,0.0,0.0,0.0,0.0,NC_003911.12
0.0010911074740861974,0.0,0.0,0.0005455537370430987,0.0,0.0,0.0,0.0,0.0,0.0,0.0,0.0,0.0,0.0,0.0,0.0,0.0,0.0,0.0,0.0,0.0,0.0,0.0,0.0,0.0,0.0,0.0,0.0,0.0,0.0,0.0,0.0,0.0,0.0,0.0,0.0,0.0,0.0,0.0,0.0,0.0,0.0,0.0,0.0,0.0,0.0,0.0,0.0,0.6421167484997272,0.0,0.09983633387888707,0.0,0.0,0.0,0.0,0.0,0.0,0.2564102564102564,0.0,0.0,0.0,0.0,0.0,0.0,0.0,NC_003912.7
0.0007447864945382324,0.00024826216484607745,0.00024826216484607745,0.0012413108242303873,0.00024826216484607745,0.00024826216484607745,0.00024826216484607745,0.0004965243296921549,0.0,0.0,0.0,0.0004965243296921549,0.0004965243296921549,0.001737835153922542,0.00024826216484607745,0.0009930486593843098,0.00024826216484607745,0.0,0.0004965243296921549,0.0004965243296921549,0.00024826216484607745,0.0,0.0,0.0,0.0004965243296921549,0.0,0.0,0.0,0.0,0.003972194637537239,0.0,0.001737835153922542,0.00024826216484607745,0.00024826216484607745,0.0009930486593843098,0.0009930486593843098,0.00024826216484607745,0.0,0.00024826216484607745,0.0004965243296921549,0.00024826216484607745,0.0,0.0,0.0004965243296921549,0.0,0.0,0.0,0.0004965243296921549,0.5571002979145978,0.0004965243296921549,0.1420059582919563,0.0,0.0,0.0,0.00024826216484607745,0.0,0.0,0.2785501489572989,0.0,0.0004965243296921549,0.0,0.00024826216484607745,0.0,0.00024826216484607745,0.0004965243296921549,NC_004088.1
0.00015862944162436547,0.0,0.0,0.0,0.0,0.00015862944162436547,0.0,0.0,0.0,0.0,0.00015862944162436547,0.0,0.0,0.0,0.0,0.00031725888324873094,0.0,0.0,0.00047588832487309646,0.00015862944162436547,0.0,0.00015862944162436547,0.0,0.0,0.0,0.0,0.0,0.0,0.0,0.0,0.00031725888324873094,0.00031725888324873094,0.00015862944162436547,0.0,0.0,0.00015862944162436547,0.0,0.00015862944162436547,0.00015862944162436547,0.0,0.0,0.00015862944162436547,0.0,0.0,0.0,0.0,0.0,0.0,0.22826776649746192,0.0,0.1327728426395939,0.0,0.0,0.0,0.0,0.0,0.0,0.6353109137055838,0.0,0.0,0.0,0.00015862944162436547,0.0,0.00047588832487309646,0.0,NC_004129.6
0.0,0.0,0.0,0.0,0.0,0.0,0.0010005002501250625,0.0,0.0,0.0,0.0,0.0,0.0,0.0005002501250625312,0.0,0.0005002501250625312,0.0005002501250625312,0.0005002501250625312,0.0,0.0,0.0,0.0005002501250625312,0.0,0.0005002501250625312,0.0,0.0,0.0,0.0,0.0005002501250625312,0.0,0.0,0.0005002501250625312,0.0005002501250625312,0.0,0.0,0.0,0.0,0.0,0.0,0.0005002501250625312,0.0,0.0015007503751875938,0.0,0.0,0.0,0.0010005002501250625,0.0,0.0,0.3021510755377689,0.0,0.1425712856428214,0.0,0.0,0.0,0.0,0.0005002501250625312,0.0,0.545272636318159,0.0,0.0005002501250625312,0.0005002501250625312,0.0,0.0,0.0,0.0,NC_004310.3
0.0,0.0,0.0,0.0,0.0,0.0,0.0,0.0,0.0,0.0,0.0,0.0,0.0,0.0,0.0003291639236339697,0.0003291639236339697,0.0,0.0,0.0,0.0,0.0,0.0,0.0,0.0003291639236339697,0.0003291639236339697,0.0,0.0,0.0006583278472679394,0.0,0.0,0.0,0.0006583278472679394,0.0003291639236339697,0.0,0.0,0.0003291639236339697,0.0,0.0,0.0003291639236339697,0.0,0.0,0.0,0.0,0.0,0.0003291639236339697,0.0,0.0,0.0006583278472679394,0.6369321922317314,0.0,0.19387755102040816,0.0,0.002304147465437788,0.0,0.0,0.0,0.0,0.15997366688610928,0.0,0.0013166556945358788,0.0,0.0003291639236339697,0.0,0.0,0.0006583278472679394,NC_004459.3
0.00011782726522917403,0.00011782726522917403,0.0004713090609166961,0.0,0.0,0.00023565453045834805,0.0014139271827500884,0.0,0.0,0.0,0.0,0.0,0.0,0.0003534817956875221,0.0003534817956875221,0.0,0.0004713090609166961,0.0003534817956875221,0.0003534817956875221,0.0,0.00023565453045834805,0.00023565453045834805,0.00023565453045834805,0.00011782726522917403,0.00011782726522917403,0.0009426181218333922,0.00011782726522917403,0.00023565453045834805,0.0,0.00023565453045834805,0.00011782726522917403,0.0008247908566042182,0.00011782726522917403,0.0009426181218333922,0.00023565453045834805,0.00011782726522917403,0.00011782726522917403,0.0004713090609166961,0.0004713090609166961,0.00011782726522917403,0.00011782726522917403,0.0003534817956875221,0.00023565453045834805,0.00011782726522917403,0.00011782726522917403,0.0,0.00023565453045834805,0.0,0.15942028985507245,0.0003534817956875221,0.2725344644750795,0.0,0.00011782726522917403,0.0,0.0,0.0004713090609166961,0.00011782726522917403,0.5543772829032638,0.00023565453045834805,0.00011782726522917403,0.0,0.0,0.00023565453045834805,0.0004713090609166961,0.00011782726522917403,NC_004463.1
0.00022426553038797938,0.0,0.0,0.0,0.0,0.0,0.00022426553038797938,0.0,0.0,0.00022426553038797938,0.0,0.0,0.00022426553038797938,0.00022426553038797938,0.00022426553038797938,0.0,0.0,0.00022426553038797938,0.0,0.00022426553038797938,0.0,0.0,0.0,0.0,0.00022426553038797938,0.0,0.00022426553038797938,0.0,0.00022426553038797938,0.0,0.0006727965911639381,0.00022426553038797938,0.00022426553038797938,0.00022426553038797938,0.0,0.0,0.0,0.0,0.0,0.0,0.00022426553038797938,0.00022426553038797938,0.0,0.0,0.0,0.0,0.0,0.0,0.5521417358152052,0.0,0.13769903565821934,0.0,0.0,0.0,0.0,0.0,0.0,0.3052253868580399,0.00022426553038797938,0.00022426553038797938,0.0,0.0,0.0,0.0,0.00022426553038797938,NC_004547.2
0.0,0.0004576659038901602,0.0,0.0,0.0,0.0004576659038901602,0.0,0.0,0.0,0.0004576659038901602,0.0,0.0,0.0,0.0,0.0,0.0,0.0,0.0004576659038901602,0.0004576659038901602,0.0,0.0,0.0,0.0004576659038901602,0.0,0.0,0.0004576659038901602,0.0004576659038901602,0.0,0.0,0.0,0.0004576659038901602,0.0004576659038901602,0.0,0.0,0.0004576659038901602,0.0004576659038901602,0.0,0.0,0.0,0.0,0.0,0.0004576659038901602,0.0004576659038901602,0.0,0.0,0.0,0.0004576659038901602,0.0,0.2988558352402746,0.0,0.11716247139588101,0.0,0.0,0.0,0.0,0.0,0.0,0.5752860411899313,0.0,0.0004576659038901602,0.0,0.0,0.0,0.0013729977116704805,0.0,NC_004556.1
0.0003414134516899966,0.0,0.0,0.0,0.0,0.0,0.0,0.0,0.0,0.0,0.0,0.0,0.0,0.0,0.0,0.0006828269033799932,0.0,0.0,0.0,0.0,0.0,0.0,0.0,0.0,0.0,0.0,0.0,0.0,0.0,0.0,0.0,0.0003414134516899966,0.0,0.0,0.0,0.0,0.0003414134516899966,0.0,0.0003414134516899966,0.0,0.0,0.0,0.0,0.0003414134516899966,0.0,0.0,0.0,0.0006828269033799932,0.7029702970297029,0.0,0.1700238989416183,0.0,0.0,0.0,0.0,0.0,0.0,0.12290884260839877,0.0,0.0,0.0003414134516899966,0.0,0.0003414134516899966,0.0003414134516899966,0.0,NC_004603.1
0.0006527415143603133,0.0002175805047867711,0.0002175805047867711,0.0002175805047867711,0.0,0.0,0.0002175805047867711,0.0002175805047867711,0.0,0.0002175805047867711,0.0002175805047867711,0.0006527415143603133,0.0004351610095735422,0.0,0.0,0.0008703220191470844,0.0002175805047867711,0.0004351610095735422,0.0004351610095735422,0.0002175805047867711,0.0,0.0002175805047867711,0.0002175805047867711,0.0,0.0,0.0006527415143603133,0.0004351610095735422,0.0,0.0,0.0,0.0004351610095735422,0.0004351610095735422,0.0,0.0002175805047867711,0.0002175805047867711,0.0006527415143603133,0.0002175805047867711,0.0,0.0002175805047867711,0.0,0.0,0.0004351610095735422,0.0002175805047867711,0.0004351610095735422,0.0002175805047867711,0.0002175805047867711,0.0006527415143603133,0.0,0.5861618798955613,0.0002175805047867711,0.0911662315056571,0.0,0.0,0.0002175805047867711,0.0002175805047867711,0.0,0.0,0.30852915578764145,0.0,0.0002175805047867711,0.0002175805047867711,0.0002175805047867711,0.0,0.0,0.0013054830287206266,NC_004631.1
0.0003827018752391887,0.0003827018752391887,0.0003827018752391887,0.0003827018752391887,0.0,0.0,0.0003827018752391887,0.0,0.0003827018752391887,0.0,0.0,0.0003827018752391887,0.0,0.0003827018752391887,0.0003827018752391887,0.0003827018752391887,0.0,0.0026789131266743206,0.0007654037504783774,0.0,0.0,0.0,0.0,0.0,0.0,0.0,0.0,0.0003827018752391887,0.0003827018752391887,0.0,0.0003827018752391887,0.0003827018752391887,0.0,0.0,0.0003827018752391887,0.0007654037504783774,0.0003827018752391887,0.0003827018752391887,0.0,0.0,0.0007654037504783774,0.0,0.0,0.0003827018752391887,0.0,0.0,0.004592422502870264,0.0003827018752391887,0.3275928052047455,0.0,0.12782242632988902,0.0,0.0003827018752391887,0.0,0.0,0.0,0.0,0.5265977803291236,0.0003827018752391887,0.0003827018752391887,0.0,0.0,0.0,0.0,0.0,NC_004757.1
0.0,0.0,0.0,0.0,0.0,0.0,0.0,0.0,0.003121748178980229,0.0,0.0,0.0,0.008324661810613945,0.0,0.0,0.0,0.0,0.0,0.0,0.0,0.0,0.0,0.0,0.0,0.0,0.0,0.0,0.0,0.0,0.0,0.001040582726326743,0.001040582726326743,0.0,0.0,0.004162330905306972,0.001040582726326743,0.0,0.001040582726326743,0.0,0.002081165452653486,0.0,0.0,0.0,0.001040582726326743,0.0,0.0,0.001040582726326743,0.0,0.24557752341311134,0.0,0.4869927159209157,0.0,0.0,0.0,0.0,0.0,0.0,0.24141519250780438,0.0,0.0,0.0,0.001040582726326743,0.001040582726326743,0.0,0.0,NC_004842.2
0.0,0.0,0.0,0.0,0.0,0.0,0.0,0.0,0.0,0.0,0.0,0.0,0.0,0.0,0.0,0.0011068068622025456,0.0,0.0,0.0,0.0,0.0005534034311012728,0.0,0.0,0.0,0.0,0.0,0.0,0.0,0.0,0.0,0.0,0.0,0.0,0.0,0.0,0.0,0.0,0.0,0.0,0.0,0.0,0.0,0.0,0.0,0.0,0.0,0.0005534034311012728,0.0005534034311012728,0.6037631433314886,0.0,0.2080796900940786,0.0,0.0,0.0,0.0,0.0,0.0,0.1853901494189264,0.0,0.0,0.0,0.0,0.0,0.0,0.0,NC_004917.1
0.0,0.0,0.00022904260192395785,0.0,0.0,0.00022904260192395785,0.00022904260192395785,0.0,0.0,0.0,0.00022904260192395785,0.0011452130096197893,0.0,0.0,0.0004580852038479157,0.00022904260192395785,0.00022904260192395785,0.0,0.00022904260192395785,0.00022904260192395785,0.0,0.0,0.0,0.0,0.0,0.0,0.0,0.0,0.0,0.0,0.00022904260192395785,0.00022904260192395785,0.0004580852038479157,0.0009161704076958314,0.0,0.0004580852038479157,0.0,0.0,0.00022904260192395785,0.0,0.0,0.0,0.0,0.0,0.0,0.00022904260192395785,0.0,0.0,0.2347686669720568,0.00022904260192395785,0.12459917544663307,0.0,0.0,0.0,0.00022904260192395785,0.0,0.0,0.6335318369216675,0.0,0.00022904260192395785,0.0,0.0,0.0,0.00022904260192395785,0.0,NC_005085.1
0.0,0.0,0.0,0.0,0.0,0.0,0.0,0.0,0.0,0.0,0.0,0.0,0.0,0.0,0.0,0.0,0.0,0.0,0.0,0.0,0.0,0.0,0.0,0.0,0.0,0.0,0.0,0.0,0.00048262548262548264,0.0,0.0,0.00048262548262548264,0.0,0.00048262548262548264,0.00048262548262548264,0.0,0.0,0.00048262548262548264,0.00048262548262548264,0.0,0.0,0.0,0.0,0.0,0.0009652509652509653,0.0,0.0,0.0,0.4247104247104247,0.0,0.26158301158301156,0.0,0.0,0.0,0.0,0.0,0.0,0.30984555984555984,0.0,0.0,0.0,0.0,0.0,0.0,0.0,NC_005090.1
0.0,0.0,0.0,0.0,0.0,0.0,0.0,0.0,0.0,0.0,0.0,0.0,0.0,0.0,0.0,0.0,0.0,0.0,0.0,0.0,0.0,0.0,0.0,0.0,0.0,0.0,0.0,0.0003219575016097875,0.0,0.0,0.0,0.000643915003219575,0.0,0.0,0.0,0.0,0.0,0.000643915003219575,0.0,0.0,0.0,0.0,0.0,0.0003219575016097875,0.0,0.0,0.0,0.0003219575016097875,0.6406954282034771,0.0003219575016097875,0.19156471345782355,0.0,0.0009658725048293626,0.000643915003219575,0.0003219575016097875,0.0003219575016097875,0.0003219575016097875,0.1622665808113329,0.0,0.0,0.0,0.0,0.0003219575016097875,0.0,0.0,NC_005139.1
0.0,0.00020177562550443906,0.00020177562550443906,0.0,0.0,0.0,0.0,0.0,0.0,0.0,0.0,0.0,0.0,0.0,0.0,0.0,0.0,0.0,0.00020177562550443906,0.0,0.0,0.00020177562550443906,0.00020177562550443906,0.00020177562550443906,0.0,0.0,0.0,0.0,0.0,0.0,0.0,0.00020177562550443906,0.0,0.0,0.00020177562550443906,0.00020177562550443906,0.0,0.0004035512510088781,0.0004035512510088781,0.0,0.0,0.0004035512510088781,0.0,0.0,0.0,0.0,0.00020177562550443906,0.0,0.2205407586763519,0.00020177562550443906,0.17574656981436643,0.0,0.0,0.0,0.0,0.00020177562550443906,0.0,0.5992736077481841,0.0,0.00020177562550443906,0.0,0.0,0.0006053268765133172,0.0,0.0,NC_005296.1
0.0,0.0,0.0,0.0,0.0,0.0,0.0,0.0,0.0,0.0,0.0,0.0,0.0,0.0,0.0,0.0,0.0,0.0,0.0,0.0,0.0,0.0,0.0,0.0,0.0,0.0,0.0,0.0,0.0,0.0,0.0,0.0,0.0,0.0,0.0,0.0,0.0,0.0,0.00028153153153153153,0.00028153153153153153,0.0,0.0,0.0,0.0,0.00028153153153153153,0.0,0.0,0.0,0.5154842342342343,0.0,0.29617117117117114,0.0,0.00028153153153153153,0.0,0.0,0.0,0.0,0.18693693693693694,0.0,0.0,0.0,0.0,0.0,0.0,0.00028153153153153153,NC_005363.1
0.00030731407498463427,0.0,0.0,0.0006146281499692685,0.0015365703749231714,0.00030731407498463427,0.0,0.0,0.0,0.0,0.0,0.0,0.0,0.0,0.0,0.0,0.0,0.0,0.00030731407498463427,0.0,0.00030731407498463427,0.0,0.0,0.0,0.0,0.0,0.00030731407498463427,0.0,0.0,0.0,0.0,0.00030731407498463427,0.0,0.0,0.00030731407498463427,0.0,0.0,0.00030731407498463427,0.0,0.0,0.0,0.00030731407498463427,0.00030731407498463427,0.0,0.0,0.0,0.0,0.00030731407498463427,0.7363245236631838,0.0,0.10448678549477566,0.0,0.0006146281499692685,0.00030731407498463427,0.0,0.0,0.0,0.15212046711739396,0.0,0.0,0.0,0.00030731407498463427,0.00030731407498463427,0.0,0.0,NC_005966.1
0.00032927230819888045,0.00032927230819888045,0.0006585446163977609,0.0,0.0,0.0,0.0,0.00032927230819888045,0.00032927230819888045,0.00032927230819888045,0.0,0.00032927230819888045,0.0,0.0006585446163977609,0.0,0.0006585446163977609,0.0,0.0,0.0,0.0,0.0,0.0,0.0,0.0,0.0,0.0,0.00032927230819888045,0.00032927230819888045,0.0,0.0,0.0,0.00032927230819888045,0.0,0.00032927230819888045,0.0,0.00032927230819888045,0.0,0.0,0.0,0.00032927230819888045,0.00032927230819888045,0.0,0.0,0.00032927230819888045,0.00032927230819888045,0.0,0.00032927230819888045,0.0,0.4580177807046427,0.0006585446163977609,0.35495554823839315,0.0,0.0,0.0,0.0,0.0,0.0,0.17912413566019098,0.0,0.0,0.0,0.0,0.0,0.0,0.0,NC_006138.1
0.0,0.0,0.0,0.001201923076923077,0.0,0.0,0.0,0.0,0.0,0.0,0.0,0.0,0.0,0.0,0.0,0.0,0.0,0.0,0.0,0.0,0.0,0.0,0.0,0.0,0.0,0.0,0.0,0.0,0.0,0.0,0.0,0.001201923076923077,0.0,0.0,0.0,0.0,0.001201923076923077,0.0,0.0,0.0,0.0,0.0,0.0,0.0,0.0,0.0,0.0,0.0,0.6514423076923077,0.0,0.17307692307692307,0.0,0.0,0.001201923076923077,0.0,0.0,0.0,0.17067307692307693,0.0,0.0,0.0,0.0,0.0,0.0,0.0,NC_006142.1
0.00048756704046806434,0.0007313505607020966,0.00024378352023403217,0.0014627011214041932,0.00048756704046806434,0.0,0.00024378352023403217,0.00048756704046806434,0.00048756704046806434,0.0,0.0,0.00048756704046806434,0.0,0.0012189176011701609,0.0,0.0007313505607020966,0.00048756704046806434,0.0,0.00048756704046806434,0.00024378352023403217,0.00024378352023403217,0.0,0.0,0.00024378352023403217,0.00024378352023403217,0.0,0.0,0.00024378352023403217,0.00024378352023403217,0.004144319843978547,0.00024378352023403217,0.0007313505607020966,0.0,0.00048756704046806434,0.0007313505607020966,0.00024378352023403217,0.00048756704046806434,0.0,0.00024378352023403217,0.00024378352023403217,0.0,0.0,0.00024378352023403217,0.00024378352023403217,0.0,0.0,0.0,0.0,0.5504631886884447,0.00024378352023403217,0.1462701121404193,0.0,0.0,0.00048756704046806434,0.00024378352023403217,0.0,0.0,0.2835202340321794,0.0,0.0,0.0,0.0,0.0,0.00048756704046806434,0.0007313505607020966,NC_006155.1
0.0003169572107765452,0.0,0.0003169572107765452,0.0,0.0,0.0,0.0003169572107765452,0.0,0.0,0.016798732171156894,0.0,0.0,0.0,0.0009508716323296355,0.0,0.0,0.0,0.0,0.0003169572107765452,0.0,0.0,0.0003169572107765452,0.0003169572107765452,0.0,0.0,0.0006339144215530904,0.0,0.0,0.0,0.0,0.0,0.0003169572107765452,0.0,0.0003169572107765452,0.0006339144215530904,0.0003169572107765452,0.0,0.0,0.0012678288431061807,0.0,0.0,0.0,0.0,0.0009508716323296355,0.0,0.0003169572107765452,0.0,0.0003169572107765452,0.17876386687797147,0.0003169572107765452,0.10364500792393026,0.0,0.0,0.0,0.0003169572107765452,0.0,0.0003169572107765452,0.691283676703645,0.0003169572107765452,0.0,0.0,0.0,0.0003169572107765452,0.0,0.0,NC_006348.1
0.0,0.0,0.0,0.00032509752925877764,0.0,0.0,0.0,0.0,0.0,0.0,0.0,0.0,0.0,0.0,0.00032509752925877764,0.0,0.0,0.0,0.0,0.0,0.0,0.0,0.0,0.0,0.0,0.0,0.0,0.0,0.0,0.0,0.00032509752925877764,0.00032509752925877764,0.0,0.00032509752925877764,0.0,0.0,0.00032509752925877764,0.0,0.0,0.0,0.0,0.0,0.0,0.0,0.0,0.0,0.0,0.00032509752925877764,0.5633940182054616,0.0,0.18042912873862157,0.0,0.0,0.0,0.0,0.0,0.0,0.2532509752925878,0.0,0.0,0.0,0.0,0.0,0.0,0.0006501950585175553,NC_006368.1
0.0002852253280091272,0.0,0.0011409013120365088,0.002567027952082145,0.0008556759840273817,0.0,0.0,0.0002852253280091272,0.0,0.0008556759840273817,0.0,0.0,0.0002852253280091272,0.0,0.0002852253280091272,0.0005704506560182544,0.0005704506560182544,0.0,0.0002852253280091272,0.0,0.0,0.0,0.0,0.0,0.0,0.0002852253280091272,0.0,0.0,0.0002852253280091272,0.0,0.0,0.0002852253280091272,0.0,0.0008556759840273817,0.0002852253280091272,0.0002852253280091272,0.0,0.0002852253280091272,0.0,0.0002852253280091272,0.0,0.0002852253280091272,0.0,0.0011409013120365088,0.0,0.0,0.0,0.0,0.6831146605818597,0.0,0.1677124928693668,0.0,0.0,0.0,0.0002852253280091272,0.0,0.0005704506560182544,0.13377067883628066,0.0,0.0002852253280091272,0.0,0.0005704506560182544,0.0002852253280091272,0.0005704506560182544,0.0005704506560182544,NC_006370.1
0.0011465260261407934,0.0,0.00022930520522815867,0.00045861041045631735,0.0,0.0,0.00022930520522815867,0.00022930520522815867,0.0,0.0,0.0,0.00045861041045631735,0.000687915615684476,0.00022930520522815867,0.0,0.00022930520522815867,0.00045861041045631735,0.0,0.0,0.00022930520522815867,0.0,0.00045861041045631735,0.00022930520522815867,0.0,0.00022930520522815867,0.0,0.0,0.0,0.0,0.0,0.00045861041045631735,0.00045861041045631735,0.0,0.0,0.0,0.00045861041045631735,0.00022930520522815867,0.0,0.00022930520522815867,0.0,0.0,0.00022930520522815867,0.0,0.00022930520522815867,0.0,0.00022930520522815867,0.00045861041045631735,0.00045861041045631735,0.5968814492088971,0.00022930520522815867,0.0937858289383169,0.0,0.00022930520522815867,0.0,0.00045861041045631735,0.0,0.0,0.2985553772070626,0.0,0.0,0.0,0.0,0.0,0.0,0.0009172208209126347,NC_006511.1
0.0,0.0,0.00037821482602118004,0.0,0.0,0.0,0.0,0.0,0.0,0.0,0.0,0.0,0.0,0.0,0.0,0.0,0.0,0.0,0.0,0.0,0.0,0.0,0.00037821482602118004,0.0,0.0,0.0,0.0,0.0,0.0,0.0,0.0,0.00037821482602118004,0.0,0.0,0.0,0.0,0.0,0.00037821482602118004,0.0,0.0,0.0,0.0,0.0,0.0,0.00037821482602118004,0.0,0.0,0.0,0.5960665658093798,0.0,0.18116490166414523,0.0,0.0,0.0,0.00037821482602118004,0.0,0.00037821482602118004,0.2201210287443268,0.0,0.0,0.0,0.0,0.0,0.0,0.0,NC_006512.1
0.00024813895781637717,0.0004962779156327543,0.0,0.0,0.0,0.00024813895781637717,0.0,0.0,0.0,0.0,0.00024813895781637717,0.0004962779156327543,0.0,0.0,0.0012406947890818859,0.0,0.0,0.00024813895781637717,0.0004962779156327543,0.00024813895781637717,0.0,0.0,0.00024813895781637717,0.00024813895781637717,0.0,0.0007444168734491315,0.0004962779156327543,0.0,0.0,0.0004962779156327543,0.0009925558312655087,0.00024813895781637717,0.00024813895781637717,0.0007444168734491315,0.0004962779156327543,0.0,0.00024813895781637717,0.00024813895781637717,0.00024813895781637717,0.0,0.0,0.0004962779156327543,0.0,0.0,0.0,0.0004962779156327543,0.00024813895781637717,0.00024813895781637717,0.1270471464019851,0.0,0.11935483870967742,0.0,0.0007444168734491315,0.0,0.0004962779156327543,0.00024813895781637717,0.0,0.7384615384615385,0.0004962779156327543,0.0,0.0007444168734491315,0.0,0.0004962779156327543,0.0004962779156327543,0.00024813895781637717,NC_006513.1
0.0,0.0,0.0005698005698005698,0.0,0.0,0.0,0.0,0.0,0.0,0.0,0.0,0.0,0.0,0.0005698005698005698,0.0,0.0,0.0,0.0,0.0005698005698005698,0.0,0.0,0.0,0.0,0.0,0.0,0.0,0.0,0.0,0.0,0.0005698005698005698,0.0,0.0,0.0005698005698005698,0.0,0.0,0.0011396011396011395,0.0,0.0005698005698005698,0.0,0.0,0.0,0.0,0.0,0.0,0.0,0.0,0.0005698005698005698,0.0,0.584045584045584,0.0,0.1544159544159544,0.0,0.0,0.0,0.0,0.0,0.0,0.25584045584045584,0.0,0.0,0.0,0.0005698005698005698,0.0,0.0,0.0,NC_006526.2
0.0,0.0,0.0,0.0005224660397074191,0.0,0.0,0.0,0.0,0.0,0.0,0.0,0.0,0.0,0.0,0.0,0.0005224660397074191,0.0005224660397074191,0.0,0.0,0.0,0.0,0.0,0.0,0.0,0.0,0.0,0.0,0.0,0.0,0.0,0.0,0.0005224660397074191,0.0,0.0,0.0,0.0010449320794148381,0.0,0.0,0.0,0.0,0.0,0.0,0.0,0.0,0.0,0.0005224660397074191,0.0,0.0,0.6065830721003135,0.0,0.26541274817136884,0.0,0.0,0.0,0.0,0.0,0.0,0.0987460815047022,0.0,0.0,0.0,0.025078369905956112,0.0,0.0,0.0005224660397074191,NC_006570.2
0.0,0.0007895775759968417,0.0,0.0,0.0,0.0,0.0,0.0,0.0,0.0,0.0,0.0,0.0,0.0,0.0,0.0007895775759968417,0.0,0.0,0.0,0.00039478878799842083,0.0,0.0,0.00039478878799842083,0.0,0.0,0.0,0.0,0.0,0.0,0.00039478878799842083,0.00039478878799842083,0.0007895775759968417,0.0,0.0007895775759968417,0.0,0.00039478878799842083,0.0,0.0,0.0,0.0,0.0,0.00039478878799842083,0.0031583103039873666,0.0,0.0,0.0,0.00039478878799842083,0.0,0.19818397157520726,0.0,0.07145677062771418,0.0,0.0,0.0,0.0,0.0,0.0,0.7200947493091197,0.0,0.0,0.0007895775759968417,0.0,0.0,0.0,0.00039478878799842083,NC_006677.1
0.0031645569620253164,0.0,0.0,0.002109704641350211,0.0,0.0,0.0,0.0,0.0,0.0,0.0,0.0,0.0010548523206751054,0.0,0.0,0.0010548523206751054,0.0,0.0,0.0,0.0,0.0,0.0,0.0,0.0,0.0,0.0,0.0,0.0,0.0,0.0,0.0,0.0010548523206751054,0.002109704641350211,0.0,0.0,0.0,0.0,0.0,0.0,0.0,0.0,0.0,0.0,0.0,0.0,0.0,0.0,0.0,0.6213080168776371,0.0,0.2552742616033755,0.0,0.0,0.0,0.0,0.0,0.0,0.11075949367088607,0.0,0.0,0.0,0.0,0.0,0.0,0.002109704641350211,NC_006831.1
0.0,0.0,0.0,0.0,0.0,0.0,0.0,0.0,0.0,0.0,0.0,0.0,0.0,0.0,0.0,0.0,0.0,0.0,0.0,0.0,0.0,0.0,0.00038880248833592535,0.0,0.0,0.0,0.0,0.0,0.0,0.0,0.0,0.00038880248833592535,0.0,0.0,0.0,0.0,0.00038880248833592535,0.0,0.0,0.0,0.0,0.0,0.0,0.0,0.0,0.0,0.0,0.0,0.7620528771384136,0.0,0.1500777604976672,0.0,0.0,0.00038880248833592535,0.0,0.0,0.0,0.08631415241057543,0.0,0.0,0.0,0.0,0.0,0.0,0.0,NC_006840.2
0.0009828009828009828,0.0,0.0,0.0,0.0,0.0,0.0004914004914004914,0.0,0.0,0.0,0.0,0.0,0.0,0.0,0.0,0.0004914004914004914,0.0004914004914004914,0.0,0.0004914004914004914,0.0,0.0,0.0,0.0,0.0004914004914004914,0.0,0.0,0.0,0.0,0.0004914004914004914,0.0,0.0,0.0009828009828009828,0.0004914004914004914,0.0,0.0,0.0,0.0,0.0,0.0009828009828009828,0.0004914004914004914,0.0,0.0009828009828009828,0.0,0.0,0.0,0.0004914004914004914,0.0,0.0,0.29484029484029484,0.0,0.14496314496314497,0.0,0.0,0.0,0.0,0.0004914004914004914,0.0004914004914004914,0.5498771498771499,0.0,0.0004914004914004914,0.0004914004914004914,0.0,0.0,0.0,0.0,NC_006932.1
0.0005798221878623889,0.00019327406262079628,0.00019327406262079628,0.00019327406262079628,0.0,0.0007730962504831851,0.0,0.0,0.0,0.0,0.0,0.0,0.0,0.0011596443757247777,0.0005798221878623889,0.00019327406262079628,0.0,0.0,0.00019327406262079628,0.0,0.0,0.0,0.0,0.0,0.00038654812524159255,0.0,0.00019327406262079628,0.0,0.0,0.00019327406262079628,0.00038654812524159255,0.00019327406262079628,0.0,0.0,0.0,0.00019327406262079628,0.00038654812524159255,0.0,0.00019327406262079628,0.00019327406262079628,0.0,0.00019327406262079628,0.00019327406262079628,0.0,0.00019327406262079628,0.00038654812524159255,0.0,0.0,0.23772709702357944,0.0,0.11229223038268264,0.0,0.0,0.0,0.0005798221878623889,0.0,0.0,0.6410900657131813,0.0,0.00019327406262079628,0.0,0.0,0.00038654812524159255,0.00038654812524159255,0.0,NC_007005.1
0.0,0.0,0.00046382189239332097,0.00023191094619666049,0.00023191094619666049,0.00023191094619666049,0.00023191094619666049,0.0,0.0,0.0013914656771799629,0.0,0.0006957328385899814,0.0,0.0013914656771799629,0.00023191094619666049,0.0,0.0006957328385899814,0.00023191094619666049,0.00023191094619666049,0.0,0.00023191094619666049,0.0,0.00023191094619666049,0.00023191094619666049,0.0,0.0,0.00023191094619666049,0.00046382189239332097,0.0,0.0,0.0006957328385899814,0.00046382189239332097,0.00023191094619666049,0.00046382189239332097,0.0006957328385899814,0.0,0.0,0.0,0.00023191094619666049,0.00023191094619666049,0.0,0.00046382189239332097,0.0016233766233766235,0.00023191094619666049,0.0,0.00023191094619666049,0.00023191094619666049,0.00023191094619666049,0.1971243042671614,0.00023191094619666049,0.11363636363636363,0.0,0.0,0.0,0.0016233766233766235,0.00023191094619666049,0.00023191094619666049,0.6725417439703154,0.00023191094619666049,0.0,0.0,0.0,0.0,0.00023191094619666049,0.00023191094619666049,NC_007086.1
0.00045454545454545455,0.0,0.00045454545454545455,0.0009090909090909091,0.0,0.0,0.00045454545454545455,0.0,0.0,0.0,0.0,0.0,0.0009090909090909091,0.0,0.00045454545454545455,0.00045454545454545455,0.00045454545454545455,0.0,0.0,0.0,0.0,0.0,0.0,0.0,0.0,0.0,0.00045454545454545455,0.0,0.0,0.0,0.0,0.0009090909090909091,0.00045454545454545455,0.00045454545454545455,0.00045454545454545455,0.0,0.0,0.0,0.0,0.0,0.0,0.0,0.00045454545454545455,0.0,0.00045454545454545455,0.0,0.00045454545454545455,0.0,0.6518181818181819,0.00045454545454545455,0.2081818181818182,0.0,0.0018181818181818182,0.0009090909090909091,0.0009090909090909091,0.00045454545454545455,0.0,0.12454545454545454,0.0,0.0,0.0013636363636363637,0.00045454545454545455,0.0,0.00045454545454545455,0.0,NC_007204.1
0.0,0.0,0.0,0.0,0.0007429420505200594,0.0,0.0,0.0,0.0007429420505200594,0.0,0.0,0.0,0.0,0.0,0.0,0.0,0.0,0.0,0.0,0.0,0.0,0.0,0.0,0.0,0.0,0.0,0.0,0.0,0.0,0.0,0.0,0.0,0.0007429420505200594,0.0,0.0,0.0,0.0,0.0,0.0,0.0,0.0,0.0,0.0,0.0,0.0,0.0,0.0,0.0,0.7548291233283804,0.0,0.13967310549777118,0.0,0.0,0.0,0.0,0.0,0.0,0.10326894502228826,0.0,0.0,0.0,0.0,0.0,0.0,0.0,NC_007205.1
0.0010515247108307045,0.0,0.0010515247108307045,0.0,0.0,0.0,0.0,0.0010515247108307045,0.0,0.0,0.0,0.0,0.0,0.0,0.0,0.0010515247108307045,0.0,0.0,0.0,0.0,0.0,0.0,0.0,0.0,0.0,0.0,0.0,0.0,0.0,0.0,0.0,0.0010515247108307045,0.0,0.0,0.0,0.0,0.0,0.0,0.0,0.0,0.0,0.0,0.0,0.0,0.0,0.0,0.0,0.0,0.6403785488958991,0.0,0.21661409043112514,0.0,0.0,0.0,0.0,0.0,0.0,0.1366982124079916,0.0,0.0,0.0,0.0010515247108307045,0.0,0.0,0.0,NC_007354.1
0.0010557432432432433,0.0014780405405405406,0.0008445945945945946,0.0008445945945945946,0.0,0.0004222972972972973,0.0004222972972972973,0.03505067567567568,0.0,0.00021114864864864866,0.00021114864864864866,0.0004222972972972973,0.0010557432432432433,0.0004222972972972973,0.001900337837837838,0.002533783783783784,0.0004222972972972973,0.0004222972972972973,0.0004222972972972973,0.00021114864864864866,0.00021114864864864866,0.00021114864864864866,0.0,0.00021114864864864866,0.0,0.0010557432432432433,0.000633445945945946,0.00021114864864864866,0.000633445945945946,0.0,0.0023226351351351353,0.0021114864864864866,0.001900337837837838,0.000633445945945946,0.000633445945945946,0.0010557432432432433,0.0023226351351351353,0.000633445945945946,0.0008445945945945946,0.001266891891891892,0.00021114864864864866,0.0008445945945945946,0.008023648648648648,0.0014780405405405406,0.001266891891891892,0.000633445945945946,0.0033783783783783786,0.000633445945945946,0.5707347972972973,0.00021114864864864866,0.06672297297297297,0.0,0.012246621621621621,0.00021114864864864866,0.0,0.0,0.00021114864864864866,0.26478040540540543,0.00021114864864864866,0.0004222972972972973,0.00021114864864864866,0.000633445945945946,0.0,0.0004222972972972973,0.001266891891891892,NC_007384.1
0.0,0.0,0.00035298270384751147,0.0,0.0,0.0,0.0,0.0,0.0,0.0,0.0,0.00035298270384751147,0.0,0.00035298270384751147,0.00035298270384751147,0.0,0.0,0.0,0.00035298270384751147,0.0,0.0,0.0,0.0,0.0,0.0,0.0,0.00035298270384751147,0.0,0.0,0.0,0.0,0.00035298270384751147,0.0,0.00035298270384751147,0.0,0.0,0.0,0.0,0.0014119308153900459,0.0,0.0,0.0,0.0,0.0,0.0,0.0,0.0,0.0,0.17684433462760324,0.00035298270384751147,0.16166607836216026,0.0,0.0,0.0,0.0,0.0,0.0,0.6569008118602189,0.0,0.0,0.0,0.0,0.0,0.0,0.0,NC_007404.1
0.0,0.00031735956839098697,0.0006347191367819739,0.0,0.005395112662646779,0.00031735956839098697,0.0,0.0,0.00031735956839098697,0.0,0.0,0.0,0.0,0.00031735956839098697,0.0006347191367819739,0.0006347191367819739,0.0,0.0,0.0,0.000952078705172961,0.000952078705172961,0.00031735956839098697,0.00031735956839098697,0.0,0.00031735956839098697,0.0006347191367819739,0.0,0.0,0.00031735956839098697,0.0,0.0,0.0006347191367819739,0.0,0.000952078705172961,0.00031735956839098697,0.0006347191367819739,0.000952078705172961,0.0,0.00031735956839098697,0.0,0.003808314820691844,0.00031735956839098697,0.0,0.0,0.0,0.0,0.00031735956839098697,0.0,0.17010472865756904,0.0012694382735639479,0.21866074262139004,0.0,0.0,0.0,0.0,0.0,0.0,0.5823548079974611,0.0031735956839098697,0.0,0.0,0.0,0.003490955252300857,0.00031735956839098697,0.0,NC_007406.1
0.0,0.0,0.0,0.0,0.0,0.0,0.001083717149823896,0.000541858574911948,0.0,0.00135464643727987,0.000270929287455974,0.0,0.0,0.000270929287455974,0.000270929287455974,0.0,0.0,0.0,0.0,0.0,0.0,0.0,0.0,0.0,0.000270929287455974,0.000270929287455974,0.000270929287455974,0.000270929287455974,0.0,0.0,0.000270929287455974,0.000270929287455974,0.0,0.000270929287455974,0.0,0.000270929287455974,0.0,0.0,0.000541858574911948,0.0,0.0,0.000270929287455974,0.000270929287455974,0.000541858574911948,0.0,0.0,0.0,0.000270929287455974,0.18612842048225414,0.000541858574911948,0.11189379571931726,0.0,0.000270929287455974,0.0,0.0,0.0,0.0,0.6930371173123815,0.0,0.0,0.0,0.0,0.000270929287455974,0.0,0.0,NC_007434.1
0.0,0.0,0.0,0.0,0.0,0.0,0.0,0.0,0.000351000351000351,0.0,0.0,0.0,0.0,0.0,0.0,0.0,0.0,0.0,0.0,0.0,0.0,0.0,0.0,0.0,0.0,0.0,0.0,0.0,0.0,0.0,0.0,0.000351000351000351,0.000351000351000351,0.0,0.0,0.0,0.0,0.0,0.0,0.0,0.0,0.0,0.0,0.0,0.0,0.0,0.0,0.000351000351000351,0.7574587574587575,0.0,0.14917514917514918,0.0,0.0,0.0,0.0,0.0,0.0,0.09161109161109161,0.000351000351000351,0.0,0.0,0.0,0.0,0.0,0.0,NC_007481.1
0.0003104625892579944,0.0,0.0,0.0,0.0003104625892579944,0.0,0.0,0.0,0.0003104625892579944,0.0003104625892579944,0.0,0.0003104625892579944,0.0,0.0003104625892579944,0.0,0.0,0.0,0.0,0.0,0.0,0.0,0.0,0.0,0.0,0.0,0.0,0.0,0.0,0.0003104625892579944,0.0003104625892579944,0.0,0.0003104625892579944,0.0003104625892579944,0.0,0.0,0.0,0.0003104625892579944,0.0,0.0003104625892579944,0.0,0.0,0.0,0.0,0.0003104625892579944,0.0,0.0006209251785159888,0.0,0.0,0.47190313567215153,0.0003104625892579944,0.24526544551381557,0.0,0.0009313877677739833,0.0,0.0,0.0,0.0,0.27693262961813103,0.0,0.0,0.0,0.0,0.0,0.0,0.0,NC_007484.1
0.0,0.0003266906239790918,0.0,0.0,0.0,0.0,0.0,0.0,0.0,0.0003266906239790918,0.0,0.0,0.0,0.0,0.0,0.0,0.0,0.0003266906239790918,0.0,0.0,0.0,0.0,0.0,0.0,0.0,0.0,0.0,0.0,0.0,0.0003266906239790918,0.0,0.0,0.0,0.0,0.0006533812479581836,0.0,0.0,0.0003266906239790918,0.0,0.0,0.0,0.0006533812479581836,0.0,0.0,0.0,0.0,0.0,0.0,0.06599150604377654,0.0,0.06991179353152564,0.0,0.0,0.0,0.0,0.0,0.0,0.861156484808886,0.0,0.0,0.0,0.0,0.0,0.0,0.0,NC_007493.2
0.0,0.0,0.0,0.0003136762860727729,0.0,0.0,0.0003136762860727729,0.0,0.0,0.0,0.0,0.0,0.0,0.0003136762860727729,0.0,0.0,0.0,0.0,0.0,0.0,0.0003136762860727729,0.0003136762860727729,0.0,0.0,0.0,0.0,0.0003136762860727729,0.0,0.0,0.0003136762860727729,0.0003136762860727729,0.0009410288582183187,0.0,0.0006273525721455458,0.0003136762860727729,0.0,0.0,0.0003136762860727729,0.0,0.0,0.0,0.0,0.0,0.0,0.0,0.0003136762860727729,0.0,0.0003136762860727729,0.33594730238393977,0.0003136762860727729,0.16405269761606023,0.0,0.0,0.0,0.0003136762860727729,0.0,0.0,0.493099121706399,0.0,0.0003136762860727729,0.0,0.0,0.0006273525721455458,0.0,0.0,NC_007498.2
