AAA,AAC,AAG,AAT,ACA,ACC,ACG,ACT,AGA,AGC,AGG,AGT,ATA,ATC,ATG,ATT,CAA,CAG,CAT,CCA,CCC,CCG,CCT,CGA,CGC,CGG,CGT,CTA,CTC,CTG,CTT,GAA,GAC,GAG,GAT,GCA,GCC,GCG,GCT,GGA,GGC,GGG,GGT,GTA,GTC,GTG,GTT,TAC,TAT,TCA,TCC,TCG,TCT,TGC,TGG,TGT,TTA,TTC,TTG,TTT,ID
0.0,0.0,0.0,0.0003894080996884735,0.0,0.0,0.0,0.0,0.0,0.0,0.0,0.0003894080996884735,0.0003894080996884735,0.0,0.9131619937694704,0.0011682242990654205,0.0,0.0,0.0,0.0,0.0,0.0,0.0,0.0,0.0,0.0,0.0,0.0,0.0,0.0003894080996884735,0.0,0.0,0.0003894080996884735,0.0003894080996884735,0.0,0.0,0.0,0.0,0.0,0.0,0.0,0.0,0.0003894080996884735,0.0,0.0,0.04205607476635514,0.0003894080996884735,0.0,0.0,0.0,0.0,0.0003894080996884735,0.0,0.0,0.0,0.0,0.0,0.0,0.04010903426791277,0.0,NC_002967.9
0.0012285012285012285,0.0,0.0,0.0,0.0,0.0,0.0,0.0,0.0,0.0,0.0,0.0,0.002457002457002457,0.0,0.785012285012285,0.0036855036855036856,0.0,0.0,0.0,0.0,0.0,0.0,0.0,0.0,0.0,0.0,0.0,0.0,0.0,0.0,0.0,0.0,0.0012285012285012285,0.0,0.0,0.0,0.0,0.0,0.0,0.0,0.0,0.0,0.0,0.0,0.0,0.07985257985257985,0.0,0.0,0.0,0.0,0.0,0.0,0.0,0.0,0.0,0.0,0.0,0.0,0.12653562653562653,0.0,NC_006156.1
0.0,0.0,0.0,0.0,0.0,0.0,0.0,0.0,0.0,0.0,0.0,0.0,0.0072992700729927005,0.0024330900243309003,0.8114355231143552,0.0036496350364963502,0.0,0.0,0.0,0.0,0.0,0.0,0.0,0.0,0.0,0.0,0.0,0.0,0.0,0.0012165450121654502,0.0,0.0,0.0,0.0,0.0,0.0,0.0,0.0,0.0,0.0,0.0,0.0,0.0,0.0,0.0,0.0681265206812652,0.0,0.0,0.0,0.0,0.0,0.0,0.0,0.0,0.0,0.0,0.0,0.0,0.10583941605839416,0.0,NC_008710.1
0.0,0.0,0.0,0.0,0.0,0.0,0.0,0.0,0.0,0.0,0.0,0.0,0.007246376811594203,0.0012077294685990338,0.7946859903381642,0.0036231884057971015,0.0,0.0,0.0,0.0,0.0,0.0,0.0,0.0,0.0,0.0,0.0,0.0,0.0,0.0012077294685990338,0.0,0.0,0.0,0.0,0.0,0.0,0.0,0.0,0.0,0.0,0.0,0.0,0.0,0.0,0.0,0.07729468599033816,0.0,0.0,0.0,0.0,0.0,0.0,0.0,0.0,0.0,0.0,0.0012077294685990338,0.0,0.11352657004830918,0.0,NC_010673.1
0.0,0.0,0.0,0.0,0.0,0.0,0.0,0.0,0.0,0.0,0.0,0.0,0.0,0.003940886699507389,0.670935960591133,0.0,0.0,0.0,0.0,0.0,0.0,0.0,0.0,0.0,0.0,0.0,0.0,0.0,0.0,0.0009852216748768472,0.0,0.0,0.0009852216748768472,0.0,0.0,0.0,0.0,0.0009852216748768472,0.0,0.0,0.0,0.0,0.0009852216748768472,0.0,0.0,0.27783251231527095,0.0,0.0,0.0,0.0,0.0,0.0,0.0,0.0,0.0,0.0,0.0,0.0,0.04334975369458128,0.0,NC_010741.1
0.0,0.0,0.0,0.0,0.0,0.0,0.0,0.0011961722488038277,0.0011961722488038277,0.0,0.0,0.0,0.013157894736842105,0.0023923444976076554,0.7942583732057417,0.01076555023923445,0.0,0.0,0.0,0.0,0.0,0.0,0.0011961722488038277,0.0,0.0,0.0,0.0,0.0,0.0,0.0,0.0,0.0,0.0,0.0011961722488038277,0.0011961722488038277,0.0011961722488038277,0.0,0.0,0.0011961722488038277,0.0011961722488038277,0.0,0.0011961722488038277,0.0,0.0,0.0,0.06818181818181818,0.0,0.0,0.0,0.0,0.0,0.0011961722488038277,0.0,0.0,0.0,0.0,0.0023923444976076554,0.0,0.09688995215311005,0.0,NC_011244.1
0.0,0.0,0.00023386342376052386,0.0,0.0,0.0,0.0,0.00023386342376052386,0.0,0.0,0.0,0.0,0.0007015902712815715,0.0018709073900841909,0.8638914873713751,0.0018709073900841909,0.0,0.0,0.0,0.0,0.0,0.0,0.0,0.0,0.0,0.0,0.0,0.0,0.00023386342376052386,0.0004677268475210477,0.0,0.00023386342376052386,0.00023386342376052386,0.0,0.0,0.0,0.0,0.0,0.0,0.00023386342376052386,0.0,0.0,0.0,0.0,0.0,0.09003741814780168,0.0,0.00023386342376052386,0.00023386342376052386,0.0,0.0,0.0,0.0,0.0,0.0,0.0,0.0,0.00023386342376052386,0.03905519176800749,0.0,NC_014364.1
0.0,0.0,0.0,0.0,0.0,0.0,0.0,0.0,0.0,0.0,0.0,0.0,0.00044543429844097997,0.0022271714922048997,0.8489977728285077,0.0,0.0,0.0,0.0,0.0,0.0,0.0,0.0,0.0,0.0,0.0,0.0,0.0,0.0,0.0022271714922048997,0.0,0.0,0.0,0.0,0.0,0.0,0.0,0.0,0.0,0.0,0.0,0.0,0.0008908685968819599,0.0,0.0,0.12962138084632516,0.0,0.0,0.0,0.0,0.0,0.0,0.0,0.0,0.0,0.0,0.0,0.0,0.015590200445434299,0.0,NC_014484.1
0.0,0.0,0.0,0.0,0.0,0.0,0.0,0.0,0.0,0.0,0.0,0.0,0.0006591957811470006,0.0006591957811470006,0.9047462096242584,0.0003295978905735003,0.0,0.0,0.0,0.0,0.0,0.0,0.0,0.0,0.0,0.0,0.0,0.0,0.0,0.0006591957811470006,0.0,0.0,0.0003295978905735003,0.0,0.0003295978905735003,0.0,0.0,0.0,0.0,0.0,0.0,0.0,0.0,0.0,0.0,0.06262359920896507,0.0,0.0,0.0,0.0,0.0,0.0,0.0,0.0,0.0,0.0,0.0,0.0,0.02966381015161503,0.0,NC_015152.1
0.0,0.0,0.0,0.0,0.0,0.0,0.0,0.0,0.0,0.0,0.0,0.0,0.00038476337052712584,0.002308580223162755,0.8938053097345132,0.004232397075798384,0.0,0.0,0.0,0.0,0.0,0.0,0.0,0.0,0.0,0.0,0.00038476337052712584,0.0,0.0,0.0011542901115813775,0.0,0.0,0.00038476337052712584,0.00038476337052712584,0.00038476337052712584,0.0,0.0,0.0,0.0,0.0,0.0,0.0,0.0,0.0,0.0,0.04578684109272797,0.0,0.0,0.0,0.0,0.0,0.0,0.00038476337052712584,0.0,0.0,0.0,0.0,0.0,0.05040400153905348,0.0,NC_015385.1
0.0005446623093681918,0.0,0.0,0.0,0.0,0.0,0.0,0.0005446623093681918,0.0,0.0,0.0,0.0,0.0010893246187363835,0.0010893246187363835,0.9128540305010894,0.0,0.0,0.0,0.0,0.0,0.0,0.0,0.0,0.0,0.0,0.0,0.0,0.0,0.0,0.0005446623093681918,0.0,0.0,0.0005446623093681918,0.0,0.0,0.0005446623093681918,0.0,0.0,0.0005446623093681918,0.0,0.0,0.0,0.0,0.0,0.0005446623093681918,0.06209150326797386,0.0,0.0,0.0,0.0,0.0,0.0,0.0,0.0,0.0,0.0,0.0,0.0,0.01906318082788671,0.0,NC_015436.1
0.0003869969040247678,0.0,0.0,0.0,0.0,0.0,0.0,0.0,0.0,0.0,0.0,0.0,0.0011609907120743034,0.0007739938080495357,0.8943498452012384,0.0011609907120743034,0.0,0.0,0.0,0.0,0.0,0.0,0.0,0.0,0.0,0.0,0.0,0.0,0.0,0.0007739938080495357,0.0,0.0,0.0003869969040247678,0.0,0.0,0.0,0.0,0.0,0.0,0.0,0.0003869969040247678,0.0,0.0,0.0,0.0,0.06656346749226007,0.0,0.0,0.0,0.0,0.0,0.0,0.0,0.0,0.0,0.0,0.0,0.0,0.034055727554179564,0.0,NC_015500.1
0.0,0.0,0.0,0.0,0.0,0.0002941176470588235,0.0,0.0,0.0,0.0,0.0002941176470588235,0.0,0.000588235294117647,0.0026470588235294116,0.8591176470588235,0.0029411764705882353,0.0,0.0,0.0,0.0,0.0,0.0,0.0,0.0,0.0,0.0,0.0002941176470588235,0.0,0.0,0.001176470588235294,0.0002941176470588235,0.0002941176470588235,0.0,0.0,0.0,0.0,0.0,0.0,0.0,0.0,0.0,0.0,0.0,0.0,0.0,0.06852941176470588,0.0,0.0,0.0,0.0,0.0002941176470588235,0.0,0.0,0.0,0.0,0.0,0.0002941176470588235,0.0002941176470588235,0.06235294117647059,0.0002941176470588235,NC_015577.1
0.0,0.0,0.0,0.0,0.0,0.0,0.0,0.0,0.0,0.0,0.0,0.0,0.0008578781812982557,0.0014297969688304261,0.8538747497855305,0.0020017157563625965,0.0,0.0,0.0,0.00028595939376608524,0.0,0.0,0.0,0.0,0.0,0.0,0.0,0.0,0.0,0.0031455533314269373,0.00028595939376608524,0.0,0.0,0.0,0.0,0.0,0.00028595939376608524,0.0,0.0,0.0,0.00028595939376608524,0.0,0.0,0.00028595939376608524,0.00028595939376608524,0.0794967114669717,0.00028595939376608524,0.0,0.0,0.0,0.0,0.0,0.0,0.0,0.0,0.0,0.0,0.0,0.057191878753217046,0.0,NC_015578.1
0.0,0.0,0.0,0.0,0.0,0.0,0.0,0.0,0.0,0.0,0.0,0.0,0.0020869565217391303,0.0006956521739130435,0.8949565217391304,0.002434782608695652,0.0,0.0,0.0,0.0,0.0,0.0,0.00034782608695652176,0.0,0.0,0.0,0.0,0.00034782608695652176,0.0,0.0017391304347826088,0.0,0.00034782608695652176,0.00034782608695652176,0.0,0.00034782608695652176,0.00034782608695652176,0.0,0.0,0.0,0.0,0.00034782608695652176,0.00034782608695652176,0.0,0.0,0.00034782608695652176,0.06191304347826087,0.00034782608695652176,0.0,0.00034782608695652176,0.0,0.0,0.0,0.00034782608695652176,0.0,0.00034782608695652176,0.0,0.0,0.0,0.03165217391304348,0.0,NC_015732.1
0.0,0.0,0.00031318509238960227,0.0,0.0,0.0,0.0,0.0,0.0,0.0,0.0,0.0,0.0006263701847792045,0.00031318509238960227,0.9025994362668337,0.0009395552771688068,0.0,0.0,0.0,0.0,0.0,0.0,0.00031318509238960227,0.0,0.0,0.0,0.0,0.0,0.0,0.001252740369558409,0.0,0.0,0.0006263701847792045,0.0,0.0,0.0,0.0,0.0,0.0,0.0,0.0,0.0,0.0,0.0,0.0,0.05042279987472596,0.0,0.0,0.0,0.0,0.0,0.0,0.0,0.0,0.0,0.0,0.0,0.0,0.042593172564985904,0.0,NC_016633.1
0.0,0.0,0.0,0.0012330456226880395,0.0,0.0,0.0,0.0,0.0,0.0,0.0,0.0,0.006165228113440197,0.0,0.782983970406905,0.0012330456226880395,0.0,0.0,0.0,0.0,0.0,0.0,0.0,0.0,0.0,0.0,0.0,0.0,0.0,0.0012330456226880395,0.0,0.0,0.0012330456226880395,0.0,0.0,0.0,0.0,0.0,0.0,0.0,0.0,0.0,0.0,0.0,0.0,0.07891491985203453,0.0,0.0,0.0,0.0,0.0,0.0,0.0,0.0,0.0,0.0,0.0,0.0,0.12700369913686807,0.0,NC_015921.1
0.0,0.0,0.0,0.0,0.0,0.0,0.0,0.0,0.0,0.00035688793718772306,0.0,0.0,0.00035688793718772306,0.0010706638115631692,0.8911491791577445,0.0010706638115631692,0.0,0.0,0.0,0.0,0.0,0.0,0.0,0.0,0.0,0.0,0.0,0.0,0.00035688793718772306,0.00035688793718772306,0.0,0.0,0.00035688793718772306,0.00035688793718772306,0.0,0.0,0.00035688793718772306,0.0,0.0,0.0,0.0,0.0,0.0,0.0,0.0,0.08529621698786581,0.0,0.0,0.0,0.0,0.0,0.0,0.0,0.0,0.0,0.0,0.0,0.0,0.01891506067094932,0.0,NC_017098.1
0.0,0.0,0.0,0.0,0.0,0.0,0.0,0.0,0.0,0.0,0.0,0.0,0.0,0.0030303030303030303,0.6838383838383838,0.0,0.0,0.0,0.0,0.0,0.0,0.0,0.0,0.0,0.0,0.0,0.0,0.0,0.0,0.00101010101010101,0.0,0.0,0.00101010101010101,0.0,0.0,0.0,0.0,0.0,0.0,0.0,0.0,0.0,0.00101010101010101,0.00101010101010101,0.0,0.2696969696969697,0.0,0.0,0.0,0.0,0.0,0.0,0.0,0.0,0.0,0.0,0.0,0.0,0.03939393939393939,0.0,NC_017268.1
0.0,0.0,0.0,0.0,0.0,0.0,0.0,0.0,0.0,0.0,0.0,0.0,0.0012360939431396785,0.0,0.7898640296662547,0.0,0.0,0.0,0.0,0.0,0.0,0.0,0.0,0.0,0.0,0.0,0.0,0.0,0.0,0.0,0.0,0.0,0.0,0.0,0.0,0.0,0.0,0.0,0.0,0.0,0.0,0.0,0.0,0.0,0.0,0.07045735475896168,0.0,0.0,0.0,0.0,0.0,0.0,0.0,0.0,0.0,0.0,0.0,0.0,0.138442521631644,0.0,NC_017418.1
0.0,0.0,0.0,0.0,0.0,0.0,0.0,0.0,0.0,0.0,0.0,0.0004280821917808219,0.0004280821917808219,0.0029965753424657533,0.8458904109589042,0.0004280821917808219,0.0,0.0,0.0004280821917808219,0.0008561643835616438,0.0012842465753424657,0.0021404109589041095,0.0021404109589041095,0.0,0.0004280821917808219,0.0,0.0,0.0,0.0,0.0017123287671232876,0.0004280821917808219,0.0,0.0,0.0,0.0004280821917808219,0.0,0.0004280821917808219,0.0,0.0,0.0,0.0,0.0,0.0008561643835616438,0.0,0.0004280821917808219,0.12628424657534246,0.0,0.0,0.0,0.0,0.0,0.0,0.0,0.0,0.0,0.0,0.0,0.0,0.011986301369863013,0.0,NC_017583.1
0.0,0.0,0.0,0.0,0.0,0.0,0.0,0.0,0.0,0.0,0.0,0.0,0.014527845036319613,0.0012106537530266344,0.8050847457627118,0.006053268765133172,0.0,0.0,0.0,0.0,0.0,0.0,0.0,0.0,0.0,0.0,0.0,0.0,0.0,0.0,0.0,0.0012106537530266344,0.0,0.0,0.0,0.0,0.0,0.0,0.0012106537530266344,0.0,0.0,0.0,0.0,0.0,0.0,0.06779661016949153,0.0,0.0,0.0,0.0,0.0,0.0,0.0,0.0,0.0,0.0,0.0,0.0,0.10290556900726393,0.0,NC_017808.1
0.0,0.0,0.0,0.0012300123001230013,0.0,0.0,0.0,0.0,0.0,0.0,0.0,0.0,0.0024600246002460025,0.0012300123001230013,0.7884378843788438,0.0024600246002460025,0.0,0.0,0.0,0.0,0.0,0.0,0.0,0.0,0.0,0.0,0.0,0.0,0.0,0.0,0.0,0.0,0.0012300123001230013,0.0,0.0,0.0,0.0,0.0,0.0,0.0,0.0,0.0,0.0,0.0,0.0,0.07626076260762607,0.0,0.0,0.0,0.0,0.0,0.0,0.0,0.0,0.0,0.0,0.0,0.0,0.12669126691266913,0.0,NC_018747.1
0.0,0.0,0.0,0.0,0.0,0.0,0.0,0.0,0.0,0.0,0.0,0.0,0.0085995085995086,0.0036855036855036856,0.7788697788697788,0.002457002457002457,0.0,0.0,0.0,0.0,0.0,0.0,0.0,0.0,0.0,0.0,0.0,0.0,0.0,0.0,0.0,0.0,0.0012285012285012285,0.0,0.0,0.0,0.0,0.0,0.0,0.0,0.0,0.0,0.0,0.0,0.0,0.08230958230958231,0.0,0.0,0.0,0.0,0.0,0.0012285012285012285,0.0,0.0,0.0,0.0,0.0,0.0,0.12162162162162163,0.0,NC_018887.1
0.0,0.0,0.0,0.0,0.0,0.0,0.0,0.0,0.0,0.0,0.0,0.0,0.010895883777239709,0.0012106537530266344,0.7941888619854721,0.012106537530266344,0.0,0.0,0.0,0.0,0.0,0.0,0.0,0.0,0.0,0.0,0.0,0.0,0.0,0.0,0.0,0.0,0.0,0.0,0.0,0.0,0.0,0.0,0.0,0.0,0.0,0.0,0.0,0.0,0.0,0.06416464891041163,0.0,0.0,0.0,0.0,0.0,0.0,0.0,0.0,0.0,0.0,0.0,0.0,0.11743341404358354,0.0,NC_022079.2
0.0,0.0,0.0,0.0,0.0,0.0,0.0,0.0,0.0,0.0,0.0,0.0,0.0021712158808933004,0.0009305210918114144,0.8588709677419355,0.002791563275434243,0.0,0.00031017369727047146,0.0,0.0,0.0,0.00031017369727047146,0.00031017369727047146,0.0,0.0,0.0,0.0,0.0,0.0,0.0006203473945409429,0.0,0.0,0.0,0.0,0.0,0.0,0.0,0.0,0.0,0.0,0.0,0.00031017369727047146,0.00031017369727047146,0.0006203473945409429,0.0,0.09181141439205956,0.0,0.0,0.0,0.0,0.0,0.0,0.0,0.0,0.0,0.0,0.0,0.0,0.040632754342431764,0.0,NC_023035.1
0.0,0.0,0.0,0.0,0.0,0.0,0.0,0.0,0.0,0.0,0.0,0.0,0.012254901960784314,0.0024509803921568627,0.8075980392156863,0.00980392156862745,0.0,0.0,0.0,0.0,0.0,0.0,0.0,0.0,0.0,0.0,0.0,0.0,0.0,0.0,0.0,0.0,0.0,0.0,0.0,0.0,0.0012254901960784314,0.0,0.0,0.0,0.0,0.0,0.0,0.0,0.0,0.061274509803921566,0.0,0.0,0.0,0.0,0.0,0.0,0.0,0.0,0.0,0.0,0.0,0.0,0.1053921568627451,0.0,NZ_CP004267.1
0.0,0.0,0.0,0.0,0.0,0.0,0.0,0.0,0.0,0.0,0.0,0.0,0.008484848484848486,0.0,0.7866666666666666,0.008484848484848486,0.0,0.0,0.0,0.0,0.0,0.0,0.0,0.0,0.0,0.0,0.0,0.0,0.0,0.0036363636363636364,0.0,0.0,0.0,0.0,0.0,0.0,0.0,0.0,0.0,0.0,0.0,0.0,0.0,0.0,0.0,0.07636363636363637,0.0,0.0,0.0,0.0,0.0,0.0,0.0,0.0,0.0,0.0,0.0,0.0,0.11636363636363636,0.0,NZ_CP005745.1
0.0,0.0,0.0,0.0,0.0,0.0,0.0,0.0,0.0,0.0,0.0,0.0,0.01707317073170732,0.0012195121951219512,0.7804878048780488,0.006097560975609756,0.0,0.0,0.0,0.0,0.0,0.0,0.0,0.0,0.0,0.0,0.0,0.0,0.0,0.0012195121951219512,0.0,0.0,0.0,0.0,0.0,0.0,0.0,0.0,0.0,0.0,0.0,0.0,0.0,0.0,0.0,0.08292682926829269,0.0,0.0,0.0,0.0,0.0,0.0,0.0,0.0,0.0,0.0,0.0,0.0,0.11097560975609756,0.0,NZ_CP005829.1
0.0,0.0,0.0,0.0,0.0,0.0,0.0,0.0,0.0,0.0,0.0,0.0,0.01076555023923445,0.0011961722488038277,0.8157894736842105,0.007177033492822967,0.0,0.0,0.0,0.0,0.0,0.0,0.0,0.0,0.0,0.0,0.0,0.0,0.0,0.0,0.0,0.0,0.0,0.0,0.0,0.0,0.0,0.0,0.0,0.0,0.0,0.0,0.0,0.0,0.0,0.061004784688995214,0.0,0.0,0.0,0.0,0.0,0.0,0.0,0.0,0.0,0.0,0.0,0.0,0.10406698564593302,0.0,NZ_CP005851.2
0.0,0.0,0.0,0.0,0.0,0.0,0.0,0.0,0.0,0.0,0.0,0.0,0.010869565217391304,0.0012077294685990338,0.782608695652174,0.012077294685990338,0.0,0.0,0.0,0.0,0.0,0.0,0.0,0.0,0.0,0.0,0.0,0.0,0.0,0.0012077294685990338,0.0,0.0,0.0,0.0,0.0,0.0,0.0,0.0,0.0,0.0,0.0,0.0,0.0,0.0,0.0,0.07246376811594203,0.0,0.0,0.0,0.0,0.0,0.0,0.0,0.0,0.0,0.0,0.0,0.0,0.11956521739130435,0.0,NZ_CP017126.1
0.0,0.0,0.0,0.0,0.0,0.0,0.0,0.0,0.0,0.0,0.0003790750568612585,0.0011372251705837756,0.006444275966641395,0.002274450341167551,0.8635329795299469,0.00796057619408643,0.0003790750568612585,0.0,0.0003790750568612585,0.0,0.0,0.0,0.0,0.0,0.0,0.0,0.0,0.0,0.0,0.0011372251705837756,0.0,0.0,0.0003790750568612585,0.0,0.000758150113722517,0.0003790750568612585,0.0,0.0,0.0,0.0003790750568612585,0.0003790750568612585,0.0,0.0,0.0,0.0,0.05724033358605004,0.001516300227445034,0.000758150113722517,0.0,0.0,0.0,0.0,0.0003790750568612585,0.0,0.0003790750568612585,0.0003790750568612585,0.0,0.0,0.05344958301743745,0.0,NZ_CP027018.1
0.0,0.0,0.0,0.0,0.0,0.0,0.0,0.0,0.0,0.0,0.0,0.0,0.009195402298850575,0.0022988505747126436,0.7942528735632184,0.009195402298850575,0.0,0.0,0.0,0.0,0.0,0.0,0.0,0.0,0.0,0.0,0.0,0.0,0.0,0.0,0.0,0.0,0.0,0.0,0.0,0.0,0.0,0.0,0.0,0.0,0.0,0.0,0.0,0.0,0.0,0.07931034482758621,0.0,0.0,0.0,0.0,0.0,0.0,0.0,0.0,0.0,0.0,0.0011494252873563218,0.0,0.10459770114942529,0.0,NZ_CP028884.1
0.0,0.0,0.0,0.0,0.0,0.0,0.0,0.0,0.0,0.0,0.0,0.0,0.0036568213783403658,0.001969057665260197,0.8534458509142053,0.002250351617440225,0.0,0.0,0.0,0.0,0.0,0.0,0.0,0.0,0.00028129395218002813,0.0,0.0,0.0,0.0,0.001969057665260197,0.00028129395218002813,0.0,0.00028129395218002813,0.0,0.0,0.0,0.0,0.0,0.0,0.0,0.0,0.0,0.0,0.0,0.0,0.06188466947960619,0.0,0.0,0.0,0.0,0.0,0.0,0.0,0.0,0.00028129395218002813,0.0,0.0,0.0,0.07369901547116738,0.0,NZ_CP036150.1
0.0007437709185570844,0.0,0.0,0.0003718854592785422,0.0,0.0,0.0,0.0,0.0007437709185570844,0.0,0.0,0.0,0.004090740052063964,0.0014875418371141688,0.8906656749721086,0.002231312755671253,0.0,0.0,0.0,0.0,0.0,0.0,0.0,0.0,0.0,0.0,0.0,0.0,0.0,0.0007437709185570844,0.0,0.0,0.0003718854592785422,0.0007437709185570844,0.0003718854592785422,0.0003718854592785422,0.0,0.0,0.0,0.0,0.0007437709185570844,0.0,0.0003718854592785422,0.0,0.0,0.04871699516548903,0.0,0.0,0.0,0.0003718854592785422,0.0,0.0,0.0003718854592785422,0.0,0.0,0.0,0.0,0.0,0.045741911491260695,0.0007437709185570844,NZ_CP038800.1
0.0,0.0,0.0,0.0007326007326007326,0.0,0.0,0.0,0.0003663003663003663,0.0007326007326007326,0.0,0.0,0.0,0.002564102564102564,0.0003663003663003663,0.9032967032967033,0.001098901098901099,0.0,0.0,0.0,0.0,0.0,0.0,0.0003663003663003663,0.0,0.0003663003663003663,0.0,0.0,0.0,0.0,0.0007326007326007326,0.0003663003663003663,0.0,0.0003663003663003663,0.0007326007326007326,0.0003663003663003663,0.0,0.0003663003663003663,0.0,0.0003663003663003663,0.0,0.0,0.0,0.0,0.0,0.0,0.041758241758241756,0.0,0.0,0.0,0.0,0.0,0.0,0.0,0.0,0.0003663003663003663,0.0,0.0,0.0,0.04468864468864469,0.0,NZ_CP038802.1
0.0,0.0,0.0,0.0,0.0,0.0,0.0,0.0,0.0,0.0,0.0,0.0,0.004842615012106538,0.002421307506053269,0.7796610169491526,0.0012106537530266344,0.0,0.0,0.0,0.0,0.0,0.0,0.0,0.0,0.0,0.0,0.0,0.0,0.0,0.0,0.0,0.0,0.0012106537530266344,0.0,0.0,0.0,0.0,0.0,0.0,0.0,0.0,0.0,0.0,0.0,0.0,0.08232445520581114,0.0,0.0,0.0,0.0,0.0,0.0012106537530266344,0.0,0.0,0.0,0.0,0.0,0.0,0.12590799031476999,0.0012106537530266344,NZ_CP042238.1
0.0006668889629876625,0.0006668889629876625,0.0,0.0,0.0,0.0,0.0,0.0,0.0,0.0,0.0,0.0010003334444814939,0.004334778259419807,0.001333777925975325,0.8702900966988997,0.003334444814938313,0.0,0.0,0.00033344448149383126,0.0,0.0,0.00033344448149383126,0.00033344448149383126,0.0,0.0,0.0,0.0006668889629876625,0.0,0.0,0.0006668889629876625,0.0,0.00266755585195065,0.00033344448149383126,0.0,0.0006668889629876625,0.0,0.0,0.0,0.0,0.00033344448149383126,0.0,0.0,0.0,0.0,0.0,0.06035345115038346,0.0006668889629876625,0.00033344448149383126,0.0,0.0,0.0,0.0,0.0,0.0,0.00033344448149383126,0.0,0.0,0.0,0.05035011670556852,0.0,NZ_CP042813.1
0.0,0.0,0.0,0.0,0.0,0.0,0.0,0.0,0.0,0.0,0.0,0.0,0.009852216748768473,0.0,0.7770935960591133,0.003694581280788177,0.0,0.0,0.0,0.0,0.0,0.0,0.0,0.0,0.0,0.0,0.0,0.0,0.0,0.0,0.0,0.0,0.0012315270935960591,0.0,0.0,0.0,0.0,0.0,0.0,0.0,0.0,0.0,0.0,0.0,0.0,0.08004926108374384,0.0,0.0,0.0,0.0,0.0,0.0,0.0,0.0,0.0,0.0,0.0,0.0,0.12807881773399016,0.0,NZ_CP044535.1
0.0,0.0,0.0,0.0,0.0,0.0,0.0,0.0,0.0,0.0,0.0,0.0,0.0097442143727162,0.001218026796589525,0.7892813641900122,0.013398294762484775,0.0,0.0,0.0,0.0,0.0,0.0,0.0,0.0,0.0,0.0,0.0,0.0,0.0,0.0,0.0,0.0,0.0,0.0,0.0,0.0,0.0,0.0,0.0,0.0,0.0,0.0,0.0,0.0,0.0,0.07186358099878197,0.0,0.0,0.0,0.0,0.0,0.0,0.0,0.0,0.0,0.0,0.0,0.0,0.1120584652862363,0.00243605359317905,NZ_CP044625.1
0.00034904013961605586,0.0006980802792321117,0.0,0.00034904013961605586,0.0,0.0,0.0,0.0,0.0,0.0,0.0,0.0,0.0010471204188481676,0.004188481675392671,0.8795811518324608,0.0038394415357766143,0.0,0.0,0.0,0.0,0.0,0.0,0.00034904013961605586,0.00034904013961605586,0.0,0.0,0.0,0.0,0.0,0.0006980802792321117,0.0,0.0,0.0006980802792321117,0.0,0.00034904013961605586,0.00034904013961605586,0.00034904013961605586,0.0,0.00034904013961605586,0.0,0.0,0.0,0.0,0.0,0.00034904013961605586,0.05619546247818499,0.0,0.0,0.0,0.0,0.0,0.0,0.0,0.00034904013961605586,0.0006980802792321117,0.00034904013961605586,0.0006980802792321117,0.0,0.047818499127399654,0.0,NZ_CP048020.1
0.0,0.0,0.0,0.0,0.0,0.0,0.0,0.0,0.0,0.0,0.0,0.0,0.0017520805957074025,0.0008760402978537013,0.9093298291721419,0.001314060446780552,0.0,0.0,0.0,0.0,0.0,0.0,0.0,0.0,0.0,0.0,0.0,0.0,0.0,0.001314060446780552,0.0,0.0,0.0004380201489268506,0.0,0.0,0.0,0.0,0.0,0.0,0.0,0.0,0.0,0.0,0.0,0.0,0.04818221638195357,0.0004380201489268506,0.0,0.0,0.0,0.0,0.0,0.0,0.0,0.0,0.0,0.0,0.0,0.03591765221200175,0.0004380201489268506,NZ_CP054142.1
0.0,0.0,0.0012239902080783353,0.0,0.0,0.0,0.0,0.0,0.0,0.0,0.0,0.0004079967360261118,0.0016319869441044472,0.0016319869441044472,0.9041207670338637,0.0004079967360261118,0.0,0.0004079967360261118,0.0,0.0,0.0,0.0,0.0,0.0,0.0,0.0004079967360261118,0.0,0.0,0.0,0.0012239902080783353,0.0,0.0004079967360261118,0.0004079967360261118,0.0,0.0,0.0,0.0,0.0,0.0,0.0,0.0,0.0,0.0004079967360261118,0.0,0.0,0.05671154630762954,0.0,0.0,0.0,0.0,0.0,0.0,0.0,0.0004079967360261118,0.0,0.0,0.0,0.0,0.03019175846593227,0.0,NZ_CP054258.1
0.0003669724770642202,0.0,0.0003669724770642202,0.0003669724770642202,0.0,0.0,0.0,0.0,0.0,0.0,0.0,0.0,0.005137614678899082,0.0022018348623853213,0.8873394495412844,0.003669724770642202,0.0003669724770642202,0.0,0.0,0.0,0.0,0.0,0.0,0.0,0.0,0.0003669724770642202,0.0003669724770642202,0.0,0.0,0.0,0.0003669724770642202,0.0007339449541284404,0.0011009174311926607,0.0,0.0,0.0,0.0,0.0,0.0,0.0003669724770642202,0.0007339449541284404,0.0,0.0007339449541284404,0.0,0.0,0.04330275229357798,0.0,0.0,0.0007339449541284404,0.0,0.0,0.0,0.0,0.0,0.0,0.0,0.0003669724770642202,0.0,0.050275229357798164,0.0007339449541284404,NZ_CP061839.1
0.0,0.0,0.0,0.0,0.0,0.0,0.0,0.0,0.0,0.0,0.0,0.00040966816878328555,0.0016386726751331422,0.0020483408439164277,0.8869315854158132,0.005735354362965997,0.0,0.0,0.0,0.0,0.0,0.0,0.0,0.0,0.0,0.0,0.0,0.0,0.0,0.0012290045063498567,0.0,0.0008193363375665711,0.00040966816878328555,0.0,0.0,0.0,0.0,0.0,0.0,0.0,0.0,0.0,0.0,0.0,0.00040966816878328555,0.04383449405981155,0.00040966816878328555,0.0,0.0,0.0,0.00040966816878328555,0.0,0.0,0.0,0.0,0.0,0.0,0.0,0.05571487095452683,0.0,NZ_CP064936.1
0.0,0.0,0.0,0.0,0.0,0.0,0.0,0.0,0.0,0.0,0.0,0.0,0.00024437927663734115,0.001466275659824047,0.8866080156402737,0.0004887585532746823,0.0,0.0,0.0,0.0,0.0,0.0,0.0,0.0,0.0,0.0,0.0,0.0,0.00024437927663734115,0.0012218963831867058,0.0,0.0,0.0,0.0,0.00024437927663734115,0.0,0.0,0.0,0.0,0.0,0.00024437927663734115,0.0,0.0,0.0,0.0,0.07771260997067449,0.0,0.0,0.0,0.0,0.0,0.0,0.0,0.0,0.0,0.0,0.0,0.0,0.03152492668621701,0.0,NZ_CP067089.2
0.0,0.0,0.0,0.0,0.0,0.0,0.0,0.0,0.0,0.0,0.0,0.0,0.004796163069544364,0.002398081534772182,0.8117505995203836,0.002398081534772182,0.0,0.0,0.0,0.0,0.0,0.0,0.0,0.0,0.0,0.0,0.0,0.0,0.0,0.001199040767386091,0.0,0.0,0.0,0.0,0.0,0.0,0.0,0.0,0.0,0.0,0.0,0.0,0.0,0.0,0.0,0.0671462829736211,0.0,0.0,0.0,0.0,0.0,0.0,0.0,0.0,0.0,0.0,0.0,0.0,0.11031175059952038,0.0,NZ_CP073220.1
0.0,0.0,0.0,0.0,0.0,0.0,0.0,0.0,0.0,0.0,0.0,0.0,0.00245398773006135,0.001226993865030675,0.7914110429447853,0.0036809815950920245,0.0,0.0,0.0,0.0,0.0,0.0,0.0,0.0,0.0,0.0,0.0,0.0,0.0,0.0,0.0,0.0,0.001226993865030675,0.0,0.0,0.0,0.0,0.0,0.0,0.0,0.0,0.0,0.0,0.0,0.0,0.07484662576687116,0.0,0.0,0.0,0.0,0.0,0.0,0.0,0.0,0.0,0.0,0.0,0.0,0.12515337423312883,0.0,NZ_CP075217.1
0.0,0.0,0.0,0.0,0.0,0.0,0.0,0.0,0.0,0.0,0.0,0.0,0.010804321728691477,0.0024009603841536613,0.7995198079231692,0.006002400960384154,0.0,0.0,0.0,0.0,0.0,0.0,0.0,0.0,0.0,0.0,0.0,0.0,0.0,0.0012004801920768306,0.0,0.0,0.0,0.0,0.0,0.0,0.0,0.0,0.0,0.0,0.0,0.0,0.0,0.0,0.0,0.06962785114045618,0.0,0.0,0.0,0.0,0.0,0.0,0.0,0.0,0.0,0.0,0.0,0.0,0.11044417767106843,0.0,NZ_CP075379.1
0.0,0.0,0.0,0.0,0.0,0.0,0.0,0.0,0.0,0.0,0.0,0.0,0.004830917874396135,0.0012077294685990338,0.8019323671497585,0.0024154589371980675,0.0,0.0,0.0,0.0,0.0,0.0,0.0,0.0,0.0,0.0,0.0,0.0,0.0,0.0012077294685990338,0.0,0.0,0.0,0.0,0.0,0.0,0.0,0.0,0.0,0.0,0.0,0.0,0.0,0.0,0.0,0.07729468599033816,0.0,0.0,0.0,0.0,0.0,0.0,0.0,0.0,0.0,0.0,0.0012077294685990338,0.0,0.10990338164251208,0.0,NZ_CP084623.1
0.0009861932938856016,0.0,0.0,0.0,0.0,0.0003287310979618672,0.0,0.0,0.0,0.0,0.0,0.0,0.006903353057199211,0.005588428665351742,0.8297172912557528,0.006903353057199211,0.0,0.0,0.0,0.0,0.0,0.0,0.0003287310979618672,0.0,0.0,0.0,0.0,0.0,0.0006574621959237344,0.006245890861275477,0.0003287310979618672,0.0,0.0003287310979618672,0.0003287310979618672,0.0,0.0,0.0003287310979618672,0.0003287310979618672,0.0,0.0,0.0,0.0,0.0,0.0,0.0,0.084155161078238,0.0003287310979618672,0.0,0.0003287310979618672,0.0,0.0,0.0,0.0,0.0,0.0003287310979618672,0.0,0.0,0.0003287310979618672,0.055226824457593686,0.0,NZ_CP084606.1
0.0,0.0,0.0,0.0,0.0,0.0,0.0,0.0,0.0,0.0,0.0,0.0,0.0,0.00030845157310302283,0.9016039481801357,0.0006169031462060457,0.0,0.0,0.0,0.0,0.0,0.0,0.0,0.0,0.0,0.0,0.0,0.0,0.0,0.0006169031462060457,0.0,0.0,0.00030845157310302283,0.0,0.0,0.0,0.0,0.0,0.0,0.0,0.0,0.0,0.0,0.0,0.0,0.06785934608266501,0.0,0.0,0.0,0.0,0.0,0.0,0.0,0.0,0.0,0.0,0.0,0.0,0.028685996298581123,0.0,NZ_CP094929.1
0.0,0.0,0.0,0.0,0.0,0.0,0.0,0.0,0.0,0.0,0.0,0.0,0.0,0.003956478733926805,0.6706231454005934,0.0009891196834817012,0.0,0.0,0.0,0.0,0.0,0.0,0.0,0.0,0.0,0.0,0.0,0.0,0.0,0.0009891196834817012,0.0,0.0,0.0009891196834817012,0.0,0.0,0.0,0.0,0.0009891196834817012,0.0,0.0,0.0,0.0,0.0009891196834817012,0.0009891196834817012,0.0,0.27695351137487634,0.0,0.0,0.0,0.0,0.0,0.0,0.0,0.0,0.0,0.0,0.0,0.0,0.04253214638971316,0.0,NC_000919.1
0.0,0.0,0.0,0.0,0.0,0.0,0.0,0.0,0.0,0.0,0.0,0.0,0.0010183299389002036,0.002036659877800407,0.685336048879837,0.0,0.0,0.0,0.0,0.0,0.0,0.0,0.0,0.0,0.0,0.0,0.0,0.0,0.0,0.003054989816700611,0.0,0.0,0.0010183299389002036,0.0,0.0010183299389002036,0.0,0.0,0.0,0.0,0.0,0.0,0.0,0.0010183299389002036,0.0,0.0,0.27189409368635437,0.0,0.0,0.0,0.0,0.0,0.0,0.0,0.0,0.0,0.0,0.0,0.0,0.03360488798370672,0.0,NC_015714.1
0.0,0.0,0.0,0.0,0.0,0.0,0.0,0.0,0.0,0.0,0.0,0.0,0.0,0.003051881993896236,0.681586978636826,0.0,0.0,0.0,0.0,0.0,0.0,0.0,0.0,0.0,0.0,0.0,0.0,0.0,0.0,0.002034587995930824,0.0,0.0,0.001017293997965412,0.0,0.0,0.0,0.0,0.0,0.0,0.0,0.0,0.0,0.001017293997965412,0.002034587995930824,0.0,0.2685656154628688,0.0,0.0,0.0,0.0,0.0,0.0,0.0,0.0,0.0,0.0,0.0,0.0,0.04069175991861648,0.0,NC_016842.1
0.0,0.0,0.0,0.0,0.0,0.0,0.0,0.0,0.0,0.0,0.0,0.0,0.006142506142506142,0.0012285012285012285,0.7837837837837838,0.0012285012285012285,0.0,0.0,0.0,0.0,0.0,0.0,0.0,0.0,0.0,0.0,0.0,0.0,0.0,0.0,0.0,0.0,0.0012285012285012285,0.0,0.0,0.0,0.0,0.0,0.0,0.0,0.0,0.0,0.0,0.0,0.0,0.07616707616707617,0.0,0.0,0.0,0.0,0.0,0.0,0.0,0.0,0.0,0.0,0.0,0.0,0.13022113022113022,0.0,NC_017717.1
0.0,0.0,0.0,0.0,0.0,0.0,0.0,0.0,0.0,0.0,0.0,0.0,0.006024096385542169,0.0,0.8060240963855422,0.0012048192771084338,0.0,0.0,0.0,0.0,0.0,0.0,0.0,0.0,0.0,0.0,0.0,0.0,0.0,0.0012048192771084338,0.0,0.0,0.0,0.0,0.0,0.0,0.0,0.0,0.0,0.0,0.0,0.0,0.0,0.0,0.0,0.07710843373493977,0.0,0.0,0.0,0.0,0.0,0.0,0.0,0.0,0.0,0.0,0.0,0.0,0.10843373493975904,0.0,NZ_CP005680.1
0.0,0.0,0.0,0.0,0.0,0.0,0.0,0.0,0.0,0.0,0.0,0.0,0.0,0.0030425963488843813,0.6774847870182555,0.0,0.0,0.0,0.0,0.0,0.0,0.0,0.0,0.0,0.0,0.0,0.0,0.0,0.0,0.002028397565922921,0.0,0.0,0.0010141987829614604,0.0,0.0,0.0,0.0,0.0,0.0,0.0,0.0,0.0,0.0010141987829614604,0.002028397565922921,0.0,0.27079107505070993,0.0010141987829614604,0.0,0.0,0.0,0.0,0.0,0.0,0.0,0.0,0.0,0.0,0.0,0.04158215010141988,0.0,NC_016843.1
0.0,0.0,0.0,0.0,0.0,0.0,0.0,0.0,0.0,0.0,0.0,0.0,0.0,0.0030425963488843813,0.6845841784989858,0.0,0.0,0.0,0.0,0.0,0.0,0.0,0.0,0.0,0.0,0.0,0.0,0.0,0.0,0.0010141987829614604,0.0,0.0,0.0010141987829614604,0.0,0.0,0.0,0.0,0.0,0.0,0.0,0.0,0.0,0.0010141987829614604,0.0010141987829614604,0.0,0.2697768762677485,0.0,0.0,0.0,0.0,0.0,0.0,0.0,0.0,0.0,0.0,0.0,0.0,0.038539553752535496,0.0,NC_016844.1
0.0,0.0,0.0,0.0,0.0,0.0,0.0,0.0,0.0,0.0,0.0,0.0,0.0,0.0030425963488843813,0.6774847870182555,0.0,0.0,0.0,0.0,0.0,0.0,0.0,0.0,0.0,0.0,0.0,0.0,0.0,0.0,0.002028397565922921,0.0,0.0,0.0010141987829614604,0.0,0.0,0.0,0.0,0.0,0.0,0.0,0.0,0.0,0.0010141987829614604,0.002028397565922921,0.0,0.2697768762677485,0.0,0.0,0.0,0.0,0.0,0.0,0.0,0.0,0.0,0.0,0.0,0.0,0.0436105476673428,0.0,NC_016848.1
0.0,0.0,0.0,0.0,0.0,0.0,0.0,0.0,0.0,0.0,0.0,0.0,0.0,0.00303951367781155,0.684903748733536,0.0,0.0,0.0,0.0,0.0,0.0,0.0,0.0,0.0,0.0,0.0,0.0,0.0,0.0,0.0010131712259371835,0.0,0.0,0.0010131712259371835,0.0,0.0,0.0,0.0,0.0,0.0,0.0,0.0,0.0,0.0010131712259371835,0.0,0.0,0.2684903748733536,0.0,0.0,0.0,0.0,0.0,0.0,0.0,0.0,0.0,0.0,0.0,0.0,0.040526849037487336,0.0,NC_018722.1
0.0,0.0,0.0,0.0,0.0,0.0,0.0,0.0,0.0,0.0,0.0,0.0,0.0,0.00303951367781155,0.6828774062816616,0.0,0.0,0.0,0.0,0.0,0.0,0.0,0.0,0.0,0.0,0.0,0.0,0.0,0.0,0.002026342451874367,0.0,0.0,0.0010131712259371835,0.0,0.0,0.0,0.0,0.0,0.0,0.0,0.0,0.0,0.0010131712259371835,0.002026342451874367,0.0,0.2674772036474164,0.0,0.0,0.0,0.0,0.0,0.0,0.0,0.0,0.0,0.0,0.0,0.0,0.040526849037487336,0.0,NC_021179.1
0.0,0.0,0.0,0.0,0.0,0.0,0.0,0.0,0.0,0.0,0.0,0.0,0.0,0.003036437246963563,0.6831983805668016,0.0010121457489878543,0.0,0.0,0.0,0.0,0.0,0.0,0.0,0.0,0.0,0.0,0.0,0.0,0.0,0.0010121457489878543,0.0,0.0,0.0010121457489878543,0.0,0.0,0.0,0.0,0.0,0.0,0.0,0.0,0.0,0.0010121457489878543,0.0010121457489878543,0.0,0.2702429149797571,0.0,0.0,0.0,0.0,0.0,0.0,0.0,0.0,0.0,0.0,0.0,0.0,0.038461538461538464,0.0,NC_021490.2
0.0,0.0,0.0,0.0,0.0,0.0,0.0,0.0,0.0,0.0,0.0,0.0,0.0,0.003036437246963563,0.6852226720647774,0.0,0.0,0.0,0.0,0.0,0.0,0.0,0.0,0.0,0.0,0.0,0.0,0.0,0.0,0.0010121457489878543,0.0,0.0,0.0010121457489878543,0.0,0.0,0.0,0.0,0.0,0.0,0.0,0.0,0.0,0.0010121457489878543,0.0,0.0,0.2692307692307692,0.0,0.0,0.0,0.0,0.0,0.0,0.0,0.0,0.0,0.0,0.0,0.0,0.039473684210526314,0.0,NC_021508.1
0.0,0.0,0.0,0.0,0.0,0.0,0.0,0.0,0.0,0.0,0.0,0.0,0.0,0.00303951367781155,0.6808510638297872,0.0,0.0,0.0,0.0,0.0,0.0,0.0,0.0,0.0,0.0,0.0,0.0,0.0,0.0,0.0010131712259371835,0.0,0.0,0.0010131712259371835,0.0,0.0,0.0,0.0,0.0,0.0,0.0,0.0,0.0,0.0010131712259371835,0.0010131712259371835,0.0,0.2735562310030395,0.0,0.0,0.0,0.0,0.0,0.0,0.0,0.0,0.0,0.0,0.0,0.0,0.03850050658561297,0.0,NZ_CP010559.1
0.0,0.0,0.0,0.0,0.0,0.0,0.0,0.0,0.0,0.0,0.0,0.0,0.0085995085995086,0.002457002457002457,0.7825552825552825,0.0012285012285012285,0.0,0.0,0.0,0.0,0.0,0.0,0.0,0.0,0.0,0.0,0.0,0.0,0.0,0.0,0.0,0.0,0.0012285012285012285,0.0,0.0,0.0,0.0,0.0,0.0,0.0,0.0,0.0,0.0,0.0,0.0,0.08108108108108109,0.0,0.0,0.0,0.0,0.0,0.0012285012285012285,0.0,0.0,0.0,0.0,0.0,0.0,0.12162162162162163,0.0,NZ_CP009212.1
0.0,0.0,0.0,0.0,0.0,0.0,0.00040966816878328555,0.0,0.0,0.0,0.0,0.0,0.00040966816878328555,0.00040966816878328555,0.9029086439983613,0.004506349856616141,0.0,0.0,0.0,0.0,0.0,0.00040966816878328555,0.0,0.0,0.0,0.00040966816878328555,0.00040966816878328555,0.0,0.0,0.0012290045063498567,0.0,0.0,0.00040966816878328555,0.0,0.0,0.00040966816878328555,0.0,0.0,0.00040966816878328555,0.0,0.0,0.0,0.0,0.00040966816878328555,0.0,0.05366653011061041,0.0,0.0,0.0,0.0,0.0,0.00040966816878328555,0.0,0.0,0.0,0.0,0.0,0.0,0.03318312167144613,0.0,NZ_CP009227.1
0.0,0.0,0.0,0.0,0.0,0.0,0.0,0.0,0.0,0.0,0.0,0.0,0.010869565217391304,0.0012077294685990338,0.7946859903381642,0.012077294685990338,0.0,0.0,0.0,0.0,0.0,0.0,0.0,0.0,0.0,0.0,0.0,0.0,0.0,0.0,0.0,0.0,0.0,0.0,0.0,0.0,0.0,0.0,0.0,0.0,0.0,0.0,0.0,0.0,0.0,0.06763285024154589,0.0,0.0,0.0,0.0,0.0,0.0,0.0,0.0,0.0,0.0,0.0,0.0,0.11352657004830918,0.0,NZ_CP010308.1
0.0,0.0,0.0,0.0,0.0,0.0,0.0,0.0,0.0,0.0,0.0,0.0,0.009650180940892641,0.0012062726176115801,0.8009650180940893,0.0036188178528347406,0.0,0.0,0.0,0.0,0.0,0.0,0.0,0.0,0.0,0.0,0.0,0.0,0.0,0.0012062726176115801,0.0,0.0,0.0,0.0,0.0,0.0,0.0,0.0,0.0,0.0,0.0,0.0,0.0,0.0,0.0,0.0735826296743064,0.0,0.0,0.0,0.0,0.0,0.0,0.0,0.0,0.0,0.0,0.0012062726176115801,0.0,0.10856453558504221,0.0,NZ_CP011060.1
0.0,0.0,0.0,0.0,0.0,0.0,0.0,0.0,0.0,0.0,0.0,0.0,0.014705882352941176,0.0012254901960784314,0.7867647058823529,0.003676470588235294,0.0,0.0,0.0,0.0,0.0,0.0,0.0,0.0,0.0,0.0,0.0,0.0,0.0,0.0012254901960784314,0.0,0.0,0.0,0.0,0.0,0.0,0.0,0.0,0.0,0.0,0.0,0.0,0.0,0.0,0.0,0.08455882352941177,0.0,0.0,0.0,0.0,0.0,0.0,0.0,0.0,0.0,0.0,0.0,0.0,0.10784313725490197,0.0,NZ_CP013704.1
0.0,0.0,0.0,0.0,0.0,0.0,0.0,0.0,0.0,0.0,0.0,0.0,0.006134969325153374,0.0,0.7877300613496933,0.001226993865030675,0.0,0.0,0.0,0.0,0.0,0.0,0.0,0.0,0.0,0.0,0.0,0.0,0.0,0.0,0.0,0.0,0.001226993865030675,0.0,0.0,0.0,0.0,0.0,0.0,0.0,0.0,0.0,0.0,0.0,0.0,0.0736196319018405,0.0,0.0,0.0,0.0,0.0,0.0,0.0,0.0,0.0,0.0,0.0,0.0,0.13006134969325153,0.0,NZ_CP015796.1
0.0,0.0,0.0,0.0,0.0,0.0,0.0,0.0,0.0,0.0,0.0,0.0,0.0,0.0,0.7903822441430333,0.0012330456226880395,0.0,0.0,0.0,0.0,0.0,0.0,0.0,0.0,0.0,0.0,0.0,0.0,0.0,0.0,0.0,0.0,0.0012330456226880395,0.0,0.0,0.0,0.0,0.0,0.0,0.0,0.0,0.0,0.0,0.0,0.0,0.0690505548705302,0.0,0.0,0.0,0.0,0.0,0.0,0.0,0.0,0.0,0.0,0.0,0.0,0.1381011097410604,0.0,NZ_CP017201.2
0.0,0.0,0.0008077544426494346,0.0,0.0004038772213247173,0.0,0.0008077544426494346,0.0,0.0,0.0,0.0,0.0,0.0036348949919224557,0.0012116316639741518,0.8937802907915994,0.0016155088852988692,0.0,0.0,0.0,0.0,0.0,0.0,0.0,0.0,0.0,0.0,0.0,0.0,0.0,0.0012116316639741518,0.0,0.0,0.0004038772213247173,0.0,0.0004038772213247173,0.0004038772213247173,0.0,0.0,0.0,0.0,0.0,0.0,0.0,0.0,0.0,0.05533117932148627,0.0,0.0,0.0,0.0,0.0,0.0,0.0,0.0004038772213247173,0.0004038772213247173,0.0,0.0,0.0,0.03917609046849758,0.0,NZ_CP027017.1
0.00029976019184652276,0.0,0.00029976019184652276,0.0,0.0,0.0,0.0,0.0,0.0,0.0,0.0,0.0,0.0032973621103117505,0.001199040767386091,0.8195443645083933,0.007194244604316547,0.0,0.0,0.0,0.0,0.0,0.0,0.0,0.0,0.0,0.0,0.0,0.0,0.0,0.00029976019184652276,0.0,0.0,0.00029976019184652276,0.0,0.0,0.0,0.0,0.0,0.0,0.00029976019184652276,0.0,0.0,0.0,0.00029976019184652276,0.0,0.08213429256594725,0.0,0.0,0.0,0.00029976019184652276,0.0,0.0,0.0,0.0,0.0,0.0,0.0,0.0,0.08453237410071943,0.0,NZ_CP035807.1
0.0,0.0004108463434675431,0.0,0.0,0.0,0.0,0.0,0.0,0.0,0.0,0.0,0.0008216926869350862,0.004108463434675432,0.0008216926869350862,0.8672966310599836,0.007395234182415777,0.0,0.0,0.0004108463434675431,0.0,0.0,0.0,0.0,0.0,0.0,0.0004108463434675431,0.0,0.0,0.0,0.0008216926869350862,0.0,0.0004108463434675431,0.0004108463434675431,0.0,0.0008216926869350862,0.0,0.0004108463434675431,0.0,0.0,0.0004108463434675431,0.0,0.0,0.0,0.0,0.0,0.06368118323746919,0.0004108463434675431,0.0004108463434675431,0.0,0.0,0.0,0.0,0.0,0.0,0.0004108463434675431,0.0,0.0,0.0,0.05012325390304026,0.0,NZ_CP031394.1
